2025-03-14 14:45:53,162 - INFO - Train loader: 485; Test loader: 15
2025-03-14 14:45:53,162 - INFO - LR: 0.0002; Epochs: 1500; Decay_steps: 150
2025-03-14 14:45:53,179 - INFO - LYT(
  (process_y): Sequential(
    (0): Conv2d(1, 32, kernel_size=(3, 3), stride=(1, 1), padding=(1, 1))
    (1): ReLU(inplace=True)
  )
  (process_cb): Sequential(
    (0): Conv2d(1, 32, kernel_size=(3, 3), stride=(1, 1), padding=(1, 1))
    (1): ReLU(inplace=True)
  )
  (process_cr): Sequential(
    (0): Conv2d(1, 32, kernel_size=(3, 3), stride=(1, 1), padding=(1, 1))
    (1): ReLU(inplace=True)
  )
  (denoiser_cb): Denoiser(
    (conv1): Conv2d(1, 16, kernel_size=(3, 3), stride=(1, 1), padding=(1, 1))
    (conv2): Conv2d(16, 16, kernel_size=(3, 3), stride=(2, 2), padding=(1, 1))
    (conv3): Conv2d(16, 16, kernel_size=(3, 3), stride=(2, 2), padding=(1, 1))
    (conv4): Conv2d(16, 16, kernel_size=(3, 3), stride=(2, 2), padding=(1, 1))
    (bottleneck): MultiHeadSelfAttention(
      (query_dense): Linear(in_features=16, out_features=16, bias=True)
      (key_dense): Linear(in_features=16, out_features=16, bias=True)
      (value_dense): Linear(in_features=16, out_features=16, bias=True)
      (combine_heads): Linear(in_features=16, out_features=16, bias=True)
    )
    (up2): Upsample(scale_factor=2.0, mode=nearest)
    (up3): Upsample(scale_factor=2.0, mode=nearest)
    (up4): Upsample(scale_factor=2.0, mode=nearest)
    (output_layer): Conv2d(1, 1, kernel_size=(3, 3), stride=(1, 1), padding=(1, 1))
    (res_layer): Conv2d(16, 1, kernel_size=(3, 3), stride=(1, 1), padding=(1, 1))
  )
  (denoiser_cr): Denoiser(
    (conv1): Conv2d(1, 16, kernel_size=(3, 3), stride=(1, 1), padding=(1, 1))
    (conv2): Conv2d(16, 16, kernel_size=(3, 3), stride=(2, 2), padding=(1, 1))
    (conv3): Conv2d(16, 16, kernel_size=(3, 3), stride=(2, 2), padding=(1, 1))
    (conv4): Conv2d(16, 16, kernel_size=(3, 3), stride=(2, 2), padding=(1, 1))
    (bottleneck): MultiHeadSelfAttention(
      (query_dense): Linear(in_features=16, out_features=16, bias=True)
      (key_dense): Linear(in_features=16, out_features=16, bias=True)
      (value_dense): Linear(in_features=16, out_features=16, bias=True)
      (combine_heads): Linear(in_features=16, out_features=16, bias=True)
    )
    (up2): Upsample(scale_factor=2.0, mode=nearest)
    (up3): Upsample(scale_factor=2.0, mode=nearest)
    (up4): Upsample(scale_factor=2.0, mode=nearest)
    (output_layer): Conv2d(1, 1, kernel_size=(3, 3), stride=(1, 1), padding=(1, 1))
    (res_layer): Conv2d(16, 1, kernel_size=(3, 3), stride=(1, 1), padding=(1, 1))
  )
  (lum_pool): MaxPool2d(kernel_size=8, stride=8, padding=0, dilation=1, ceil_mode=False)
  (lum_mhsa): MultiHeadSelfAttention(
    (query_dense): Linear(in_features=32, out_features=32, bias=True)
    (key_dense): Linear(in_features=32, out_features=32, bias=True)
    (value_dense): Linear(in_features=32, out_features=32, bias=True)
    (combine_heads): Linear(in_features=32, out_features=32, bias=True)
  )
  (lum_up): Upsample(scale_factor=8.0, mode=nearest)
  (lum_conv): Conv2d(32, 32, kernel_size=(1, 1), stride=(1, 1))
  (ref_conv): Conv2d(64, 32, kernel_size=(1, 1), stride=(1, 1))
  (msef): MSEFBlock(
    (layer_norm): LayerNormalization(
      (norm): LayerNorm((32,), eps=1e-05, elementwise_affine=True)
    )
    (depthwise_conv): Conv2d(32, 32, kernel_size=(3, 3), stride=(1, 1), padding=(1, 1), groups=32)
    (se_attn): SEBlock(
      (pool): AdaptiveAvgPool2d(output_size=1)
      (fc1): Linear(in_features=32, out_features=2, bias=True)
      (fc2): Linear(in_features=2, out_features=32, bias=True)
    )
  )
  (recombine): Conv2d(64, 32, kernel_size=(3, 3), stride=(1, 1), padding=(1, 1))
  (final_adjustments): Conv2d(32, 3, kernel_size=(3, 3), stride=(1, 1), padding=(1, 1))
)
2025-03-14 14:45:54,461 - INFO - Training started.
2025-03-14 14:46:47,120 - INFO - Epoch 1/1500, PSNR: 19.110019, SSIM: 0.689673, LR: 2.000e-04
2025-03-14 14:46:47,219 - INFO - Saving model with PSNR: 19.110019
2025-03-14 14:47:35,192 - INFO - Epoch 2/1500, PSNR: 20.832402, SSIM: 0.723733, LR: 2.000e-04
2025-03-14 14:47:35,295 - INFO - Saving model with PSNR: 20.832402
2025-03-14 14:48:22,513 - INFO - Epoch 3/1500, PSNR: 21.215690, SSIM: 0.733022, LR: 1.999e-04
2025-03-14 14:48:22,617 - INFO - Saving model with PSNR: 21.215690
2025-03-14 14:49:10,535 - INFO - Epoch 4/1500, PSNR: 21.695509, SSIM: 0.754093, LR: 1.998e-04
2025-03-14 14:49:10,633 - INFO - Saving model with PSNR: 21.695509
2025-03-14 14:49:58,119 - INFO - Epoch 5/1500, PSNR: 22.348944, SSIM: 0.764030, LR: 1.997e-04
2025-03-14 14:49:58,222 - INFO - Saving model with PSNR: 22.348944
2025-03-14 14:50:45,598 - INFO - Epoch 6/1500, PSNR: 22.733260, SSIM: 0.771958, LR: 1.995e-04
2025-03-14 14:50:45,701 - INFO - Saving model with PSNR: 22.733260
2025-03-14 14:51:33,367 - INFO - Epoch 7/1500, PSNR: 22.460026, SSIM: 0.772255, LR: 1.992e-04
2025-03-14 14:52:20,842 - INFO - Epoch 8/1500, PSNR: 23.109853, SSIM: 0.776786, LR: 1.989e-04
2025-03-14 14:52:20,939 - INFO - Saving model with PSNR: 23.109853
2025-03-14 14:53:08,511 - INFO - Epoch 9/1500, PSNR: 22.145865, SSIM: 0.779897, LR: 1.986e-04
2025-03-14 14:53:56,737 - INFO - Epoch 10/1500, PSNR: 22.315885, SSIM: 0.781992, LR: 1.982e-04
2025-03-14 14:54:44,890 - INFO - Epoch 11/1500, PSNR: 23.802256, SSIM: 0.783501, LR: 1.978e-04
2025-03-14 14:54:44,989 - INFO - Saving model with PSNR: 23.802256
2025-03-14 14:55:32,600 - INFO - Epoch 12/1500, PSNR: 22.699794, SSIM: 0.780508, LR: 1.974e-04
2025-03-14 14:56:20,073 - INFO - Epoch 13/1500, PSNR: 23.010984, SSIM: 0.788625, LR: 1.969e-04
2025-03-14 14:57:07,594 - INFO - Epoch 14/1500, PSNR: 23.486725, SSIM: 0.786156, LR: 1.963e-04
2025-03-14 14:57:55,880 - INFO - Epoch 15/1500, PSNR: 24.007881, SSIM: 0.792806, LR: 1.958e-04
2025-03-14 14:57:55,978 - INFO - Saving model with PSNR: 24.007881
2025-03-14 14:58:43,833 - INFO - Epoch 16/1500, PSNR: 23.925878, SSIM: 0.792649, LR: 1.951e-04
2025-03-14 14:59:31,615 - INFO - Epoch 17/1500, PSNR: 22.085925, SSIM: 0.788522, LR: 1.945e-04
2025-03-14 15:00:19,378 - INFO - Epoch 18/1500, PSNR: 22.544972, SSIM: 0.789055, LR: 1.938e-04
2025-03-14 15:01:06,748 - INFO - Epoch 19/1500, PSNR: 22.332796, SSIM: 0.792313, LR: 1.930e-04
2025-03-14 15:01:54,541 - INFO - Epoch 20/1500, PSNR: 23.935769, SSIM: 0.795493, LR: 1.922e-04
2025-03-14 15:02:42,021 - INFO - Epoch 21/1500, PSNR: 22.981001, SSIM: 0.794187, LR: 1.914e-04
2025-03-14 15:03:30,021 - INFO - Epoch 22/1500, PSNR: 23.769113, SSIM: 0.791991, LR: 1.905e-04
2025-03-14 15:04:17,733 - INFO - Epoch 23/1500, PSNR: 24.020189, SSIM: 0.795803, LR: 1.896e-04
2025-03-14 15:04:17,833 - INFO - Saving model with PSNR: 24.020189
2025-03-14 15:05:05,614 - INFO - Epoch 24/1500, PSNR: 23.366969, SSIM: 0.793401, LR: 1.887e-04
2025-03-14 15:05:53,364 - INFO - Epoch 25/1500, PSNR: 23.877778, SSIM: 0.798843, LR: 1.877e-04
2025-03-14 15:06:41,289 - INFO - Epoch 26/1500, PSNR: 24.384034, SSIM: 0.798226, LR: 1.867e-04
2025-03-14 15:06:41,386 - INFO - Saving model with PSNR: 24.384034
2025-03-14 15:07:29,172 - INFO - Epoch 27/1500, PSNR: 24.573008, SSIM: 0.800158, LR: 1.856e-04
2025-03-14 15:07:29,272 - INFO - Saving model with PSNR: 24.573008
2025-03-14 15:08:17,383 - INFO - Epoch 28/1500, PSNR: 23.762502, SSIM: 0.796204, LR: 1.845e-04
2025-03-14 15:09:05,499 - INFO - Epoch 29/1500, PSNR: 24.213419, SSIM: 0.800928, LR: 1.834e-04
2025-03-14 15:09:53,457 - INFO - Epoch 30/1500, PSNR: 24.610466, SSIM: 0.803017, LR: 1.822e-04
2025-03-14 15:09:53,560 - INFO - Saving model with PSNR: 24.610466
2025-03-14 15:10:41,699 - INFO - Epoch 31/1500, PSNR: 24.486711, SSIM: 0.801298, LR: 1.810e-04
2025-03-14 15:11:29,520 - INFO - Epoch 32/1500, PSNR: 23.612396, SSIM: 0.798831, LR: 1.798e-04
2025-03-14 15:12:16,861 - INFO - Epoch 33/1500, PSNR: 24.323079, SSIM: 0.802311, LR: 1.785e-04
2025-03-14 15:13:04,575 - INFO - Epoch 34/1500, PSNR: 24.797220, SSIM: 0.804004, LR: 1.772e-04
2025-03-14 15:13:04,674 - INFO - Saving model with PSNR: 24.797220
2025-03-14 15:13:52,733 - INFO - Epoch 35/1500, PSNR: 23.431516, SSIM: 0.796370, LR: 1.758e-04
2025-03-14 15:14:41,008 - INFO - Epoch 36/1500, PSNR: 23.992995, SSIM: 0.802205, LR: 1.744e-04
2025-03-14 15:15:29,057 - INFO - Epoch 37/1500, PSNR: 24.378202, SSIM: 0.802180, LR: 1.730e-04
2025-03-14 15:16:17,022 - INFO - Epoch 38/1500, PSNR: 24.413097, SSIM: 0.803164, LR: 1.716e-04
2025-03-14 15:17:05,089 - INFO - Epoch 39/1500, PSNR: 24.146953, SSIM: 0.802375, LR: 1.701e-04
2025-03-14 15:17:53,322 - INFO - Epoch 40/1500, PSNR: 22.918554, SSIM: 0.798121, LR: 1.686e-04
2025-03-14 15:18:40,776 - INFO - Epoch 41/1500, PSNR: 24.705556, SSIM: 0.804925, LR: 1.671e-04
2025-03-14 15:19:28,460 - INFO - Epoch 42/1500, PSNR: 24.495587, SSIM: 0.806350, LR: 1.655e-04
2025-03-14 15:20:16,475 - INFO - Epoch 43/1500, PSNR: 23.984195, SSIM: 0.802790, LR: 1.639e-04
2025-03-14 15:21:04,114 - INFO - Epoch 44/1500, PSNR: 24.348410, SSIM: 0.803968, LR: 1.623e-04
2025-03-14 15:21:51,812 - INFO - Epoch 45/1500, PSNR: 23.538017, SSIM: 0.802549, LR: 1.607e-04
2025-03-14 15:22:40,057 - INFO - Epoch 46/1500, PSNR: 24.706961, SSIM: 0.806258, LR: 1.590e-04
2025-03-14 15:23:27,470 - INFO - Epoch 47/1500, PSNR: 24.347135, SSIM: 0.806627, LR: 1.573e-04
2025-03-14 15:24:15,353 - INFO - Epoch 48/1500, PSNR: 24.812395, SSIM: 0.807498, LR: 1.556e-04
2025-03-14 15:24:15,455 - INFO - Saving model with PSNR: 24.812395
2025-03-14 15:25:03,135 - INFO - Epoch 49/1500, PSNR: 24.696281, SSIM: 0.807585, LR: 1.538e-04
2025-03-14 15:25:51,103 - INFO - Epoch 50/1500, PSNR: 24.835095, SSIM: 0.808040, LR: 1.520e-04
2025-03-14 15:25:51,203 - INFO - Saving model with PSNR: 24.835095
2025-03-14 15:26:39,028 - INFO - Epoch 51/1500, PSNR: 24.876677, SSIM: 0.808423, LR: 1.503e-04
2025-03-14 15:26:39,129 - INFO - Saving model with PSNR: 24.876677
2025-03-14 15:27:26,566 - INFO - Epoch 52/1500, PSNR: 24.199259, SSIM: 0.803357, LR: 1.484e-04
2025-03-14 15:28:14,222 - INFO - Epoch 53/1500, PSNR: 24.759608, SSIM: 0.807977, LR: 1.466e-04
2025-03-14 15:29:01,931 - INFO - Epoch 54/1500, PSNR: 24.469577, SSIM: 0.807978, LR: 1.447e-04
2025-03-14 15:29:49,281 - INFO - Epoch 55/1500, PSNR: 24.512871, SSIM: 0.808429, LR: 1.429e-04
2025-03-14 15:30:37,046 - INFO - Epoch 56/1500, PSNR: 24.742141, SSIM: 0.807211, LR: 1.410e-04
2025-03-14 15:31:24,479 - INFO - Epoch 57/1500, PSNR: 24.208161, SSIM: 0.807099, LR: 1.391e-04
2025-03-14 15:32:12,101 - INFO - Epoch 58/1500, PSNR: 24.561657, SSIM: 0.809178, LR: 1.371e-04
2025-03-14 15:32:59,538 - INFO - Epoch 59/1500, PSNR: 24.824910, SSIM: 0.810260, LR: 1.352e-04
2025-03-14 15:33:46,806 - INFO - Epoch 60/1500, PSNR: 23.789519, SSIM: 0.807337, LR: 1.332e-04
2025-03-14 15:34:34,223 - INFO - Epoch 61/1500, PSNR: 24.793573, SSIM: 0.810369, LR: 1.312e-04
2025-03-14 15:35:22,495 - INFO - Epoch 62/1500, PSNR: 24.334302, SSIM: 0.808276, LR: 1.293e-04
2025-03-14 15:36:10,315 - INFO - Epoch 63/1500, PSNR: 24.480304, SSIM: 0.811370, LR: 1.273e-04
2025-03-14 15:36:58,246 - INFO - Epoch 64/1500, PSNR: 25.017285, SSIM: 0.811765, LR: 1.252e-04
2025-03-14 15:36:58,346 - INFO - Saving model with PSNR: 25.017285
2025-03-14 15:37:46,125 - INFO - Epoch 65/1500, PSNR: 25.319602, SSIM: 0.813090, LR: 1.232e-04
2025-03-14 15:37:46,229 - INFO - Saving model with PSNR: 25.319602
2025-03-14 15:38:34,495 - INFO - Epoch 66/1500, PSNR: 25.069404, SSIM: 0.812219, LR: 1.212e-04
2025-03-14 15:39:22,817 - INFO - Epoch 67/1500, PSNR: 24.808091, SSIM: 0.811478, LR: 1.191e-04
2025-03-14 15:40:11,034 - INFO - Epoch 68/1500, PSNR: 25.441415, SSIM: 0.814612, LR: 1.171e-04
2025-03-14 15:40:11,134 - INFO - Saving model with PSNR: 25.441415
2025-03-14 15:40:59,163 - INFO - Epoch 69/1500, PSNR: 24.953367, SSIM: 0.812107, LR: 1.150e-04
2025-03-14 15:41:47,189 - INFO - Epoch 70/1500, PSNR: 24.503229, SSIM: 0.812904, LR: 1.130e-04
2025-03-14 15:42:34,626 - INFO - Epoch 71/1500, PSNR: 25.122312, SSIM: 0.812527, LR: 1.109e-04
2025-03-14 15:43:22,461 - INFO - Epoch 72/1500, PSNR: 24.817904, SSIM: 0.812894, LR: 1.088e-04
2025-03-14 15:44:10,228 - INFO - Epoch 73/1500, PSNR: 24.757617, SSIM: 0.813350, LR: 1.067e-04
2025-03-14 15:44:57,633 - INFO - Epoch 74/1500, PSNR: 23.856058, SSIM: 0.810133, LR: 1.047e-04
2025-03-14 15:45:45,605 - INFO - Epoch 75/1500, PSNR: 24.897312, SSIM: 0.814620, LR: 1.026e-04
2025-03-14 15:46:33,873 - INFO - Epoch 76/1500, PSNR: 24.132282, SSIM: 0.813733, LR: 1.005e-04
2025-03-14 15:47:21,411 - INFO - Epoch 77/1500, PSNR: 24.244457, SSIM: 0.810470, LR: 9.842e-05
2025-03-14 15:48:09,083 - INFO - Epoch 78/1500, PSNR: 24.217900, SSIM: 0.809924, LR: 9.633e-05
2025-03-14 15:48:57,384 - INFO - Epoch 79/1500, PSNR: 24.454709, SSIM: 0.814969, LR: 9.425e-05
2025-03-14 15:49:45,140 - INFO - Epoch 80/1500, PSNR: 24.550974, SSIM: 0.814279, LR: 9.217e-05
2025-03-14 15:50:33,338 - INFO - Epoch 81/1500, PSNR: 24.859306, SSIM: 0.815406, LR: 9.010e-05
2025-03-14 15:51:20,788 - INFO - Epoch 82/1500, PSNR: 24.946626, SSIM: 0.815046, LR: 8.803e-05
2025-03-14 15:52:08,575 - INFO - Epoch 83/1500, PSNR: 24.900004, SSIM: 0.815536, LR: 8.596e-05
2025-03-14 15:52:56,929 - INFO - Epoch 84/1500, PSNR: 23.993184, SSIM: 0.812705, LR: 8.391e-05
2025-03-14 15:53:44,849 - INFO - Epoch 85/1500, PSNR: 24.941755, SSIM: 0.815650, LR: 8.186e-05
2025-03-14 15:54:32,548 - INFO - Epoch 86/1500, PSNR: 25.230223, SSIM: 0.816431, LR: 7.981e-05
2025-03-14 15:55:20,334 - INFO - Epoch 87/1500, PSNR: 24.650601, SSIM: 0.814866, LR: 7.778e-05
2025-03-14 15:56:08,330 - INFO - Epoch 88/1500, PSNR: 25.099881, SSIM: 0.817149, LR: 7.576e-05
2025-03-14 15:56:56,301 - INFO - Epoch 89/1500, PSNR: 25.152227, SSIM: 0.817134, LR: 7.374e-05
2025-03-14 15:57:43,892 - INFO - Epoch 90/1500, PSNR: 24.645833, SSIM: 0.815138, LR: 7.174e-05
2025-03-14 15:58:31,374 - INFO - Epoch 91/1500, PSNR: 25.226567, SSIM: 0.817830, LR: 6.975e-05
2025-03-14 15:59:18,487 - INFO - Epoch 92/1500, PSNR: 25.046525, SSIM: 0.817256, LR: 6.778e-05
2025-03-14 16:00:06,225 - INFO - Epoch 93/1500, PSNR: 25.265851, SSIM: 0.818048, LR: 6.582e-05
2025-03-14 16:00:54,058 - INFO - Epoch 94/1500, PSNR: 24.949061, SSIM: 0.816867, LR: 6.387e-05
2025-03-14 16:01:42,049 - INFO - Epoch 95/1500, PSNR: 24.818151, SSIM: 0.817960, LR: 6.194e-05
2025-03-14 16:02:29,904 - INFO - Epoch 96/1500, PSNR: 24.735043, SSIM: 0.815667, LR: 6.003e-05
2025-03-14 16:03:17,897 - INFO - Epoch 97/1500, PSNR: 24.873953, SSIM: 0.817107, LR: 5.813e-05
2025-03-14 16:04:06,158 - INFO - Epoch 98/1500, PSNR: 24.796075, SSIM: 0.817010, LR: 5.626e-05
2025-03-14 16:04:54,188 - INFO - Epoch 99/1500, PSNR: 25.165612, SSIM: 0.818420, LR: 5.440e-05
2025-03-14 16:05:42,239 - INFO - Epoch 100/1500, PSNR: 24.944925, SSIM: 0.817513, LR: 5.257e-05
2025-03-14 16:06:30,020 - INFO - Epoch 101/1500, PSNR: 25.072821, SSIM: 0.817638, LR: 5.075e-05
2025-03-14 16:07:17,556 - INFO - Epoch 102/1500, PSNR: 25.045906, SSIM: 0.817465, LR: 4.896e-05
2025-03-14 16:08:05,106 - INFO - Epoch 103/1500, PSNR: 25.010254, SSIM: 0.818971, LR: 4.719e-05
2025-03-14 16:08:53,329 - INFO - Epoch 104/1500, PSNR: 24.875961, SSIM: 0.818129, LR: 4.544e-05
2025-03-14 16:09:40,984 - INFO - Epoch 105/1500, PSNR: 24.722127, SSIM: 0.815969, LR: 4.371e-05
2025-03-14 16:10:29,368 - INFO - Epoch 106/1500, PSNR: 24.900854, SSIM: 0.817728, LR: 4.202e-05
2025-03-14 16:11:16,669 - INFO - Epoch 107/1500, PSNR: 25.038279, SSIM: 0.818162, LR: 4.034e-05
2025-03-14 16:12:04,523 - INFO - Epoch 108/1500, PSNR: 25.093514, SSIM: 0.818869, LR: 3.870e-05
2025-03-14 16:12:52,314 - INFO - Epoch 109/1500, PSNR: 24.805687, SSIM: 0.818900, LR: 3.708e-05
2025-03-14 16:13:40,516 - INFO - Epoch 110/1500, PSNR: 24.979358, SSIM: 0.818246, LR: 3.548e-05
2025-03-14 16:14:28,541 - INFO - Epoch 111/1500, PSNR: 25.028556, SSIM: 0.818992, LR: 3.392e-05
2025-03-14 16:15:16,358 - INFO - Epoch 112/1500, PSNR: 25.156580, SSIM: 0.818877, LR: 3.239e-05
2025-03-14 16:16:04,586 - INFO - Epoch 113/1500, PSNR: 24.997438, SSIM: 0.817580, LR: 3.088e-05
2025-03-14 16:16:52,041 - INFO - Epoch 114/1500, PSNR: 24.905862, SSIM: 0.818942, LR: 2.941e-05
2025-03-14 16:17:39,583 - INFO - Epoch 115/1500, PSNR: 24.836118, SSIM: 0.818949, LR: 2.797e-05
2025-03-14 16:18:27,052 - INFO - Epoch 116/1500, PSNR: 25.117242, SSIM: 0.818623, LR: 2.656e-05
2025-03-14 16:19:14,957 - INFO - Epoch 117/1500, PSNR: 25.089725, SSIM: 0.819269, LR: 2.518e-05
2025-03-14 16:20:02,362 - INFO - Epoch 118/1500, PSNR: 25.131402, SSIM: 0.818662, LR: 2.383e-05
2025-03-14 16:20:50,285 - INFO - Epoch 119/1500, PSNR: 25.137789, SSIM: 0.819392, LR: 2.252e-05
2025-03-14 16:21:37,959 - INFO - Epoch 120/1500, PSNR: 25.274665, SSIM: 0.819086, LR: 2.125e-05
2025-03-14 16:22:25,927 - INFO - Epoch 121/1500, PSNR: 25.188839, SSIM: 0.819726, LR: 2.000e-05
2025-03-14 16:23:14,024 - INFO - Epoch 122/1500, PSNR: 24.801775, SSIM: 0.818072, LR: 1.880e-05
2025-03-14 16:24:02,016 - INFO - Epoch 123/1500, PSNR: 25.177813, SSIM: 0.818665, LR: 1.762e-05
2025-03-14 16:24:50,040 - INFO - Epoch 124/1500, PSNR: 25.200044, SSIM: 0.819247, LR: 1.649e-05
2025-03-14 16:25:38,214 - INFO - Epoch 125/1500, PSNR: 24.781694, SSIM: 0.818513, LR: 1.539e-05
2025-03-14 16:26:26,024 - INFO - Epoch 126/1500, PSNR: 24.894773, SSIM: 0.818443, LR: 1.433e-05
2025-03-14 16:27:14,011 - INFO - Epoch 127/1500, PSNR: 25.284041, SSIM: 0.819726, LR: 1.331e-05
2025-03-14 16:28:02,318 - INFO - Epoch 128/1500, PSNR: 24.924018, SSIM: 0.818737, LR: 1.232e-05
2025-03-14 16:28:50,512 - INFO - Epoch 129/1500, PSNR: 24.920730, SSIM: 0.818938, LR: 1.138e-05
2025-03-14 16:29:38,646 - INFO - Epoch 130/1500, PSNR: 25.038086, SSIM: 0.819305, LR: 1.047e-05
2025-03-14 16:30:26,925 - INFO - Epoch 131/1500, PSNR: 25.073636, SSIM: 0.819357, LR: 9.602e-06
2025-03-14 16:31:15,103 - INFO - Epoch 132/1500, PSNR: 25.192978, SSIM: 0.819845, LR: 8.775e-06
2025-03-14 16:32:02,820 - INFO - Epoch 133/1500, PSNR: 25.084416, SSIM: 0.819840, LR: 7.987e-06
2025-03-14 16:32:50,949 - INFO - Epoch 134/1500, PSNR: 25.045167, SSIM: 0.819742, LR: 7.240e-06
2025-03-14 16:33:38,098 - INFO - Epoch 135/1500, PSNR: 25.155380, SSIM: 0.819642, LR: 6.535e-06
2025-03-14 16:34:26,105 - INFO - Epoch 136/1500, PSNR: 25.000700, SSIM: 0.819331, LR: 5.870e-06
2025-03-14 16:35:13,662 - INFO - Epoch 137/1500, PSNR: 25.099371, SSIM: 0.819671, LR: 5.247e-06
2025-03-14 16:36:01,744 - INFO - Epoch 138/1500, PSNR: 25.176572, SSIM: 0.820068, LR: 4.665e-06
2025-03-14 16:36:49,425 - INFO - Epoch 139/1500, PSNR: 24.997834, SSIM: 0.819592, LR: 4.126e-06
2025-03-14 16:37:36,993 - INFO - Epoch 140/1500, PSNR: 25.033681, SSIM: 0.819492, LR: 3.629e-06
2025-03-14 16:38:24,941 - INFO - Epoch 141/1500, PSNR: 25.088018, SSIM: 0.819669, LR: 3.174e-06
2025-03-14 16:39:12,192 - INFO - Epoch 142/1500, PSNR: 25.145821, SSIM: 0.819630, LR: 2.762e-06
2025-03-14 16:39:59,901 - INFO - Epoch 143/1500, PSNR: 25.200017, SSIM: 0.819807, LR: 2.393e-06
2025-03-14 16:40:48,044 - INFO - Epoch 144/1500, PSNR: 25.113480, SSIM: 0.819664, LR: 2.067e-06
2025-03-14 16:41:36,288 - INFO - Epoch 145/1500, PSNR: 25.139556, SSIM: 0.819767, LR: 1.785e-06
2025-03-14 16:42:24,075 - INFO - Epoch 146/1500, PSNR: 25.084645, SSIM: 0.819657, LR: 1.545e-06
2025-03-14 16:43:11,903 - INFO - Epoch 147/1500, PSNR: 25.091078, SSIM: 0.819718, LR: 1.349e-06
2025-03-14 16:43:59,459 - INFO - Epoch 148/1500, PSNR: 25.121319, SSIM: 0.819630, LR: 1.196e-06
2025-03-14 16:44:47,167 - INFO - Epoch 149/1500, PSNR: 25.090614, SSIM: 0.819662, LR: 1.087e-06
2025-03-14 16:45:34,889 - INFO - Epoch 150/1500, PSNR: 25.082661, SSIM: 0.819689, LR: 1.022e-06
2025-03-14 16:46:22,751 - INFO - Epoch 151/1500, PSNR: 24.642264, SSIM: 0.817847, LR: 2.000e-04
2025-03-14 16:47:10,243 - INFO - Epoch 152/1500, PSNR: 23.992857, SSIM: 0.813934, LR: 2.000e-04
2025-03-14 16:47:57,894 - INFO - Epoch 153/1500, PSNR: 24.431998, SSIM: 0.815692, LR: 1.999e-04
2025-03-14 16:48:45,828 - INFO - Epoch 154/1500, PSNR: 24.384344, SSIM: 0.816729, LR: 1.998e-04
2025-03-14 16:49:33,640 - INFO - Epoch 155/1500, PSNR: 24.877465, SSIM: 0.816404, LR: 1.997e-04
2025-03-14 16:50:21,526 - INFO - Epoch 156/1500, PSNR: 23.701990, SSIM: 0.814652, LR: 1.995e-04
2025-03-14 16:51:09,375 - INFO - Epoch 157/1500, PSNR: 24.401330, SSIM: 0.818098, LR: 1.992e-04
2025-03-14 16:51:57,212 - INFO - Epoch 158/1500, PSNR: 24.410715, SSIM: 0.817718, LR: 1.989e-04
2025-03-14 16:52:44,964 - INFO - Epoch 159/1500, PSNR: 24.884328, SSIM: 0.817891, LR: 1.986e-04
2025-03-14 16:53:33,067 - INFO - Epoch 160/1500, PSNR: 24.023881, SSIM: 0.814597, LR: 1.982e-04
2025-03-14 16:54:21,130 - INFO - Epoch 161/1500, PSNR: 24.881632, SSIM: 0.815716, LR: 1.978e-04
2025-03-14 16:55:08,315 - INFO - Epoch 162/1500, PSNR: 24.413471, SSIM: 0.816217, LR: 1.974e-04
2025-03-14 16:55:56,506 - INFO - Epoch 163/1500, PSNR: 24.759418, SSIM: 0.817782, LR: 1.969e-04
2025-03-14 16:56:44,433 - INFO - Epoch 164/1500, PSNR: 24.801563, SSIM: 0.816561, LR: 1.963e-04
2025-03-14 16:57:32,549 - INFO - Epoch 165/1500, PSNR: 24.071836, SSIM: 0.816475, LR: 1.958e-04
2025-03-14 16:58:20,159 - INFO - Epoch 166/1500, PSNR: 24.760970, SSIM: 0.815477, LR: 1.951e-04
2025-03-14 16:59:08,660 - INFO - Epoch 167/1500, PSNR: 24.813872, SSIM: 0.818121, LR: 1.945e-04
2025-03-14 16:59:56,037 - INFO - Epoch 168/1500, PSNR: 24.405812, SSIM: 0.817130, LR: 1.938e-04
2025-03-14 17:00:43,593 - INFO - Epoch 169/1500, PSNR: 24.786388, SSIM: 0.820058, LR: 1.930e-04
2025-03-14 17:01:31,467 - INFO - Epoch 170/1500, PSNR: 24.629843, SSIM: 0.817678, LR: 1.922e-04
2025-03-14 17:02:19,195 - INFO - Epoch 171/1500, PSNR: 24.133828, SSIM: 0.817140, LR: 1.914e-04
2025-03-14 17:03:07,205 - INFO - Epoch 172/1500, PSNR: 24.905981, SSIM: 0.819090, LR: 1.905e-04
2025-03-14 17:03:54,350 - INFO - Epoch 173/1500, PSNR: 24.644388, SSIM: 0.819849, LR: 1.896e-04
2025-03-14 17:04:41,638 - INFO - Epoch 174/1500, PSNR: 24.376257, SSIM: 0.818986, LR: 1.887e-04
2025-03-14 17:05:29,472 - INFO - Epoch 175/1500, PSNR: 24.737701, SSIM: 0.820343, LR: 1.877e-04
2025-03-14 17:06:17,514 - INFO - Epoch 176/1500, PSNR: 24.570649, SSIM: 0.818340, LR: 1.867e-04
2025-03-14 17:07:05,147 - INFO - Epoch 177/1500, PSNR: 24.501324, SSIM: 0.820987, LR: 1.856e-04
2025-03-14 17:07:52,571 - INFO - Epoch 178/1500, PSNR: 24.461901, SSIM: 0.815936, LR: 1.845e-04
2025-03-14 17:08:40,436 - INFO - Epoch 179/1500, PSNR: 25.128028, SSIM: 0.821179, LR: 1.834e-04
2025-03-14 17:09:28,514 - INFO - Epoch 180/1500, PSNR: 24.205765, SSIM: 0.820235, LR: 1.822e-04
2025-03-14 17:10:16,274 - INFO - Epoch 181/1500, PSNR: 23.990186, SSIM: 0.818464, LR: 1.810e-04
2025-03-14 17:11:03,742 - INFO - Epoch 182/1500, PSNR: 24.417326, SSIM: 0.818475, LR: 1.798e-04
2025-03-14 17:11:52,077 - INFO - Epoch 183/1500, PSNR: 24.252919, SSIM: 0.820555, LR: 1.785e-04
2025-03-14 17:12:40,394 - INFO - Epoch 184/1500, PSNR: 24.351906, SSIM: 0.819789, LR: 1.772e-04
2025-03-14 17:13:28,396 - INFO - Epoch 185/1500, PSNR: 25.130081, SSIM: 0.819024, LR: 1.758e-04
2025-03-14 17:14:15,871 - INFO - Epoch 186/1500, PSNR: 24.725563, SSIM: 0.819840, LR: 1.744e-04
2025-03-14 17:15:03,444 - INFO - Epoch 187/1500, PSNR: 24.994285, SSIM: 0.821900, LR: 1.730e-04
2025-03-14 17:15:51,280 - INFO - Epoch 188/1500, PSNR: 25.084918, SSIM: 0.820528, LR: 1.716e-04
2025-03-14 17:16:39,313 - INFO - Epoch 189/1500, PSNR: 25.056599, SSIM: 0.821938, LR: 1.701e-04
2025-03-14 17:17:27,817 - INFO - Epoch 190/1500, PSNR: 25.068823, SSIM: 0.818587, LR: 1.686e-04
2025-03-14 17:18:15,869 - INFO - Epoch 191/1500, PSNR: 24.984176, SSIM: 0.822749, LR: 1.671e-04
2025-03-14 17:19:04,157 - INFO - Epoch 192/1500, PSNR: 24.190557, SSIM: 0.819023, LR: 1.655e-04
2025-03-14 17:19:51,920 - INFO - Epoch 193/1500, PSNR: 23.596409, SSIM: 0.816367, LR: 1.639e-04
2025-03-14 17:20:39,722 - INFO - Epoch 194/1500, PSNR: 24.842756, SSIM: 0.822325, LR: 1.623e-04
2025-03-14 17:21:27,525 - INFO - Epoch 195/1500, PSNR: 24.949176, SSIM: 0.822106, LR: 1.607e-04
2025-03-14 17:22:15,991 - INFO - Epoch 196/1500, PSNR: 25.213901, SSIM: 0.821351, LR: 1.590e-04
2025-03-14 17:23:04,039 - INFO - Epoch 197/1500, PSNR: 24.538066, SSIM: 0.822378, LR: 1.573e-04
2025-03-14 17:23:52,166 - INFO - Epoch 198/1500, PSNR: 24.885137, SSIM: 0.821539, LR: 1.556e-04
2025-03-14 17:24:40,131 - INFO - Epoch 199/1500, PSNR: 24.141452, SSIM: 0.819730, LR: 1.538e-04
2025-03-14 17:25:28,432 - INFO - Epoch 200/1500, PSNR: 24.019957, SSIM: 0.813787, LR: 1.520e-04
2025-03-14 17:26:16,604 - INFO - Epoch 201/1500, PSNR: 24.969249, SSIM: 0.823795, LR: 1.503e-04
2025-03-14 17:27:04,777 - INFO - Epoch 202/1500, PSNR: 24.696662, SSIM: 0.821049, LR: 1.484e-04
2025-03-14 17:27:52,845 - INFO - Epoch 203/1500, PSNR: 24.621794, SSIM: 0.823428, LR: 1.466e-04
2025-03-14 17:28:40,575 - INFO - Epoch 204/1500, PSNR: 25.078707, SSIM: 0.823529, LR: 1.447e-04
2025-03-14 17:29:27,772 - INFO - Epoch 205/1500, PSNR: 24.893553, SSIM: 0.823325, LR: 1.429e-04
2025-03-14 17:30:15,854 - INFO - Epoch 206/1500, PSNR: 24.531107, SSIM: 0.820984, LR: 1.410e-04
2025-03-14 17:31:03,069 - INFO - Epoch 207/1500, PSNR: 24.631499, SSIM: 0.818792, LR: 1.391e-04
2025-03-14 17:31:50,141 - INFO - Epoch 208/1500, PSNR: 24.842323, SSIM: 0.823478, LR: 1.371e-04
2025-03-14 17:32:37,304 - INFO - Epoch 209/1500, PSNR: 24.834652, SSIM: 0.823899, LR: 1.352e-04
2025-03-14 17:33:24,788 - INFO - Epoch 210/1500, PSNR: 24.876362, SSIM: 0.824395, LR: 1.332e-04
2025-03-14 17:34:12,752 - INFO - Epoch 211/1500, PSNR: 24.422882, SSIM: 0.823279, LR: 1.312e-04
2025-03-14 17:35:00,681 - INFO - Epoch 212/1500, PSNR: 24.258248, SSIM: 0.821065, LR: 1.293e-04
2025-03-14 17:35:48,373 - INFO - Epoch 213/1500, PSNR: 24.557625, SSIM: 0.822623, LR: 1.273e-04
2025-03-14 17:36:36,294 - INFO - Epoch 214/1500, PSNR: 24.980489, SSIM: 0.824220, LR: 1.252e-04
2025-03-14 17:37:24,277 - INFO - Epoch 215/1500, PSNR: 25.052148, SSIM: 0.825018, LR: 1.232e-04
2025-03-14 17:38:12,191 - INFO - Epoch 216/1500, PSNR: 24.989562, SSIM: 0.821865, LR: 1.212e-04
2025-03-14 17:39:00,206 - INFO - Epoch 217/1500, PSNR: 24.588546, SSIM: 0.820406, LR: 1.191e-04
2025-03-14 17:39:48,292 - INFO - Epoch 218/1500, PSNR: 24.768636, SSIM: 0.823323, LR: 1.171e-04
2025-03-14 17:40:36,403 - INFO - Epoch 219/1500, PSNR: 24.678951, SSIM: 0.821759, LR: 1.150e-04
2025-03-14 17:41:24,573 - INFO - Epoch 220/1500, PSNR: 24.267968, SSIM: 0.822125, LR: 1.130e-04
2025-03-14 17:42:12,050 - INFO - Epoch 221/1500, PSNR: 24.479966, SSIM: 0.821668, LR: 1.109e-04
2025-03-14 17:42:59,381 - INFO - Epoch 222/1500, PSNR: 24.919097, SSIM: 0.821009, LR: 1.088e-04
2025-03-14 17:43:47,532 - INFO - Epoch 223/1500, PSNR: 24.732439, SSIM: 0.824194, LR: 1.067e-04
2025-03-14 17:44:35,765 - INFO - Epoch 224/1500, PSNR: 25.077209, SSIM: 0.823023, LR: 1.047e-04
2025-03-14 17:45:23,572 - INFO - Epoch 225/1500, PSNR: 24.943901, SSIM: 0.824490, LR: 1.026e-04
2025-03-14 17:46:11,350 - INFO - Epoch 226/1500, PSNR: 24.345498, SSIM: 0.823123, LR: 1.005e-04
2025-03-14 17:46:59,328 - INFO - Epoch 227/1500, PSNR: 24.739776, SSIM: 0.820275, LR: 9.842e-05
2025-03-14 17:47:46,738 - INFO - Epoch 228/1500, PSNR: 25.069116, SSIM: 0.823735, LR: 9.633e-05
2025-03-14 17:48:34,546 - INFO - Epoch 229/1500, PSNR: 24.581232, SSIM: 0.823952, LR: 9.425e-05
2025-03-14 17:49:21,794 - INFO - Epoch 230/1500, PSNR: 24.421557, SSIM: 0.823442, LR: 9.217e-05
2025-03-14 17:50:09,574 - INFO - Epoch 231/1500, PSNR: 24.679246, SSIM: 0.822059, LR: 9.010e-05
2025-03-14 17:50:57,285 - INFO - Epoch 232/1500, PSNR: 25.094446, SSIM: 0.825838, LR: 8.803e-05
2025-03-14 17:51:44,542 - INFO - Epoch 233/1500, PSNR: 24.812067, SSIM: 0.824943, LR: 8.596e-05
2025-03-14 17:52:32,376 - INFO - Epoch 234/1500, PSNR: 24.996028, SSIM: 0.823997, LR: 8.391e-05
2025-03-14 17:53:20,699 - INFO - Epoch 235/1500, PSNR: 24.963372, SSIM: 0.825903, LR: 8.186e-05
2025-03-14 17:54:08,867 - INFO - Epoch 236/1500, PSNR: 24.601366, SSIM: 0.822949, LR: 7.981e-05
2025-03-14 17:54:56,698 - INFO - Epoch 237/1500, PSNR: 24.656919, SSIM: 0.824608, LR: 7.778e-05
2025-03-14 17:55:44,874 - INFO - Epoch 238/1500, PSNR: 24.830210, SSIM: 0.825059, LR: 7.576e-05
2025-03-14 17:56:32,646 - INFO - Epoch 239/1500, PSNR: 24.672316, SSIM: 0.823504, LR: 7.374e-05
2025-03-14 17:57:20,589 - INFO - Epoch 240/1500, PSNR: 24.637445, SSIM: 0.823610, LR: 7.174e-05
2025-03-14 17:58:08,325 - INFO - Epoch 241/1500, PSNR: 24.865495, SSIM: 0.824244, LR: 6.975e-05
2025-03-14 17:58:56,120 - INFO - Epoch 242/1500, PSNR: 25.147305, SSIM: 0.824242, LR: 6.778e-05
2025-03-14 17:59:43,364 - INFO - Epoch 243/1500, PSNR: 24.453574, SSIM: 0.822150, LR: 6.582e-05
2025-03-14 18:00:31,407 - INFO - Epoch 244/1500, PSNR: 25.413527, SSIM: 0.827082, LR: 6.387e-05
2025-03-14 18:01:19,241 - INFO - Epoch 245/1500, PSNR: 24.845894, SSIM: 0.824466, LR: 6.194e-05
2025-03-14 18:02:07,412 - INFO - Epoch 246/1500, PSNR: 24.284804, SSIM: 0.818255, LR: 6.003e-05
2025-03-14 18:02:55,017 - INFO - Epoch 247/1500, PSNR: 25.150207, SSIM: 0.825519, LR: 5.813e-05
2025-03-14 18:03:42,648 - INFO - Epoch 248/1500, PSNR: 25.288612, SSIM: 0.825502, LR: 5.626e-05
2025-03-14 18:04:30,301 - INFO - Epoch 249/1500, PSNR: 24.792298, SSIM: 0.824117, LR: 5.440e-05
2025-03-14 18:05:18,637 - INFO - Epoch 250/1500, PSNR: 24.881515, SSIM: 0.824310, LR: 5.257e-05
2025-03-14 18:06:06,886 - INFO - Epoch 251/1500, PSNR: 25.023251, SSIM: 0.825318, LR: 5.075e-05
2025-03-14 18:06:54,744 - INFO - Epoch 252/1500, PSNR: 24.557504, SSIM: 0.823167, LR: 4.896e-05
2025-03-14 18:07:42,690 - INFO - Epoch 253/1500, PSNR: 25.018848, SSIM: 0.826138, LR: 4.719e-05
2025-03-14 18:08:30,709 - INFO - Epoch 254/1500, PSNR: 24.608198, SSIM: 0.824386, LR: 4.544e-05
2025-03-14 18:09:18,758 - INFO - Epoch 255/1500, PSNR: 24.988117, SSIM: 0.825353, LR: 4.371e-05
2025-03-14 18:10:06,693 - INFO - Epoch 256/1500, PSNR: 25.104128, SSIM: 0.826583, LR: 4.202e-05
2025-03-14 18:10:54,047 - INFO - Epoch 257/1500, PSNR: 24.713589, SSIM: 0.825768, LR: 4.034e-05
2025-03-14 18:11:41,986 - INFO - Epoch 258/1500, PSNR: 24.687846, SSIM: 0.825699, LR: 3.870e-05
2025-03-14 18:12:29,252 - INFO - Epoch 259/1500, PSNR: 25.153392, SSIM: 0.826241, LR: 3.708e-05
2025-03-14 18:13:17,474 - INFO - Epoch 260/1500, PSNR: 25.361378, SSIM: 0.827719, LR: 3.548e-05
2025-03-14 18:14:05,302 - INFO - Epoch 261/1500, PSNR: 25.032999, SSIM: 0.826899, LR: 3.392e-05
2025-03-14 18:14:53,404 - INFO - Epoch 262/1500, PSNR: 24.818989, SSIM: 0.825095, LR: 3.239e-05
2025-03-14 18:15:41,426 - INFO - Epoch 263/1500, PSNR: 24.965135, SSIM: 0.826073, LR: 3.088e-05
2025-03-14 18:16:28,481 - INFO - Epoch 264/1500, PSNR: 25.000050, SSIM: 0.826350, LR: 2.941e-05
2025-03-14 18:17:16,134 - INFO - Epoch 265/1500, PSNR: 25.122420, SSIM: 0.826543, LR: 2.797e-05
2025-03-14 18:18:03,204 - INFO - Epoch 266/1500, PSNR: 24.814074, SSIM: 0.825423, LR: 2.656e-05
2025-03-14 18:18:50,611 - INFO - Epoch 267/1500, PSNR: 25.077303, SSIM: 0.827532, LR: 2.518e-05
2025-03-14 18:19:38,527 - INFO - Epoch 268/1500, PSNR: 25.272020, SSIM: 0.826351, LR: 2.383e-05
2025-03-14 18:20:26,094 - INFO - Epoch 269/1500, PSNR: 25.076777, SSIM: 0.826421, LR: 2.252e-05
2025-03-14 18:21:13,762 - INFO - Epoch 270/1500, PSNR: 25.170907, SSIM: 0.827320, LR: 2.125e-05
2025-03-14 18:22:01,143 - INFO - Epoch 271/1500, PSNR: 25.015060, SSIM: 0.825936, LR: 2.000e-05
2025-03-14 18:22:48,526 - INFO - Epoch 272/1500, PSNR: 25.219146, SSIM: 0.827620, LR: 1.880e-05
2025-03-14 18:23:36,454 - INFO - Epoch 273/1500, PSNR: 25.005518, SSIM: 0.826984, LR: 1.762e-05
2025-03-14 18:24:24,119 - INFO - Epoch 274/1500, PSNR: 25.136898, SSIM: 0.826930, LR: 1.649e-05
2025-03-14 18:25:12,716 - INFO - Epoch 275/1500, PSNR: 25.186019, SSIM: 0.827202, LR: 1.539e-05
2025-03-14 18:26:00,751 - INFO - Epoch 276/1500, PSNR: 24.913439, SSIM: 0.825930, LR: 1.433e-05
2025-03-14 18:26:48,574 - INFO - Epoch 277/1500, PSNR: 25.122044, SSIM: 0.826728, LR: 1.331e-05
2025-03-14 18:27:36,262 - INFO - Epoch 278/1500, PSNR: 25.046993, SSIM: 0.826892, LR: 1.232e-05
2025-03-14 18:28:23,877 - INFO - Epoch 279/1500, PSNR: 25.115048, SSIM: 0.826778, LR: 1.138e-05
2025-03-14 18:29:11,801 - INFO - Epoch 280/1500, PSNR: 24.927467, SSIM: 0.826010, LR: 1.047e-05
2025-03-14 18:30:00,067 - INFO - Epoch 281/1500, PSNR: 25.190400, SSIM: 0.827163, LR: 9.602e-06
2025-03-14 18:30:48,061 - INFO - Epoch 282/1500, PSNR: 25.114828, SSIM: 0.826699, LR: 8.775e-06
2025-03-14 18:31:36,235 - INFO - Epoch 283/1500, PSNR: 25.080723, SSIM: 0.826673, LR: 7.987e-06
2025-03-14 18:32:24,145 - INFO - Epoch 284/1500, PSNR: 25.128537, SSIM: 0.827270, LR: 7.240e-06
2025-03-14 18:33:11,979 - INFO - Epoch 285/1500, PSNR: 25.039947, SSIM: 0.826747, LR: 6.535e-06
2025-03-14 18:33:59,437 - INFO - Epoch 286/1500, PSNR: 25.157089, SSIM: 0.826948, LR: 5.870e-06
2025-03-14 18:34:46,754 - INFO - Epoch 287/1500, PSNR: 25.076464, SSIM: 0.826658, LR: 5.247e-06
2025-03-14 18:35:34,350 - INFO - Epoch 288/1500, PSNR: 25.094117, SSIM: 0.827062, LR: 4.665e-06
2025-03-14 18:36:22,462 - INFO - Epoch 289/1500, PSNR: 25.158137, SSIM: 0.827312, LR: 4.126e-06
2025-03-14 18:37:10,203 - INFO - Epoch 290/1500, PSNR: 25.145234, SSIM: 0.827036, LR: 3.629e-06
2025-03-14 18:37:57,514 - INFO - Epoch 291/1500, PSNR: 25.170584, SSIM: 0.827148, LR: 3.174e-06
2025-03-14 18:38:45,253 - INFO - Epoch 292/1500, PSNR: 25.096149, SSIM: 0.827139, LR: 2.762e-06
2025-03-14 18:39:32,788 - INFO - Epoch 293/1500, PSNR: 25.089977, SSIM: 0.827017, LR: 2.393e-06
2025-03-14 18:40:20,819 - INFO - Epoch 294/1500, PSNR: 25.104140, SSIM: 0.826929, LR: 2.067e-06
2025-03-14 18:41:09,010 - INFO - Epoch 295/1500, PSNR: 25.084799, SSIM: 0.826924, LR: 1.785e-06
2025-03-14 18:41:56,826 - INFO - Epoch 296/1500, PSNR: 25.090387, SSIM: 0.826994, LR: 1.545e-06
2025-03-14 18:42:44,478 - INFO - Epoch 297/1500, PSNR: 25.145069, SSIM: 0.827125, LR: 1.349e-06
2025-03-14 18:43:32,863 - INFO - Epoch 298/1500, PSNR: 25.126604, SSIM: 0.827107, LR: 1.196e-06
2025-03-14 18:44:20,733 - INFO - Epoch 299/1500, PSNR: 25.104499, SSIM: 0.826946, LR: 1.087e-06
2025-03-14 18:45:08,100 - INFO - Epoch 300/1500, PSNR: 25.104719, SSIM: 0.826994, LR: 1.022e-06
2025-03-14 18:45:55,636 - INFO - Epoch 301/1500, PSNR: 24.112450, SSIM: 0.821889, LR: 2.000e-04
2025-03-14 18:46:43,698 - INFO - Epoch 302/1500, PSNR: 24.693313, SSIM: 0.822655, LR: 2.000e-04
2025-03-14 18:47:31,590 - INFO - Epoch 303/1500, PSNR: 24.435269, SSIM: 0.822897, LR: 1.999e-04
2025-03-14 18:48:19,168 - INFO - Epoch 304/1500, PSNR: 24.042883, SSIM: 0.822073, LR: 1.998e-04
2025-03-14 18:49:06,356 - INFO - Epoch 305/1500, PSNR: 24.901292, SSIM: 0.821912, LR: 1.997e-04
2025-03-14 18:49:54,145 - INFO - Epoch 306/1500, PSNR: 24.555624, SSIM: 0.820980, LR: 1.995e-04
2025-03-14 18:50:42,105 - INFO - Epoch 307/1500, PSNR: 23.192104, SSIM: 0.804176, LR: 1.992e-04
2025-03-14 18:51:30,242 - INFO - Epoch 308/1500, PSNR: 24.822751, SSIM: 0.821499, LR: 1.989e-04
2025-03-14 18:52:17,627 - INFO - Epoch 309/1500, PSNR: 24.547109, SSIM: 0.823883, LR: 1.986e-04
2025-03-14 18:53:05,069 - INFO - Epoch 310/1500, PSNR: 24.261111, SSIM: 0.823012, LR: 1.982e-04
2025-03-14 18:53:52,774 - INFO - Epoch 311/1500, PSNR: 24.869006, SSIM: 0.822296, LR: 1.978e-04
2025-03-14 18:54:40,966 - INFO - Epoch 312/1500, PSNR: 24.878861, SSIM: 0.822796, LR: 1.974e-04
2025-03-14 18:55:28,987 - INFO - Epoch 313/1500, PSNR: 24.674285, SSIM: 0.821458, LR: 1.969e-04
2025-03-14 18:56:17,405 - INFO - Epoch 314/1500, PSNR: 24.397057, SSIM: 0.819315, LR: 1.963e-04
2025-03-14 18:57:05,343 - INFO - Epoch 315/1500, PSNR: 24.296240, SSIM: 0.818280, LR: 1.958e-04
2025-03-14 18:57:53,582 - INFO - Epoch 316/1500, PSNR: 24.669482, SSIM: 0.823277, LR: 1.951e-04
2025-03-14 18:58:42,163 - INFO - Epoch 317/1500, PSNR: 24.675003, SSIM: 0.824288, LR: 1.945e-04
2025-03-14 18:59:29,443 - INFO - Epoch 318/1500, PSNR: 24.834646, SSIM: 0.824893, LR: 1.938e-04
2025-03-14 19:00:17,258 - INFO - Epoch 319/1500, PSNR: 24.972552, SSIM: 0.820989, LR: 1.930e-04
2025-03-14 19:01:05,458 - INFO - Epoch 320/1500, PSNR: 24.711607, SSIM: 0.823004, LR: 1.922e-04
2025-03-14 19:01:53,019 - INFO - Epoch 321/1500, PSNR: 24.264189, SSIM: 0.822066, LR: 1.914e-04
2025-03-14 19:02:40,725 - INFO - Epoch 322/1500, PSNR: 24.617670, SSIM: 0.824109, LR: 1.905e-04
2025-03-14 19:03:28,069 - INFO - Epoch 323/1500, PSNR: 24.357474, SSIM: 0.821782, LR: 1.896e-04
2025-03-14 19:04:15,300 - INFO - Epoch 324/1500, PSNR: 24.424607, SSIM: 0.823470, LR: 1.887e-04
2025-03-14 19:05:03,045 - INFO - Epoch 325/1500, PSNR: 24.479423, SSIM: 0.824460, LR: 1.877e-04
2025-03-14 19:05:50,841 - INFO - Epoch 326/1500, PSNR: 24.654535, SSIM: 0.823898, LR: 1.867e-04
2025-03-14 19:06:38,225 - INFO - Epoch 327/1500, PSNR: 24.723198, SSIM: 0.825428, LR: 1.856e-04
2025-03-14 19:07:26,244 - INFO - Epoch 328/1500, PSNR: 24.493824, SSIM: 0.822255, LR: 1.845e-04
2025-03-14 19:08:13,849 - INFO - Epoch 329/1500, PSNR: 24.540511, SSIM: 0.825081, LR: 1.834e-04
2025-03-14 19:09:01,171 - INFO - Epoch 330/1500, PSNR: 24.925290, SSIM: 0.824656, LR: 1.822e-04
2025-03-14 19:09:48,378 - INFO - Epoch 331/1500, PSNR: 24.725822, SSIM: 0.824520, LR: 1.810e-04
2025-03-14 19:10:35,980 - INFO - Epoch 332/1500, PSNR: 24.938636, SSIM: 0.824474, LR: 1.798e-04
2025-03-14 19:11:23,871 - INFO - Epoch 333/1500, PSNR: 24.947768, SSIM: 0.825054, LR: 1.785e-04
2025-03-14 19:12:11,543 - INFO - Epoch 334/1500, PSNR: 25.045749, SSIM: 0.826115, LR: 1.772e-04
2025-03-14 19:12:59,701 - INFO - Epoch 335/1500, PSNR: 24.283706, SSIM: 0.820605, LR: 1.758e-04
2025-03-14 19:13:47,615 - INFO - Epoch 336/1500, PSNR: 25.024239, SSIM: 0.825921, LR: 1.744e-04
2025-03-14 19:14:35,932 - INFO - Epoch 337/1500, PSNR: 25.205621, SSIM: 0.827207, LR: 1.730e-04
2025-03-14 19:15:24,275 - INFO - Epoch 338/1500, PSNR: 24.122476, SSIM: 0.820548, LR: 1.716e-04
2025-03-14 19:16:12,265 - INFO - Epoch 339/1500, PSNR: 24.759838, SSIM: 0.824757, LR: 1.701e-04
2025-03-14 19:17:00,517 - INFO - Epoch 340/1500, PSNR: 24.219408, SSIM: 0.820781, LR: 1.686e-04
2025-03-14 19:17:48,198 - INFO - Epoch 341/1500, PSNR: 23.223522, SSIM: 0.810625, LR: 1.671e-04
2025-03-14 19:18:35,662 - INFO - Epoch 342/1500, PSNR: 24.119154, SSIM: 0.818700, LR: 1.655e-04
2025-03-14 19:19:23,750 - INFO - Epoch 343/1500, PSNR: 24.732131, SSIM: 0.823002, LR: 1.639e-04
2025-03-14 19:20:10,959 - INFO - Epoch 344/1500, PSNR: 24.368536, SSIM: 0.825267, LR: 1.623e-04
2025-03-14 19:20:58,448 - INFO - Epoch 345/1500, PSNR: 25.226643, SSIM: 0.825809, LR: 1.607e-04
2025-03-14 19:21:46,669 - INFO - Epoch 346/1500, PSNR: 24.582801, SSIM: 0.826334, LR: 1.590e-04
2025-03-14 19:22:34,217 - INFO - Epoch 347/1500, PSNR: 24.555109, SSIM: 0.824202, LR: 1.573e-04
2025-03-14 19:23:22,417 - INFO - Epoch 348/1500, PSNR: 25.075732, SSIM: 0.826368, LR: 1.556e-04
2025-03-14 19:24:10,118 - INFO - Epoch 349/1500, PSNR: 24.058777, SSIM: 0.822136, LR: 1.538e-04
2025-03-14 19:24:57,290 - INFO - Epoch 350/1500, PSNR: 24.885706, SSIM: 0.826143, LR: 1.520e-04
2025-03-14 19:25:44,910 - INFO - Epoch 351/1500, PSNR: 24.744814, SSIM: 0.824051, LR: 1.503e-04
2025-03-14 19:26:32,318 - INFO - Epoch 352/1500, PSNR: 25.130962, SSIM: 0.823771, LR: 1.484e-04
2025-03-14 19:27:19,685 - INFO - Epoch 353/1500, PSNR: 24.694565, SSIM: 0.825382, LR: 1.466e-04
2025-03-14 19:28:07,304 - INFO - Epoch 354/1500, PSNR: 24.920802, SSIM: 0.827769, LR: 1.447e-04
2025-03-14 19:28:54,647 - INFO - Epoch 355/1500, PSNR: 25.039148, SSIM: 0.824919, LR: 1.429e-04
2025-03-14 19:29:42,336 - INFO - Epoch 356/1500, PSNR: 24.511390, SSIM: 0.825887, LR: 1.410e-04
2025-03-14 19:30:30,142 - INFO - Epoch 357/1500, PSNR: 25.112762, SSIM: 0.827690, LR: 1.391e-04
2025-03-14 19:31:18,108 - INFO - Epoch 358/1500, PSNR: 24.804645, SSIM: 0.825505, LR: 1.371e-04
2025-03-14 19:32:05,876 - INFO - Epoch 359/1500, PSNR: 24.693007, SSIM: 0.825978, LR: 1.352e-04
2025-03-14 19:32:53,478 - INFO - Epoch 360/1500, PSNR: 25.099300, SSIM: 0.826961, LR: 1.332e-04
2025-03-14 19:33:41,047 - INFO - Epoch 361/1500, PSNR: 24.844256, SSIM: 0.826712, LR: 1.312e-04
2025-03-14 19:34:28,816 - INFO - Epoch 362/1500, PSNR: 25.131374, SSIM: 0.826258, LR: 1.293e-04
2025-03-14 19:35:16,424 - INFO - Epoch 363/1500, PSNR: 24.913641, SSIM: 0.826148, LR: 1.273e-04
2025-03-14 19:36:04,264 - INFO - Epoch 364/1500, PSNR: 24.810310, SSIM: 0.825565, LR: 1.252e-04
2025-03-14 19:36:51,983 - INFO - Epoch 365/1500, PSNR: 24.986712, SSIM: 0.825500, LR: 1.232e-04
2025-03-14 19:37:39,921 - INFO - Epoch 366/1500, PSNR: 24.608418, SSIM: 0.824144, LR: 1.212e-04
2025-03-14 19:38:27,704 - INFO - Epoch 367/1500, PSNR: 24.815315, SSIM: 0.828504, LR: 1.191e-04
2025-03-14 19:39:15,858 - INFO - Epoch 368/1500, PSNR: 25.021626, SSIM: 0.826915, LR: 1.171e-04
2025-03-14 19:40:03,671 - INFO - Epoch 369/1500, PSNR: 24.704070, SSIM: 0.826023, LR: 1.150e-04
2025-03-14 19:40:51,027 - INFO - Epoch 370/1500, PSNR: 24.064783, SSIM: 0.820843, LR: 1.130e-04
2025-03-14 19:41:38,862 - INFO - Epoch 371/1500, PSNR: 24.529537, SSIM: 0.826366, LR: 1.109e-04
2025-03-14 19:42:26,114 - INFO - Epoch 372/1500, PSNR: 24.449979, SSIM: 0.825291, LR: 1.088e-04
2025-03-14 19:43:13,348 - INFO - Epoch 373/1500, PSNR: 25.164110, SSIM: 0.827494, LR: 1.067e-04
2025-03-14 19:44:01,395 - INFO - Epoch 374/1500, PSNR: 24.680578, SSIM: 0.825147, LR: 1.047e-04
2025-03-14 19:44:48,974 - INFO - Epoch 375/1500, PSNR: 24.137125, SSIM: 0.822500, LR: 1.026e-04
2025-03-14 19:45:36,788 - INFO - Epoch 376/1500, PSNR: 24.808352, SSIM: 0.827446, LR: 1.005e-04
2025-03-14 19:46:24,372 - INFO - Epoch 377/1500, PSNR: 24.974368, SSIM: 0.828619, LR: 9.842e-05
2025-03-14 19:47:12,304 - INFO - Epoch 378/1500, PSNR: 25.194596, SSIM: 0.826596, LR: 9.633e-05
2025-03-14 19:47:59,974 - INFO - Epoch 379/1500, PSNR: 25.332637, SSIM: 0.829013, LR: 9.425e-05
2025-03-14 19:48:47,741 - INFO - Epoch 380/1500, PSNR: 25.077889, SSIM: 0.828035, LR: 9.217e-05
2025-03-14 19:49:36,013 - INFO - Epoch 381/1500, PSNR: 25.025783, SSIM: 0.829301, LR: 9.010e-05
2025-03-14 19:50:23,927 - INFO - Epoch 382/1500, PSNR: 25.098733, SSIM: 0.827537, LR: 8.803e-05
2025-03-14 19:51:11,944 - INFO - Epoch 383/1500, PSNR: 25.023941, SSIM: 0.828594, LR: 8.596e-05
2025-03-14 19:51:59,956 - INFO - Epoch 384/1500, PSNR: 24.839322, SSIM: 0.828548, LR: 8.391e-05
2025-03-14 19:52:48,045 - INFO - Epoch 385/1500, PSNR: 24.513701, SSIM: 0.826016, LR: 8.186e-05
2025-03-14 19:53:36,194 - INFO - Epoch 386/1500, PSNR: 24.891873, SSIM: 0.827239, LR: 7.981e-05
2025-03-14 19:54:24,098 - INFO - Epoch 387/1500, PSNR: 24.405880, SSIM: 0.826066, LR: 7.778e-05
2025-03-14 19:55:11,780 - INFO - Epoch 388/1500, PSNR: 24.975648, SSIM: 0.828072, LR: 7.576e-05
2025-03-14 19:55:59,438 - INFO - Epoch 389/1500, PSNR: 24.258242, SSIM: 0.824667, LR: 7.374e-05
2025-03-14 19:56:46,918 - INFO - Epoch 390/1500, PSNR: 25.005644, SSIM: 0.827226, LR: 7.174e-05
2025-03-14 19:57:34,019 - INFO - Epoch 391/1500, PSNR: 25.148118, SSIM: 0.829281, LR: 6.975e-05
2025-03-14 19:58:21,419 - INFO - Epoch 392/1500, PSNR: 24.575958, SSIM: 0.827442, LR: 6.778e-05
2025-03-14 19:59:09,284 - INFO - Epoch 393/1500, PSNR: 25.024018, SSIM: 0.827110, LR: 6.582e-05
2025-03-14 19:59:56,506 - INFO - Epoch 394/1500, PSNR: 24.684974, SSIM: 0.827304, LR: 6.387e-05
2025-03-14 20:00:44,552 - INFO - Epoch 395/1500, PSNR: 24.683741, SSIM: 0.826651, LR: 6.194e-05
2025-03-14 20:01:32,085 - INFO - Epoch 396/1500, PSNR: 24.767420, SSIM: 0.828447, LR: 6.003e-05
2025-03-14 20:02:20,190 - INFO - Epoch 397/1500, PSNR: 24.921900, SSIM: 0.828576, LR: 5.813e-05
2025-03-14 20:03:07,402 - INFO - Epoch 398/1500, PSNR: 24.854836, SSIM: 0.826357, LR: 5.626e-05
2025-03-14 20:03:55,306 - INFO - Epoch 399/1500, PSNR: 24.965387, SSIM: 0.828734, LR: 5.440e-05
2025-03-14 20:04:43,059 - INFO - Epoch 400/1500, PSNR: 25.050497, SSIM: 0.829276, LR: 5.257e-05
2025-03-14 20:05:30,848 - INFO - Epoch 401/1500, PSNR: 24.830696, SSIM: 0.826480, LR: 5.075e-05
2025-03-14 20:06:18,952 - INFO - Epoch 402/1500, PSNR: 25.054482, SSIM: 0.828347, LR: 4.896e-05
2025-03-14 20:07:06,637 - INFO - Epoch 403/1500, PSNR: 24.998703, SSIM: 0.828086, LR: 4.719e-05
2025-03-14 20:07:54,463 - INFO - Epoch 404/1500, PSNR: 24.777470, SSIM: 0.827829, LR: 4.544e-05
2025-03-14 20:08:42,206 - INFO - Epoch 405/1500, PSNR: 25.099074, SSIM: 0.829672, LR: 4.371e-05
2025-03-14 20:09:30,259 - INFO - Epoch 406/1500, PSNR: 24.779775, SSIM: 0.826840, LR: 4.202e-05
2025-03-14 20:10:17,351 - INFO - Epoch 407/1500, PSNR: 24.897231, SSIM: 0.828191, LR: 4.034e-05
2025-03-14 20:11:04,752 - INFO - Epoch 408/1500, PSNR: 24.882598, SSIM: 0.828854, LR: 3.870e-05
2025-03-14 20:11:52,159 - INFO - Epoch 409/1500, PSNR: 25.058215, SSIM: 0.829424, LR: 3.708e-05
2025-03-14 20:12:40,437 - INFO - Epoch 410/1500, PSNR: 24.975798, SSIM: 0.828536, LR: 3.548e-05
2025-03-14 20:13:28,456 - INFO - Epoch 411/1500, PSNR: 24.905513, SSIM: 0.828315, LR: 3.392e-05
2025-03-14 20:14:16,409 - INFO - Epoch 412/1500, PSNR: 25.294883, SSIM: 0.829174, LR: 3.239e-05
2025-03-14 20:15:04,507 - INFO - Epoch 413/1500, PSNR: 25.210744, SSIM: 0.829232, LR: 3.088e-05
2025-03-14 20:15:51,913 - INFO - Epoch 414/1500, PSNR: 25.150086, SSIM: 0.829301, LR: 2.941e-05
2025-03-14 20:16:39,884 - INFO - Epoch 415/1500, PSNR: 24.961161, SSIM: 0.829087, LR: 2.797e-05
2025-03-14 20:17:27,596 - INFO - Epoch 416/1500, PSNR: 25.226074, SSIM: 0.830164, LR: 2.656e-05
2025-03-14 20:18:15,252 - INFO - Epoch 417/1500, PSNR: 24.952592, SSIM: 0.828931, LR: 2.518e-05
2025-03-14 20:19:03,410 - INFO - Epoch 418/1500, PSNR: 24.974658, SSIM: 0.828659, LR: 2.383e-05
2025-03-14 20:19:51,389 - INFO - Epoch 419/1500, PSNR: 24.836379, SSIM: 0.828724, LR: 2.252e-05
2025-03-14 20:20:39,545 - INFO - Epoch 420/1500, PSNR: 24.986909, SSIM: 0.829190, LR: 2.125e-05
2025-03-14 20:21:27,331 - INFO - Epoch 421/1500, PSNR: 24.905335, SSIM: 0.829174, LR: 2.000e-05
2025-03-14 20:22:15,428 - INFO - Epoch 422/1500, PSNR: 25.065630, SSIM: 0.829131, LR: 1.880e-05
2025-03-14 20:23:03,673 - INFO - Epoch 423/1500, PSNR: 24.946277, SSIM: 0.828786, LR: 1.762e-05
2025-03-14 20:23:51,628 - INFO - Epoch 424/1500, PSNR: 25.060337, SSIM: 0.829394, LR: 1.649e-05
2025-03-14 20:24:39,130 - INFO - Epoch 425/1500, PSNR: 25.049842, SSIM: 0.829702, LR: 1.539e-05
2025-03-14 20:25:27,215 - INFO - Epoch 426/1500, PSNR: 25.027379, SSIM: 0.829604, LR: 1.433e-05
2025-03-14 20:26:15,607 - INFO - Epoch 427/1500, PSNR: 25.031041, SSIM: 0.829304, LR: 1.331e-05
2025-03-14 20:27:03,474 - INFO - Epoch 428/1500, PSNR: 24.964682, SSIM: 0.828899, LR: 1.232e-05
2025-03-14 20:27:51,614 - INFO - Epoch 429/1500, PSNR: 25.103049, SSIM: 0.829674, LR: 1.138e-05
2025-03-14 20:28:39,315 - INFO - Epoch 430/1500, PSNR: 25.155786, SSIM: 0.829795, LR: 1.047e-05
2025-03-14 20:29:27,765 - INFO - Epoch 431/1500, PSNR: 25.026546, SSIM: 0.829038, LR: 9.602e-06
2025-03-14 20:30:15,602 - INFO - Epoch 432/1500, PSNR: 24.991426, SSIM: 0.829053, LR: 8.775e-06
2025-03-14 20:31:03,697 - INFO - Epoch 433/1500, PSNR: 25.160787, SSIM: 0.829589, LR: 7.987e-06
2025-03-14 20:31:51,128 - INFO - Epoch 434/1500, PSNR: 24.936044, SSIM: 0.828955, LR: 7.240e-06
2025-03-14 20:32:39,074 - INFO - Epoch 435/1500, PSNR: 25.084432, SSIM: 0.829626, LR: 6.535e-06
2025-03-14 20:33:26,733 - INFO - Epoch 436/1500, PSNR: 25.035731, SSIM: 0.829612, LR: 5.870e-06
2025-03-14 20:34:14,855 - INFO - Epoch 437/1500, PSNR: 25.039279, SSIM: 0.829661, LR: 5.247e-06
2025-03-14 20:35:02,143 - INFO - Epoch 438/1500, PSNR: 25.052593, SSIM: 0.829519, LR: 4.665e-06
2025-03-14 20:35:49,689 - INFO - Epoch 439/1500, PSNR: 25.057447, SSIM: 0.829506, LR: 4.126e-06
2025-03-14 20:36:37,017 - INFO - Epoch 440/1500, PSNR: 25.053261, SSIM: 0.829400, LR: 3.629e-06
2025-03-14 20:37:24,576 - INFO - Epoch 441/1500, PSNR: 25.062835, SSIM: 0.829531, LR: 3.174e-06
2025-03-14 20:38:11,987 - INFO - Epoch 442/1500, PSNR: 25.044825, SSIM: 0.829567, LR: 2.762e-06
2025-03-14 20:38:59,923 - INFO - Epoch 443/1500, PSNR: 25.079045, SSIM: 0.829691, LR: 2.393e-06
2025-03-14 20:39:47,462 - INFO - Epoch 444/1500, PSNR: 25.053703, SSIM: 0.829549, LR: 2.067e-06
2025-03-14 20:40:35,468 - INFO - Epoch 445/1500, PSNR: 25.022454, SSIM: 0.829451, LR: 1.785e-06
2025-03-14 20:41:23,649 - INFO - Epoch 446/1500, PSNR: 25.070112, SSIM: 0.829649, LR: 1.545e-06
2025-03-14 20:42:11,539 - INFO - Epoch 447/1500, PSNR: 25.029519, SSIM: 0.829474, LR: 1.349e-06
2025-03-14 20:42:59,077 - INFO - Epoch 448/1500, PSNR: 25.052340, SSIM: 0.829565, LR: 1.196e-06
2025-03-14 20:43:47,137 - INFO - Epoch 449/1500, PSNR: 25.053161, SSIM: 0.829679, LR: 1.087e-06
2025-03-14 20:44:34,973 - INFO - Epoch 450/1500, PSNR: 25.050928, SSIM: 0.829637, LR: 1.022e-06
2025-03-14 20:45:22,621 - INFO - Epoch 451/1500, PSNR: 25.121896, SSIM: 0.828275, LR: 2.000e-04
2025-03-14 20:46:10,126 - INFO - Epoch 452/1500, PSNR: 24.948074, SSIM: 0.824739, LR: 2.000e-04
2025-03-14 20:46:57,588 - INFO - Epoch 453/1500, PSNR: 24.698538, SSIM: 0.826371, LR: 1.999e-04
2025-03-14 20:47:45,840 - INFO - Epoch 454/1500, PSNR: 25.299353, SSIM: 0.828465, LR: 1.998e-04
2025-03-14 20:48:33,709 - INFO - Epoch 455/1500, PSNR: 25.157567, SSIM: 0.829336, LR: 1.997e-04
2025-03-14 20:49:21,606 - INFO - Epoch 456/1500, PSNR: 24.140792, SSIM: 0.821272, LR: 1.995e-04
2025-03-14 20:50:09,716 - INFO - Epoch 457/1500, PSNR: 24.986431, SSIM: 0.824732, LR: 1.992e-04
2025-03-14 20:50:57,825 - INFO - Epoch 458/1500, PSNR: 24.424843, SSIM: 0.823351, LR: 1.989e-04
2025-03-14 20:51:45,702 - INFO - Epoch 459/1500, PSNR: 23.956222, SSIM: 0.821516, LR: 1.986e-04
2025-03-14 20:52:34,095 - INFO - Epoch 460/1500, PSNR: 24.782028, SSIM: 0.827204, LR: 1.982e-04
2025-03-14 20:53:22,279 - INFO - Epoch 461/1500, PSNR: 24.821055, SSIM: 0.825951, LR: 1.978e-04
2025-03-14 20:54:10,359 - INFO - Epoch 462/1500, PSNR: 24.601955, SSIM: 0.828081, LR: 1.974e-04
2025-03-14 20:54:58,715 - INFO - Epoch 463/1500, PSNR: 23.843639, SSIM: 0.820005, LR: 1.969e-04
2025-03-14 20:55:46,049 - INFO - Epoch 464/1500, PSNR: 24.882841, SSIM: 0.826295, LR: 1.963e-04
2025-03-14 20:56:33,583 - INFO - Epoch 465/1500, PSNR: 24.467067, SSIM: 0.824925, LR: 1.958e-04
2025-03-14 20:57:21,472 - INFO - Epoch 466/1500, PSNR: 24.388563, SSIM: 0.826135, LR: 1.951e-04
2025-03-14 20:58:09,565 - INFO - Epoch 467/1500, PSNR: 24.014328, SSIM: 0.817618, LR: 1.945e-04
2025-03-14 20:58:57,793 - INFO - Epoch 468/1500, PSNR: 24.387770, SSIM: 0.826144, LR: 1.938e-04
2025-03-14 20:59:46,062 - INFO - Epoch 469/1500, PSNR: 24.796478, SSIM: 0.826914, LR: 1.930e-04
2025-03-14 21:00:33,711 - INFO - Epoch 470/1500, PSNR: 24.762824, SSIM: 0.824037, LR: 1.922e-04
2025-03-14 21:01:21,792 - INFO - Epoch 471/1500, PSNR: 24.430557, SSIM: 0.827295, LR: 1.914e-04
2025-03-14 21:02:09,702 - INFO - Epoch 472/1500, PSNR: 24.854694, SSIM: 0.825705, LR: 1.905e-04
2025-03-14 21:02:57,678 - INFO - Epoch 473/1500, PSNR: 24.270967, SSIM: 0.823196, LR: 1.896e-04
2025-03-14 21:03:45,518 - INFO - Epoch 474/1500, PSNR: 24.741223, SSIM: 0.827153, LR: 1.887e-04
2025-03-14 21:04:33,387 - INFO - Epoch 475/1500, PSNR: 24.270637, SSIM: 0.823856, LR: 1.877e-04
2025-03-14 21:05:21,094 - INFO - Epoch 476/1500, PSNR: 24.070790, SSIM: 0.824435, LR: 1.867e-04
2025-03-14 21:06:09,051 - INFO - Epoch 477/1500, PSNR: 24.706763, SSIM: 0.824586, LR: 1.856e-04
2025-03-14 21:06:57,133 - INFO - Epoch 478/1500, PSNR: 24.408341, SSIM: 0.825051, LR: 1.845e-04
2025-03-14 21:07:44,805 - INFO - Epoch 479/1500, PSNR: 24.878090, SSIM: 0.828281, LR: 1.834e-04
2025-03-14 21:08:32,611 - INFO - Epoch 480/1500, PSNR: 24.387765, SSIM: 0.824509, LR: 1.822e-04
2025-03-14 21:09:19,959 - INFO - Epoch 481/1500, PSNR: 25.101425, SSIM: 0.827213, LR: 1.810e-04
2025-03-14 21:10:07,910 - INFO - Epoch 482/1500, PSNR: 25.141836, SSIM: 0.827031, LR: 1.798e-04
2025-03-14 21:10:55,268 - INFO - Epoch 483/1500, PSNR: 24.930149, SSIM: 0.828048, LR: 1.785e-04
2025-03-14 21:11:43,220 - INFO - Epoch 484/1500, PSNR: 24.756257, SSIM: 0.824431, LR: 1.772e-04
2025-03-14 21:12:31,265 - INFO - Epoch 485/1500, PSNR: 24.678784, SSIM: 0.828103, LR: 1.758e-04
2025-03-14 21:13:19,044 - INFO - Epoch 486/1500, PSNR: 24.983646, SSIM: 0.828409, LR: 1.744e-04
2025-03-14 21:14:06,931 - INFO - Epoch 487/1500, PSNR: 24.749026, SSIM: 0.827110, LR: 1.730e-04
2025-03-14 21:14:55,140 - INFO - Epoch 488/1500, PSNR: 24.914836, SSIM: 0.828234, LR: 1.716e-04
2025-03-14 21:15:43,252 - INFO - Epoch 489/1500, PSNR: 24.908929, SSIM: 0.827746, LR: 1.701e-04
2025-03-14 21:16:31,572 - INFO - Epoch 490/1500, PSNR: 24.861683, SSIM: 0.826608, LR: 1.686e-04
2025-03-14 21:17:18,886 - INFO - Epoch 491/1500, PSNR: 24.693403, SSIM: 0.827515, LR: 1.671e-04
2025-03-14 21:18:06,385 - INFO - Epoch 492/1500, PSNR: 25.023995, SSIM: 0.827934, LR: 1.655e-04
2025-03-14 21:18:54,358 - INFO - Epoch 493/1500, PSNR: 25.148618, SSIM: 0.828700, LR: 1.639e-04
2025-03-14 21:19:42,152 - INFO - Epoch 494/1500, PSNR: 24.963920, SSIM: 0.828942, LR: 1.623e-04
2025-03-14 21:20:30,278 - INFO - Epoch 495/1500, PSNR: 24.751512, SSIM: 0.825779, LR: 1.607e-04
2025-03-14 21:21:18,185 - INFO - Epoch 496/1500, PSNR: 24.223044, SSIM: 0.824477, LR: 1.590e-04
2025-03-14 21:22:06,089 - INFO - Epoch 497/1500, PSNR: 24.882058, SSIM: 0.828760, LR: 1.573e-04
2025-03-14 21:22:54,480 - INFO - Epoch 498/1500, PSNR: 24.334754, SSIM: 0.827378, LR: 1.556e-04
2025-03-14 21:23:42,322 - INFO - Epoch 499/1500, PSNR: 24.909642, SSIM: 0.827020, LR: 1.538e-04
2025-03-14 21:24:29,665 - INFO - Epoch 500/1500, PSNR: 24.915814, SSIM: 0.829104, LR: 1.520e-04
2025-03-14 21:25:17,551 - INFO - Epoch 501/1500, PSNR: 24.492000, SSIM: 0.827662, LR: 1.503e-04
2025-03-14 21:26:04,901 - INFO - Epoch 502/1500, PSNR: 24.034783, SSIM: 0.823887, LR: 1.484e-04
2025-03-14 21:26:52,768 - INFO - Epoch 503/1500, PSNR: 24.745513, SSIM: 0.826638, LR: 1.466e-04
2025-03-14 21:27:40,637 - INFO - Epoch 504/1500, PSNR: 24.659445, SSIM: 0.826811, LR: 1.447e-04
2025-03-14 21:28:28,643 - INFO - Epoch 505/1500, PSNR: 24.337007, SSIM: 0.827593, LR: 1.429e-04
2025-03-14 21:29:16,753 - INFO - Epoch 506/1500, PSNR: 24.478171, SSIM: 0.827334, LR: 1.410e-04
2025-03-14 21:30:04,496 - INFO - Epoch 507/1500, PSNR: 24.707938, SSIM: 0.827069, LR: 1.391e-04
2025-03-14 21:30:52,726 - INFO - Epoch 508/1500, PSNR: 24.847090, SSIM: 0.829051, LR: 1.371e-04
2025-03-14 21:31:40,986 - INFO - Epoch 509/1500, PSNR: 24.353145, SSIM: 0.827901, LR: 1.352e-04
2025-03-14 21:32:28,613 - INFO - Epoch 510/1500, PSNR: 24.860974, SSIM: 0.827867, LR: 1.332e-04
2025-03-14 21:33:16,756 - INFO - Epoch 511/1500, PSNR: 25.258270, SSIM: 0.828670, LR: 1.312e-04
2025-03-14 21:34:05,200 - INFO - Epoch 512/1500, PSNR: 24.733079, SSIM: 0.829452, LR: 1.293e-04
2025-03-14 21:34:53,306 - INFO - Epoch 513/1500, PSNR: 24.601906, SSIM: 0.827105, LR: 1.273e-04
2025-03-14 21:35:41,991 - INFO - Epoch 514/1500, PSNR: 25.027308, SSIM: 0.829941, LR: 1.252e-04
2025-03-14 21:36:29,943 - INFO - Epoch 515/1500, PSNR: 25.225195, SSIM: 0.829136, LR: 1.232e-04
2025-03-14 21:37:17,806 - INFO - Epoch 516/1500, PSNR: 24.895176, SSIM: 0.828844, LR: 1.212e-04
2025-03-14 21:38:05,692 - INFO - Epoch 517/1500, PSNR: 23.862524, SSIM: 0.823750, LR: 1.191e-04
2025-03-14 21:38:53,463 - INFO - Epoch 518/1500, PSNR: 24.413487, SSIM: 0.826579, LR: 1.171e-04
2025-03-14 21:39:40,891 - INFO - Epoch 519/1500, PSNR: 24.837531, SSIM: 0.829228, LR: 1.150e-04
2025-03-14 21:40:29,124 - INFO - Epoch 520/1500, PSNR: 24.728713, SSIM: 0.827262, LR: 1.130e-04
2025-03-14 21:41:17,413 - INFO - Epoch 521/1500, PSNR: 24.420505, SSIM: 0.825958, LR: 1.109e-04
2025-03-14 21:42:05,338 - INFO - Epoch 522/1500, PSNR: 24.786435, SSIM: 0.828709, LR: 1.088e-04
2025-03-14 21:42:53,583 - INFO - Epoch 523/1500, PSNR: 24.974825, SSIM: 0.828082, LR: 1.067e-04
2025-03-14 21:43:41,167 - INFO - Epoch 524/1500, PSNR: 24.645943, SSIM: 0.829661, LR: 1.047e-04
2025-03-14 21:44:29,269 - INFO - Epoch 525/1500, PSNR: 24.977812, SSIM: 0.829578, LR: 1.026e-04
2025-03-14 21:45:16,915 - INFO - Epoch 526/1500, PSNR: 24.906199, SSIM: 0.827711, LR: 1.005e-04
2025-03-14 21:46:04,977 - INFO - Epoch 527/1500, PSNR: 25.209801, SSIM: 0.829468, LR: 9.842e-05
2025-03-14 21:46:53,018 - INFO - Epoch 528/1500, PSNR: 24.879247, SSIM: 0.829063, LR: 9.633e-05
2025-03-14 21:47:41,133 - INFO - Epoch 529/1500, PSNR: 24.395704, SSIM: 0.826950, LR: 9.425e-05
2025-03-14 21:48:29,362 - INFO - Epoch 530/1500, PSNR: 25.046235, SSIM: 0.830104, LR: 9.217e-05
2025-03-14 21:49:17,190 - INFO - Epoch 531/1500, PSNR: 24.740233, SSIM: 0.829231, LR: 9.010e-05
2025-03-14 21:50:05,445 - INFO - Epoch 532/1500, PSNR: 24.776822, SSIM: 0.828934, LR: 8.803e-05
2025-03-14 21:50:53,539 - INFO - Epoch 533/1500, PSNR: 24.717841, SSIM: 0.828327, LR: 8.596e-05
2025-03-14 21:51:41,556 - INFO - Epoch 534/1500, PSNR: 24.799584, SSIM: 0.829745, LR: 8.391e-05
2025-03-14 21:52:29,574 - INFO - Epoch 535/1500, PSNR: 24.832832, SSIM: 0.829663, LR: 8.186e-05
2025-03-14 21:53:17,401 - INFO - Epoch 536/1500, PSNR: 24.954709, SSIM: 0.830616, LR: 7.981e-05
2025-03-14 21:54:05,345 - INFO - Epoch 537/1500, PSNR: 25.186100, SSIM: 0.829687, LR: 7.778e-05
2025-03-14 21:54:52,785 - INFO - Epoch 538/1500, PSNR: 24.588502, SSIM: 0.828586, LR: 7.576e-05
2025-03-14 21:55:40,667 - INFO - Epoch 539/1500, PSNR: 24.777036, SSIM: 0.827670, LR: 7.374e-05
2025-03-14 21:56:28,782 - INFO - Epoch 540/1500, PSNR: 25.090876, SSIM: 0.829391, LR: 7.174e-05
2025-03-14 21:57:16,763 - INFO - Epoch 541/1500, PSNR: 24.706374, SSIM: 0.828433, LR: 6.975e-05
2025-03-14 21:58:05,112 - INFO - Epoch 542/1500, PSNR: 25.068741, SSIM: 0.829893, LR: 6.778e-05
2025-03-14 21:58:52,916 - INFO - Epoch 543/1500, PSNR: 25.051484, SSIM: 0.829682, LR: 6.582e-05
2025-03-14 21:59:40,468 - INFO - Epoch 544/1500, PSNR: 25.010772, SSIM: 0.828959, LR: 6.387e-05
2025-03-14 22:00:28,340 - INFO - Epoch 545/1500, PSNR: 24.848249, SSIM: 0.830151, LR: 6.194e-05
2025-03-14 22:01:16,162 - INFO - Epoch 546/1500, PSNR: 24.803554, SSIM: 0.829114, LR: 6.003e-05
2025-03-14 22:02:04,071 - INFO - Epoch 547/1500, PSNR: 24.833831, SSIM: 0.828717, LR: 5.813e-05
2025-03-14 22:02:51,674 - INFO - Epoch 548/1500, PSNR: 24.899884, SSIM: 0.828941, LR: 5.626e-05
2025-03-14 22:03:39,221 - INFO - Epoch 549/1500, PSNR: 25.002882, SSIM: 0.830061, LR: 5.440e-05
2025-03-14 22:04:27,342 - INFO - Epoch 550/1500, PSNR: 24.982968, SSIM: 0.829077, LR: 5.257e-05
2025-03-14 22:05:14,640 - INFO - Epoch 551/1500, PSNR: 24.863496, SSIM: 0.829546, LR: 5.075e-05
2025-03-14 22:06:02,384 - INFO - Epoch 552/1500, PSNR: 24.924758, SSIM: 0.830652, LR: 4.896e-05
2025-03-14 22:06:50,323 - INFO - Epoch 553/1500, PSNR: 25.050916, SSIM: 0.830474, LR: 4.719e-05
2025-03-14 22:07:38,582 - INFO - Epoch 554/1500, PSNR: 24.885984, SSIM: 0.828395, LR: 4.544e-05
2025-03-14 22:08:26,110 - INFO - Epoch 555/1500, PSNR: 24.640969, SSIM: 0.828670, LR: 4.371e-05
2025-03-14 22:09:14,159 - INFO - Epoch 556/1500, PSNR: 24.810298, SSIM: 0.829780, LR: 4.202e-05
2025-03-14 22:10:01,939 - INFO - Epoch 557/1500, PSNR: 24.822430, SSIM: 0.829579, LR: 4.034e-05
2025-03-14 22:10:50,022 - INFO - Epoch 558/1500, PSNR: 25.031089, SSIM: 0.830397, LR: 3.870e-05
2025-03-14 22:11:38,301 - INFO - Epoch 559/1500, PSNR: 24.866925, SSIM: 0.830387, LR: 3.708e-05
2025-03-14 22:12:26,415 - INFO - Epoch 560/1500, PSNR: 24.810814, SSIM: 0.829484, LR: 3.548e-05
2025-03-14 22:13:14,637 - INFO - Epoch 561/1500, PSNR: 25.041763, SSIM: 0.830133, LR: 3.392e-05
2025-03-14 22:14:02,246 - INFO - Epoch 562/1500, PSNR: 24.789944, SSIM: 0.830051, LR: 3.239e-05
2025-03-14 22:14:49,553 - INFO - Epoch 563/1500, PSNR: 24.781939, SSIM: 0.830012, LR: 3.088e-05
2025-03-14 22:15:37,235 - INFO - Epoch 564/1500, PSNR: 24.960972, SSIM: 0.831248, LR: 2.941e-05
2025-03-14 22:16:25,115 - INFO - Epoch 565/1500, PSNR: 25.112808, SSIM: 0.831343, LR: 2.797e-05
2025-03-14 22:17:12,896 - INFO - Epoch 566/1500, PSNR: 25.284145, SSIM: 0.830971, LR: 2.656e-05
2025-03-14 22:18:01,149 - INFO - Epoch 567/1500, PSNR: 24.870106, SSIM: 0.830599, LR: 2.518e-05
2025-03-14 22:18:49,348 - INFO - Epoch 568/1500, PSNR: 24.861873, SSIM: 0.830509, LR: 2.383e-05
2025-03-14 22:19:36,538 - INFO - Epoch 569/1500, PSNR: 24.966502, SSIM: 0.830816, LR: 2.252e-05
2025-03-14 22:20:24,860 - INFO - Epoch 570/1500, PSNR: 24.745487, SSIM: 0.829009, LR: 2.125e-05
2025-03-14 22:21:12,837 - INFO - Epoch 571/1500, PSNR: 25.037635, SSIM: 0.831013, LR: 2.000e-05
2025-03-14 22:22:00,208 - INFO - Epoch 572/1500, PSNR: 25.073283, SSIM: 0.830865, LR: 1.880e-05
2025-03-14 22:22:47,514 - INFO - Epoch 573/1500, PSNR: 24.809371, SSIM: 0.830112, LR: 1.762e-05
2025-03-14 22:23:35,470 - INFO - Epoch 574/1500, PSNR: 25.043938, SSIM: 0.830594, LR: 1.649e-05
2025-03-14 22:24:23,114 - INFO - Epoch 575/1500, PSNR: 24.902021, SSIM: 0.830991, LR: 1.539e-05
2025-03-14 22:25:10,511 - INFO - Epoch 576/1500, PSNR: 25.020378, SSIM: 0.830440, LR: 1.433e-05
2025-03-14 22:25:58,039 - INFO - Epoch 577/1500, PSNR: 24.960853, SSIM: 0.831032, LR: 1.331e-05
2025-03-14 22:26:45,236 - INFO - Epoch 578/1500, PSNR: 25.115929, SSIM: 0.831296, LR: 1.232e-05
2025-03-14 22:27:33,064 - INFO - Epoch 579/1500, PSNR: 25.033413, SSIM: 0.831397, LR: 1.138e-05
2025-03-14 22:28:21,356 - INFO - Epoch 580/1500, PSNR: 25.104138, SSIM: 0.831718, LR: 1.047e-05
2025-03-14 22:29:09,430 - INFO - Epoch 581/1500, PSNR: 25.066251, SSIM: 0.831170, LR: 9.602e-06
2025-03-14 22:29:57,270 - INFO - Epoch 582/1500, PSNR: 25.068212, SSIM: 0.831453, LR: 8.775e-06
2025-03-14 22:30:44,852 - INFO - Epoch 583/1500, PSNR: 25.090201, SSIM: 0.831221, LR: 7.987e-06
2025-03-14 22:31:32,752 - INFO - Epoch 584/1500, PSNR: 25.055567, SSIM: 0.831364, LR: 7.240e-06
2025-03-14 22:32:20,842 - INFO - Epoch 585/1500, PSNR: 25.043637, SSIM: 0.831218, LR: 6.535e-06
2025-03-14 22:33:08,944 - INFO - Epoch 586/1500, PSNR: 25.097417, SSIM: 0.831363, LR: 5.870e-06
2025-03-14 22:33:56,869 - INFO - Epoch 587/1500, PSNR: 25.032113, SSIM: 0.831222, LR: 5.247e-06
2025-03-14 22:34:44,692 - INFO - Epoch 588/1500, PSNR: 25.110918, SSIM: 0.831483, LR: 4.665e-06
2025-03-14 22:35:33,023 - INFO - Epoch 589/1500, PSNR: 25.089326, SSIM: 0.831372, LR: 4.126e-06
2025-03-14 22:36:21,117 - INFO - Epoch 590/1500, PSNR: 25.045706, SSIM: 0.831151, LR: 3.629e-06
2025-03-14 22:37:08,852 - INFO - Epoch 591/1500, PSNR: 25.095714, SSIM: 0.831216, LR: 3.174e-06
2025-03-14 22:37:56,488 - INFO - Epoch 592/1500, PSNR: 25.083332, SSIM: 0.831195, LR: 2.762e-06
2025-03-14 22:38:43,768 - INFO - Epoch 593/1500, PSNR: 25.050678, SSIM: 0.831020, LR: 2.393e-06
2025-03-14 22:39:31,738 - INFO - Epoch 594/1500, PSNR: 25.042106, SSIM: 0.831175, LR: 2.067e-06
2025-03-14 22:40:19,723 - INFO - Epoch 595/1500, PSNR: 25.081120, SSIM: 0.831261, LR: 1.785e-06
2025-03-14 22:41:07,881 - INFO - Epoch 596/1500, PSNR: 25.057156, SSIM: 0.831271, LR: 1.545e-06
2025-03-14 22:41:55,559 - INFO - Epoch 597/1500, PSNR: 25.038209, SSIM: 0.831168, LR: 1.349e-06
2025-03-14 22:42:43,238 - INFO - Epoch 598/1500, PSNR: 25.015693, SSIM: 0.831130, LR: 1.196e-06
2025-03-14 22:43:30,911 - INFO - Epoch 599/1500, PSNR: 25.029148, SSIM: 0.831173, LR: 1.087e-06
2025-03-14 22:44:18,652 - INFO - Epoch 600/1500, PSNR: 25.039962, SSIM: 0.831189, LR: 1.022e-06
2025-03-14 22:45:06,267 - INFO - Epoch 601/1500, PSNR: 24.237506, SSIM: 0.826412, LR: 2.000e-04
2025-03-14 22:45:53,820 - INFO - Epoch 602/1500, PSNR: 24.630279, SSIM: 0.823506, LR: 2.000e-04
2025-03-14 22:46:41,813 - INFO - Epoch 603/1500, PSNR: 24.709029, SSIM: 0.827968, LR: 1.999e-04
2025-03-14 22:47:29,885 - INFO - Epoch 604/1500, PSNR: 25.018306, SSIM: 0.829807, LR: 1.998e-04
2025-03-14 22:48:18,134 - INFO - Epoch 605/1500, PSNR: 24.850831, SSIM: 0.829289, LR: 1.997e-04
2025-03-14 22:49:06,492 - INFO - Epoch 606/1500, PSNR: 24.187894, SSIM: 0.824763, LR: 1.995e-04
2025-03-14 22:49:53,794 - INFO - Epoch 607/1500, PSNR: 24.565163, SSIM: 0.824863, LR: 1.992e-04
2025-03-14 22:50:41,265 - INFO - Epoch 608/1500, PSNR: 24.725358, SSIM: 0.826911, LR: 1.989e-04
2025-03-14 22:51:28,656 - INFO - Epoch 609/1500, PSNR: 24.966883, SSIM: 0.830388, LR: 1.986e-04
2025-03-14 22:52:16,861 - INFO - Epoch 610/1500, PSNR: 25.074294, SSIM: 0.829373, LR: 1.982e-04
2025-03-14 22:53:04,994 - INFO - Epoch 611/1500, PSNR: 24.342951, SSIM: 0.827098, LR: 1.978e-04
2025-03-14 22:53:53,155 - INFO - Epoch 612/1500, PSNR: 24.922262, SSIM: 0.830667, LR: 1.974e-04
2025-03-14 22:54:41,485 - INFO - Epoch 613/1500, PSNR: 24.588624, SSIM: 0.829265, LR: 1.969e-04
2025-03-14 22:55:28,710 - INFO - Epoch 614/1500, PSNR: 24.310737, SSIM: 0.827017, LR: 1.963e-04
2025-03-14 22:56:16,492 - INFO - Epoch 615/1500, PSNR: 24.895924, SSIM: 0.830410, LR: 1.958e-04
2025-03-14 22:57:04,790 - INFO - Epoch 616/1500, PSNR: 24.641393, SSIM: 0.829131, LR: 1.951e-04
2025-03-14 22:57:53,240 - INFO - Epoch 617/1500, PSNR: 24.278726, SSIM: 0.826319, LR: 1.945e-04
2025-03-14 22:58:41,484 - INFO - Epoch 618/1500, PSNR: 25.170342, SSIM: 0.829072, LR: 1.938e-04
2025-03-14 22:59:29,358 - INFO - Epoch 619/1500, PSNR: 24.742335, SSIM: 0.828544, LR: 1.930e-04
2025-03-14 23:00:17,476 - INFO - Epoch 620/1500, PSNR: 24.717465, SSIM: 0.827917, LR: 1.922e-04
2025-03-14 23:01:04,985 - INFO - Epoch 621/1500, PSNR: 24.832039, SSIM: 0.829398, LR: 1.914e-04
2025-03-14 23:01:53,359 - INFO - Epoch 622/1500, PSNR: 24.548769, SSIM: 0.825686, LR: 1.905e-04
2025-03-14 23:02:41,521 - INFO - Epoch 623/1500, PSNR: 24.985463, SSIM: 0.827858, LR: 1.896e-04
2025-03-14 23:03:29,558 - INFO - Epoch 624/1500, PSNR: 23.922726, SSIM: 0.819125, LR: 1.887e-04
2025-03-14 23:04:17,497 - INFO - Epoch 625/1500, PSNR: 25.055601, SSIM: 0.828916, LR: 1.877e-04
2025-03-14 23:05:05,438 - INFO - Epoch 626/1500, PSNR: 24.698892, SSIM: 0.828095, LR: 1.867e-04
2025-03-14 23:05:53,301 - INFO - Epoch 627/1500, PSNR: 24.658679, SSIM: 0.825959, LR: 1.856e-04
2025-03-14 23:06:40,595 - INFO - Epoch 628/1500, PSNR: 24.615611, SSIM: 0.828211, LR: 1.845e-04
2025-03-14 23:07:27,976 - INFO - Epoch 629/1500, PSNR: 24.420191, SSIM: 0.827465, LR: 1.834e-04
2025-03-14 23:08:15,257 - INFO - Epoch 630/1500, PSNR: 24.551529, SSIM: 0.828852, LR: 1.822e-04
2025-03-14 23:09:03,311 - INFO - Epoch 631/1500, PSNR: 24.594150, SSIM: 0.827629, LR: 1.810e-04
2025-03-14 23:09:50,850 - INFO - Epoch 632/1500, PSNR: 24.708094, SSIM: 0.827342, LR: 1.798e-04
2025-03-14 23:10:38,593 - INFO - Epoch 633/1500, PSNR: 24.394504, SSIM: 0.827215, LR: 1.785e-04
2025-03-14 23:11:26,299 - INFO - Epoch 634/1500, PSNR: 24.606363, SSIM: 0.826039, LR: 1.772e-04
2025-03-14 23:12:14,418 - INFO - Epoch 635/1500, PSNR: 25.018437, SSIM: 0.828874, LR: 1.758e-04
2025-03-14 23:13:01,945 - INFO - Epoch 636/1500, PSNR: 24.557115, SSIM: 0.827334, LR: 1.744e-04
2025-03-14 23:13:49,817 - INFO - Epoch 637/1500, PSNR: 24.037478, SSIM: 0.821885, LR: 1.730e-04
2025-03-14 23:14:38,239 - INFO - Epoch 638/1500, PSNR: 24.717075, SSIM: 0.827974, LR: 1.716e-04
2025-03-14 23:15:26,465 - INFO - Epoch 639/1500, PSNR: 25.239189, SSIM: 0.831595, LR: 1.701e-04
2025-03-14 23:16:14,135 - INFO - Epoch 640/1500, PSNR: 24.694578, SSIM: 0.829160, LR: 1.686e-04
2025-03-14 23:17:01,530 - INFO - Epoch 641/1500, PSNR: 24.855672, SSIM: 0.828483, LR: 1.671e-04
2025-03-14 23:17:49,348 - INFO - Epoch 642/1500, PSNR: 24.835369, SSIM: 0.828672, LR: 1.655e-04
2025-03-14 23:18:37,270 - INFO - Epoch 643/1500, PSNR: 24.539025, SSIM: 0.828004, LR: 1.639e-04
2025-03-14 23:19:25,572 - INFO - Epoch 644/1500, PSNR: 24.974383, SSIM: 0.831211, LR: 1.623e-04
2025-03-14 23:20:13,464 - INFO - Epoch 645/1500, PSNR: 24.130338, SSIM: 0.826259, LR: 1.607e-04
2025-03-14 23:21:01,043 - INFO - Epoch 646/1500, PSNR: 24.675434, SSIM: 0.827407, LR: 1.590e-04
2025-03-14 23:21:48,672 - INFO - Epoch 647/1500, PSNR: 24.732139, SSIM: 0.828729, LR: 1.573e-04
2025-03-14 23:22:36,866 - INFO - Epoch 648/1500, PSNR: 24.870502, SSIM: 0.828987, LR: 1.556e-04
2025-03-14 23:23:24,797 - INFO - Epoch 649/1500, PSNR: 24.697621, SSIM: 0.829076, LR: 1.538e-04
2025-03-14 23:24:12,643 - INFO - Epoch 650/1500, PSNR: 24.383530, SSIM: 0.826066, LR: 1.520e-04
2025-03-14 23:24:59,930 - INFO - Epoch 651/1500, PSNR: 24.842336, SSIM: 0.828249, LR: 1.503e-04
2025-03-14 23:25:47,996 - INFO - Epoch 652/1500, PSNR: 24.620431, SSIM: 0.828860, LR: 1.484e-04
2025-03-14 23:26:35,775 - INFO - Epoch 653/1500, PSNR: 24.373119, SSIM: 0.826295, LR: 1.466e-04
2025-03-14 23:27:23,563 - INFO - Epoch 654/1500, PSNR: 24.456743, SSIM: 0.827935, LR: 1.447e-04
2025-03-14 23:28:11,693 - INFO - Epoch 655/1500, PSNR: 24.908224, SSIM: 0.828065, LR: 1.429e-04
2025-03-14 23:28:59,712 - INFO - Epoch 656/1500, PSNR: 24.701423, SSIM: 0.830014, LR: 1.410e-04
2025-03-14 23:29:48,240 - INFO - Epoch 657/1500, PSNR: 24.478103, SSIM: 0.826379, LR: 1.391e-04
2025-03-14 23:30:36,093 - INFO - Epoch 658/1500, PSNR: 24.749832, SSIM: 0.829579, LR: 1.371e-04
2025-03-14 23:31:24,369 - INFO - Epoch 659/1500, PSNR: 24.997536, SSIM: 0.831194, LR: 1.352e-04
2025-03-14 23:32:12,024 - INFO - Epoch 660/1500, PSNR: 24.867750, SSIM: 0.828757, LR: 1.332e-04
2025-03-14 23:33:00,168 - INFO - Epoch 661/1500, PSNR: 25.143992, SSIM: 0.830551, LR: 1.312e-04
2025-03-14 23:33:48,028 - INFO - Epoch 662/1500, PSNR: 25.103024, SSIM: 0.830498, LR: 1.293e-04
2025-03-14 23:34:36,451 - INFO - Epoch 663/1500, PSNR: 25.155695, SSIM: 0.831116, LR: 1.273e-04
2025-03-14 23:35:24,751 - INFO - Epoch 664/1500, PSNR: 25.157390, SSIM: 0.829238, LR: 1.252e-04
2025-03-14 23:36:12,964 - INFO - Epoch 665/1500, PSNR: 24.977102, SSIM: 0.829900, LR: 1.232e-04
2025-03-14 23:37:00,612 - INFO - Epoch 666/1500, PSNR: 25.178014, SSIM: 0.831901, LR: 1.212e-04
2025-03-14 23:37:48,888 - INFO - Epoch 667/1500, PSNR: 25.050963, SSIM: 0.830677, LR: 1.191e-04
2025-03-14 23:38:36,582 - INFO - Epoch 668/1500, PSNR: 24.998746, SSIM: 0.830875, LR: 1.171e-04
2025-03-14 23:39:24,227 - INFO - Epoch 669/1500, PSNR: 25.133287, SSIM: 0.831435, LR: 1.150e-04
2025-03-14 23:40:12,018 - INFO - Epoch 670/1500, PSNR: 25.068326, SSIM: 0.830956, LR: 1.130e-04
2025-03-14 23:40:59,277 - INFO - Epoch 671/1500, PSNR: 24.617277, SSIM: 0.829205, LR: 1.109e-04
2025-03-14 23:41:46,950 - INFO - Epoch 672/1500, PSNR: 24.188751, SSIM: 0.825295, LR: 1.088e-04
2025-03-14 23:42:34,867 - INFO - Epoch 673/1500, PSNR: 24.234380, SSIM: 0.826148, LR: 1.067e-04
2025-03-14 23:43:22,202 - INFO - Epoch 674/1500, PSNR: 24.925818, SSIM: 0.830440, LR: 1.047e-04
2025-03-14 23:44:09,634 - INFO - Epoch 675/1500, PSNR: 25.082235, SSIM: 0.831963, LR: 1.026e-04
2025-03-14 23:44:57,940 - INFO - Epoch 676/1500, PSNR: 25.246680, SSIM: 0.831397, LR: 1.005e-04
2025-03-14 23:45:45,413 - INFO - Epoch 677/1500, PSNR: 24.656664, SSIM: 0.828944, LR: 9.842e-05
2025-03-14 23:46:33,076 - INFO - Epoch 678/1500, PSNR: 24.636233, SSIM: 0.830338, LR: 9.633e-05
2025-03-14 23:47:21,171 - INFO - Epoch 679/1500, PSNR: 25.175986, SSIM: 0.831653, LR: 9.425e-05
2025-03-14 23:48:09,278 - INFO - Epoch 680/1500, PSNR: 24.899220, SSIM: 0.831676, LR: 9.217e-05
2025-03-14 23:48:56,973 - INFO - Epoch 681/1500, PSNR: 24.774959, SSIM: 0.832088, LR: 9.010e-05
2025-03-14 23:49:44,828 - INFO - Epoch 682/1500, PSNR: 24.257613, SSIM: 0.827947, LR: 8.803e-05
2025-03-14 23:50:32,427 - INFO - Epoch 683/1500, PSNR: 25.000672, SSIM: 0.831032, LR: 8.596e-05
2025-03-14 23:51:20,525 - INFO - Epoch 684/1500, PSNR: 24.805981, SSIM: 0.830723, LR: 8.391e-05
2025-03-14 23:52:08,483 - INFO - Epoch 685/1500, PSNR: 25.045393, SSIM: 0.832211, LR: 8.186e-05
2025-03-14 23:52:56,208 - INFO - Epoch 686/1500, PSNR: 25.055218, SSIM: 0.832006, LR: 7.981e-05
2025-03-14 23:53:43,962 - INFO - Epoch 687/1500, PSNR: 24.934806, SSIM: 0.830845, LR: 7.778e-05
2025-03-14 23:54:31,885 - INFO - Epoch 688/1500, PSNR: 25.025049, SSIM: 0.832128, LR: 7.576e-05
2025-03-14 23:55:19,851 - INFO - Epoch 689/1500, PSNR: 25.032737, SSIM: 0.830255, LR: 7.374e-05
2025-03-14 23:56:07,956 - INFO - Epoch 690/1500, PSNR: 25.074084, SSIM: 0.831619, LR: 7.174e-05
2025-03-14 23:56:56,369 - INFO - Epoch 691/1500, PSNR: 24.765613, SSIM: 0.830783, LR: 6.975e-05
2025-03-14 23:57:44,350 - INFO - Epoch 692/1500, PSNR: 25.112700, SSIM: 0.831257, LR: 6.778e-05
2025-03-14 23:58:32,447 - INFO - Epoch 693/1500, PSNR: 24.744296, SSIM: 0.830752, LR: 6.582e-05
2025-03-14 23:59:20,503 - INFO - Epoch 694/1500, PSNR: 25.065178, SSIM: 0.831729, LR: 6.387e-05
2025-03-15 00:00:08,767 - INFO - Epoch 695/1500, PSNR: 24.927612, SSIM: 0.831062, LR: 6.194e-05
2025-03-15 00:00:56,923 - INFO - Epoch 696/1500, PSNR: 25.069449, SSIM: 0.830554, LR: 6.003e-05
2025-03-15 00:01:45,252 - INFO - Epoch 697/1500, PSNR: 25.141722, SSIM: 0.831877, LR: 5.813e-05
2025-03-15 00:02:33,225 - INFO - Epoch 698/1500, PSNR: 24.707606, SSIM: 0.831350, LR: 5.626e-05
2025-03-15 00:03:21,006 - INFO - Epoch 699/1500, PSNR: 25.001059, SSIM: 0.832157, LR: 5.440e-05
2025-03-15 00:04:08,811 - INFO - Epoch 700/1500, PSNR: 25.079051, SSIM: 0.832126, LR: 5.257e-05
2025-03-15 00:04:56,665 - INFO - Epoch 701/1500, PSNR: 25.110209, SSIM: 0.832360, LR: 5.075e-05
2025-03-15 00:05:44,898 - INFO - Epoch 702/1500, PSNR: 25.084980, SSIM: 0.833053, LR: 4.896e-05
2025-03-15 00:06:33,141 - INFO - Epoch 703/1500, PSNR: 24.862985, SSIM: 0.831439, LR: 4.719e-05
2025-03-15 00:07:21,503 - INFO - Epoch 704/1500, PSNR: 25.015436, SSIM: 0.832385, LR: 4.544e-05
2025-03-15 00:08:09,042 - INFO - Epoch 705/1500, PSNR: 24.950028, SSIM: 0.832623, LR: 4.371e-05
2025-03-15 00:08:57,792 - INFO - Epoch 706/1500, PSNR: 24.857413, SSIM: 0.831830, LR: 4.202e-05
2025-03-15 00:09:46,254 - INFO - Epoch 707/1500, PSNR: 25.004887, SSIM: 0.831765, LR: 4.034e-05
2025-03-15 00:10:33,839 - INFO - Epoch 708/1500, PSNR: 24.939302, SSIM: 0.832649, LR: 3.870e-05
2025-03-15 00:11:21,894 - INFO - Epoch 709/1500, PSNR: 24.968939, SSIM: 0.832327, LR: 3.708e-05
2025-03-15 00:12:09,724 - INFO - Epoch 710/1500, PSNR: 24.853391, SSIM: 0.831339, LR: 3.548e-05
2025-03-15 00:12:57,905 - INFO - Epoch 711/1500, PSNR: 24.955939, SSIM: 0.832311, LR: 3.392e-05
2025-03-15 00:13:45,738 - INFO - Epoch 712/1500, PSNR: 25.121353, SSIM: 0.831692, LR: 3.239e-05
2025-03-15 00:14:33,429 - INFO - Epoch 713/1500, PSNR: 24.868224, SSIM: 0.831564, LR: 3.088e-05
2025-03-15 00:15:21,678 - INFO - Epoch 714/1500, PSNR: 25.152714, SSIM: 0.832372, LR: 2.941e-05
2025-03-15 00:16:09,629 - INFO - Epoch 715/1500, PSNR: 25.063033, SSIM: 0.832767, LR: 2.797e-05
2025-03-15 00:16:57,355 - INFO - Epoch 716/1500, PSNR: 24.961352, SSIM: 0.831781, LR: 2.656e-05
2025-03-15 00:17:45,347 - INFO - Epoch 717/1500, PSNR: 25.041122, SSIM: 0.832651, LR: 2.518e-05
2025-03-15 00:18:33,064 - INFO - Epoch 718/1500, PSNR: 25.065186, SSIM: 0.832535, LR: 2.383e-05
2025-03-15 00:19:20,556 - INFO - Epoch 719/1500, PSNR: 25.141863, SSIM: 0.832415, LR: 2.252e-05
2025-03-15 00:20:08,654 - INFO - Epoch 720/1500, PSNR: 25.094394, SSIM: 0.832799, LR: 2.125e-05
2025-03-15 00:20:57,064 - INFO - Epoch 721/1500, PSNR: 25.032121, SSIM: 0.831942, LR: 2.000e-05
2025-03-15 00:21:44,947 - INFO - Epoch 722/1500, PSNR: 25.003020, SSIM: 0.832362, LR: 1.880e-05
2025-03-15 00:22:32,938 - INFO - Epoch 723/1500, PSNR: 25.194232, SSIM: 0.832628, LR: 1.762e-05
2025-03-15 00:23:21,083 - INFO - Epoch 724/1500, PSNR: 24.995672, SSIM: 0.832068, LR: 1.649e-05
2025-03-15 00:24:08,814 - INFO - Epoch 725/1500, PSNR: 25.128347, SSIM: 0.832957, LR: 1.539e-05
2025-03-15 00:24:56,655 - INFO - Epoch 726/1500, PSNR: 25.096748, SSIM: 0.832260, LR: 1.433e-05
2025-03-15 00:25:44,909 - INFO - Epoch 727/1500, PSNR: 24.989390, SSIM: 0.832305, LR: 1.331e-05
2025-03-15 00:26:32,755 - INFO - Epoch 728/1500, PSNR: 25.081383, SSIM: 0.831888, LR: 1.232e-05
2025-03-15 00:27:21,076 - INFO - Epoch 729/1500, PSNR: 25.118091, SSIM: 0.832944, LR: 1.138e-05
2025-03-15 00:28:09,482 - INFO - Epoch 730/1500, PSNR: 25.104132, SSIM: 0.832516, LR: 1.047e-05
2025-03-15 00:28:56,910 - INFO - Epoch 731/1500, PSNR: 25.104058, SSIM: 0.832957, LR: 9.602e-06
2025-03-15 00:29:44,897 - INFO - Epoch 732/1500, PSNR: 25.120143, SSIM: 0.832738, LR: 8.775e-06
2025-03-15 00:30:33,055 - INFO - Epoch 733/1500, PSNR: 25.027434, SSIM: 0.832757, LR: 7.987e-06
2025-03-15 00:31:20,946 - INFO - Epoch 734/1500, PSNR: 25.063293, SSIM: 0.832346, LR: 7.240e-06
2025-03-15 00:32:08,973 - INFO - Epoch 735/1500, PSNR: 25.050327, SSIM: 0.832568, LR: 6.535e-06
2025-03-15 00:32:57,093 - INFO - Epoch 736/1500, PSNR: 25.120146, SSIM: 0.832758, LR: 5.870e-06
2025-03-15 00:33:45,288 - INFO - Epoch 737/1500, PSNR: 25.080319, SSIM: 0.832651, LR: 5.247e-06
2025-03-15 00:34:33,159 - INFO - Epoch 738/1500, PSNR: 25.100098, SSIM: 0.832626, LR: 4.665e-06
2025-03-15 00:35:21,390 - INFO - Epoch 739/1500, PSNR: 25.162147, SSIM: 0.832750, LR: 4.126e-06
2025-03-15 00:36:09,198 - INFO - Epoch 740/1500, PSNR: 25.089486, SSIM: 0.832611, LR: 3.629e-06
2025-03-15 00:36:57,414 - INFO - Epoch 741/1500, PSNR: 25.103944, SSIM: 0.832437, LR: 3.174e-06
2025-03-15 00:37:45,280 - INFO - Epoch 742/1500, PSNR: 25.058041, SSIM: 0.832395, LR: 2.762e-06
2025-03-15 00:38:32,909 - INFO - Epoch 743/1500, PSNR: 25.085781, SSIM: 0.832573, LR: 2.393e-06
2025-03-15 00:39:21,172 - INFO - Epoch 744/1500, PSNR: 25.067461, SSIM: 0.832608, LR: 2.067e-06
2025-03-15 00:40:08,689 - INFO - Epoch 745/1500, PSNR: 25.097514, SSIM: 0.832720, LR: 1.785e-06
2025-03-15 00:40:56,316 - INFO - Epoch 746/1500, PSNR: 25.089851, SSIM: 0.832737, LR: 1.545e-06
2025-03-15 00:41:44,068 - INFO - Epoch 747/1500, PSNR: 25.110091, SSIM: 0.832814, LR: 1.349e-06
2025-03-15 00:42:32,161 - INFO - Epoch 748/1500, PSNR: 25.124683, SSIM: 0.832881, LR: 1.196e-06
2025-03-15 00:43:19,605 - INFO - Epoch 749/1500, PSNR: 25.115308, SSIM: 0.832873, LR: 1.087e-06
2025-03-15 00:44:08,112 - INFO - Epoch 750/1500, PSNR: 25.091528, SSIM: 0.832758, LR: 1.022e-06
2025-03-15 00:44:55,884 - INFO - Epoch 751/1500, PSNR: 24.347184, SSIM: 0.825951, LR: 2.000e-04
2025-03-15 00:45:44,013 - INFO - Epoch 752/1500, PSNR: 24.484094, SSIM: 0.827186, LR: 2.000e-04
2025-03-15 00:46:31,559 - INFO - Epoch 753/1500, PSNR: 24.726825, SSIM: 0.829666, LR: 1.999e-04
2025-03-15 00:47:19,617 - INFO - Epoch 754/1500, PSNR: 25.151902, SSIM: 0.829338, LR: 1.998e-04
2025-03-15 00:48:07,433 - INFO - Epoch 755/1500, PSNR: 24.962330, SSIM: 0.830110, LR: 1.997e-04
2025-03-15 00:48:55,282 - INFO - Epoch 756/1500, PSNR: 24.105044, SSIM: 0.826524, LR: 1.995e-04
2025-03-15 00:49:43,069 - INFO - Epoch 757/1500, PSNR: 23.912486, SSIM: 0.825346, LR: 1.992e-04
2025-03-15 00:50:30,953 - INFO - Epoch 758/1500, PSNR: 24.560336, SSIM: 0.828443, LR: 1.989e-04
2025-03-15 00:51:18,903 - INFO - Epoch 759/1500, PSNR: 24.417526, SSIM: 0.827892, LR: 1.986e-04
2025-03-15 00:52:06,583 - INFO - Epoch 760/1500, PSNR: 24.006036, SSIM: 0.825820, LR: 1.982e-04
2025-03-15 00:52:53,854 - INFO - Epoch 761/1500, PSNR: 25.100219, SSIM: 0.830449, LR: 1.978e-04
2025-03-15 00:53:41,423 - INFO - Epoch 762/1500, PSNR: 24.788198, SSIM: 0.831641, LR: 1.974e-04
2025-03-15 00:54:29,491 - INFO - Epoch 763/1500, PSNR: 25.103767, SSIM: 0.831821, LR: 1.969e-04
2025-03-15 00:55:17,646 - INFO - Epoch 764/1500, PSNR: 24.974297, SSIM: 0.829168, LR: 1.963e-04
2025-03-15 00:56:05,539 - INFO - Epoch 765/1500, PSNR: 24.803250, SSIM: 0.830342, LR: 1.958e-04
2025-03-15 00:56:53,231 - INFO - Epoch 766/1500, PSNR: 24.697751, SSIM: 0.829037, LR: 1.951e-04
2025-03-15 00:57:40,878 - INFO - Epoch 767/1500, PSNR: 24.958709, SSIM: 0.830927, LR: 1.945e-04
2025-03-15 00:58:28,176 - INFO - Epoch 768/1500, PSNR: 24.961239, SSIM: 0.830885, LR: 1.938e-04
2025-03-15 00:59:15,723 - INFO - Epoch 769/1500, PSNR: 23.755283, SSIM: 0.821636, LR: 1.930e-04
2025-03-15 01:00:03,567 - INFO - Epoch 770/1500, PSNR: 24.639132, SSIM: 0.829227, LR: 1.922e-04
2025-03-15 01:00:51,467 - INFO - Epoch 771/1500, PSNR: 24.904575, SSIM: 0.831796, LR: 1.914e-04
2025-03-15 01:01:39,200 - INFO - Epoch 772/1500, PSNR: 25.147866, SSIM: 0.830433, LR: 1.905e-04
2025-03-15 01:02:27,369 - INFO - Epoch 773/1500, PSNR: 25.251498, SSIM: 0.832131, LR: 1.896e-04
2025-03-15 01:03:14,954 - INFO - Epoch 774/1500, PSNR: 25.097707, SSIM: 0.831942, LR: 1.887e-04
2025-03-15 01:04:02,765 - INFO - Epoch 775/1500, PSNR: 24.748627, SSIM: 0.826327, LR: 1.877e-04
2025-03-15 01:04:51,049 - INFO - Epoch 776/1500, PSNR: 25.351329, SSIM: 0.832260, LR: 1.867e-04
2025-03-15 01:05:38,340 - INFO - Epoch 777/1500, PSNR: 24.943644, SSIM: 0.829801, LR: 1.856e-04
2025-03-15 01:06:26,011 - INFO - Epoch 778/1500, PSNR: 24.677139, SSIM: 0.829488, LR: 1.845e-04
2025-03-15 01:07:14,122 - INFO - Epoch 779/1500, PSNR: 25.138264, SSIM: 0.829823, LR: 1.834e-04
2025-03-15 01:08:01,740 - INFO - Epoch 780/1500, PSNR: 25.039624, SSIM: 0.831776, LR: 1.822e-04
2025-03-15 01:08:49,638 - INFO - Epoch 781/1500, PSNR: 24.704493, SSIM: 0.829748, LR: 1.810e-04
2025-03-15 01:09:37,122 - INFO - Epoch 782/1500, PSNR: 24.795800, SSIM: 0.829184, LR: 1.798e-04
2025-03-15 01:10:25,080 - INFO - Epoch 783/1500, PSNR: 24.975274, SSIM: 0.830632, LR: 1.785e-04
2025-03-15 01:11:12,704 - INFO - Epoch 784/1500, PSNR: 24.386046, SSIM: 0.828522, LR: 1.772e-04
2025-03-15 01:12:00,452 - INFO - Epoch 785/1500, PSNR: 24.776001, SSIM: 0.829041, LR: 1.758e-04
2025-03-15 01:12:48,475 - INFO - Epoch 786/1500, PSNR: 24.634926, SSIM: 0.829409, LR: 1.744e-04
2025-03-15 01:13:36,321 - INFO - Epoch 787/1500, PSNR: 24.871052, SSIM: 0.828919, LR: 1.730e-04
2025-03-15 01:14:24,337 - INFO - Epoch 788/1500, PSNR: 24.770454, SSIM: 0.831688, LR: 1.716e-04
2025-03-15 01:15:12,168 - INFO - Epoch 789/1500, PSNR: 25.045705, SSIM: 0.831663, LR: 1.701e-04
2025-03-15 01:15:59,920 - INFO - Epoch 790/1500, PSNR: 24.875933, SSIM: 0.831652, LR: 1.686e-04
2025-03-15 01:16:47,855 - INFO - Epoch 791/1500, PSNR: 24.557440, SSIM: 0.830153, LR: 1.671e-04
2025-03-15 01:17:35,844 - INFO - Epoch 792/1500, PSNR: 24.683900, SSIM: 0.830290, LR: 1.655e-04
2025-03-15 01:18:24,020 - INFO - Epoch 793/1500, PSNR: 24.912527, SSIM: 0.830224, LR: 1.639e-04
2025-03-15 01:19:11,897 - INFO - Epoch 794/1500, PSNR: 25.011695, SSIM: 0.832171, LR: 1.623e-04
2025-03-15 01:19:59,526 - INFO - Epoch 795/1500, PSNR: 25.252369, SSIM: 0.832811, LR: 1.607e-04
2025-03-15 01:20:46,947 - INFO - Epoch 796/1500, PSNR: 25.137896, SSIM: 0.831312, LR: 1.590e-04
2025-03-15 01:21:34,155 - INFO - Epoch 797/1500, PSNR: 25.077798, SSIM: 0.831292, LR: 1.573e-04
2025-03-15 01:22:22,125 - INFO - Epoch 798/1500, PSNR: 24.685638, SSIM: 0.829457, LR: 1.556e-04
2025-03-15 01:23:09,839 - INFO - Epoch 799/1500, PSNR: 24.794037, SSIM: 0.831060, LR: 1.538e-04
2025-03-15 01:23:57,911 - INFO - Epoch 800/1500, PSNR: 24.941827, SSIM: 0.827713, LR: 1.520e-04
2025-03-15 01:24:45,960 - INFO - Epoch 801/1500, PSNR: 24.652863, SSIM: 0.830600, LR: 1.503e-04
2025-03-15 01:25:33,725 - INFO - Epoch 802/1500, PSNR: 24.886810, SSIM: 0.830484, LR: 1.484e-04
2025-03-15 01:26:22,043 - INFO - Epoch 803/1500, PSNR: 24.930330, SSIM: 0.831562, LR: 1.466e-04
2025-03-15 01:27:09,952 - INFO - Epoch 804/1500, PSNR: 25.074221, SSIM: 0.832107, LR: 1.447e-04
2025-03-15 01:27:57,538 - INFO - Epoch 805/1500, PSNR: 25.217202, SSIM: 0.831840, LR: 1.429e-04
2025-03-15 01:28:44,939 - INFO - Epoch 806/1500, PSNR: 25.351632, SSIM: 0.833469, LR: 1.410e-04
2025-03-15 01:29:32,458 - INFO - Epoch 807/1500, PSNR: 25.210936, SSIM: 0.833135, LR: 1.391e-04
2025-03-15 01:30:20,795 - INFO - Epoch 808/1500, PSNR: 24.872823, SSIM: 0.831113, LR: 1.371e-04
2025-03-15 01:31:08,050 - INFO - Epoch 809/1500, PSNR: 24.528854, SSIM: 0.828019, LR: 1.352e-04
2025-03-15 01:31:55,476 - INFO - Epoch 810/1500, PSNR: 24.837357, SSIM: 0.832685, LR: 1.332e-04
2025-03-15 01:32:42,853 - INFO - Epoch 811/1500, PSNR: 24.730730, SSIM: 0.830561, LR: 1.312e-04
2025-03-15 01:33:30,043 - INFO - Epoch 812/1500, PSNR: 24.436756, SSIM: 0.830949, LR: 1.293e-04
2025-03-15 01:34:17,770 - INFO - Epoch 813/1500, PSNR: 25.049003, SSIM: 0.831553, LR: 1.273e-04
2025-03-15 01:35:05,648 - INFO - Epoch 814/1500, PSNR: 24.893886, SSIM: 0.833322, LR: 1.252e-04
2025-03-15 01:35:53,368 - INFO - Epoch 815/1500, PSNR: 25.301523, SSIM: 0.833743, LR: 1.232e-04
2025-03-15 01:36:41,289 - INFO - Epoch 816/1500, PSNR: 25.004273, SSIM: 0.830209, LR: 1.212e-04
2025-03-15 01:37:29,517 - INFO - Epoch 817/1500, PSNR: 24.897798, SSIM: 0.831938, LR: 1.191e-04
2025-03-15 01:38:17,014 - INFO - Epoch 818/1500, PSNR: 25.074234, SSIM: 0.831922, LR: 1.171e-04
2025-03-15 01:39:05,060 - INFO - Epoch 819/1500, PSNR: 24.407580, SSIM: 0.831238, LR: 1.150e-04
2025-03-15 01:39:53,117 - INFO - Epoch 820/1500, PSNR: 24.799663, SSIM: 0.830534, LR: 1.130e-04
2025-03-15 01:40:41,442 - INFO - Epoch 821/1500, PSNR: 24.710413, SSIM: 0.830110, LR: 1.109e-04
2025-03-15 01:41:29,497 - INFO - Epoch 822/1500, PSNR: 24.927646, SSIM: 0.833284, LR: 1.088e-04
2025-03-15 01:42:17,301 - INFO - Epoch 823/1500, PSNR: 24.942211, SSIM: 0.832634, LR: 1.067e-04
2025-03-15 01:43:05,162 - INFO - Epoch 824/1500, PSNR: 25.371277, SSIM: 0.833545, LR: 1.047e-04
2025-03-15 01:43:52,855 - INFO - Epoch 825/1500, PSNR: 25.060073, SSIM: 0.832067, LR: 1.026e-04
2025-03-15 01:44:40,260 - INFO - Epoch 826/1500, PSNR: 24.975558, SSIM: 0.834548, LR: 1.005e-04
2025-03-15 01:45:28,102 - INFO - Epoch 827/1500, PSNR: 24.978802, SSIM: 0.833559, LR: 9.842e-05
2025-03-15 01:46:15,857 - INFO - Epoch 828/1500, PSNR: 25.218043, SSIM: 0.833242, LR: 9.633e-05
2025-03-15 01:47:03,352 - INFO - Epoch 829/1500, PSNR: 25.120951, SSIM: 0.831832, LR: 9.425e-05
2025-03-15 01:47:51,448 - INFO - Epoch 830/1500, PSNR: 25.032807, SSIM: 0.833594, LR: 9.217e-05
2025-03-15 01:48:39,398 - INFO - Epoch 831/1500, PSNR: 25.052643, SSIM: 0.833234, LR: 9.010e-05
2025-03-15 01:49:27,539 - INFO - Epoch 832/1500, PSNR: 24.524520, SSIM: 0.830719, LR: 8.803e-05
2025-03-15 01:50:15,759 - INFO - Epoch 833/1500, PSNR: 24.911220, SSIM: 0.831613, LR: 8.596e-05
2025-03-15 01:51:04,102 - INFO - Epoch 834/1500, PSNR: 24.877386, SSIM: 0.832297, LR: 8.391e-05
2025-03-15 01:51:52,271 - INFO - Epoch 835/1500, PSNR: 24.882496, SSIM: 0.831968, LR: 8.186e-05
2025-03-15 01:52:40,419 - INFO - Epoch 836/1500, PSNR: 25.130016, SSIM: 0.832462, LR: 7.981e-05
2025-03-15 01:53:28,679 - INFO - Epoch 837/1500, PSNR: 25.154942, SSIM: 0.832239, LR: 7.778e-05
2025-03-15 01:54:16,945 - INFO - Epoch 838/1500, PSNR: 25.254644, SSIM: 0.832967, LR: 7.576e-05
2025-03-15 01:55:04,779 - INFO - Epoch 839/1500, PSNR: 25.075598, SSIM: 0.833318, LR: 7.374e-05
2025-03-15 01:55:53,014 - INFO - Epoch 840/1500, PSNR: 25.123297, SSIM: 0.832714, LR: 7.174e-05
2025-03-15 01:56:41,287 - INFO - Epoch 841/1500, PSNR: 24.761159, SSIM: 0.831134, LR: 6.975e-05
2025-03-15 01:57:28,961 - INFO - Epoch 842/1500, PSNR: 25.182354, SSIM: 0.832886, LR: 6.778e-05
2025-03-15 01:58:17,084 - INFO - Epoch 843/1500, PSNR: 25.239332, SSIM: 0.832647, LR: 6.582e-05
2025-03-15 01:59:04,582 - INFO - Epoch 844/1500, PSNR: 25.156110, SSIM: 0.832974, LR: 6.387e-05
2025-03-15 01:59:52,493 - INFO - Epoch 845/1500, PSNR: 25.086524, SSIM: 0.833276, LR: 6.194e-05
2025-03-15 02:00:40,696 - INFO - Epoch 846/1500, PSNR: 24.802090, SSIM: 0.831687, LR: 6.003e-05
2025-03-15 02:01:29,038 - INFO - Epoch 847/1500, PSNR: 25.133451, SSIM: 0.832532, LR: 5.813e-05
2025-03-15 02:02:16,528 - INFO - Epoch 848/1500, PSNR: 25.124141, SSIM: 0.834116, LR: 5.626e-05
2025-03-15 02:03:04,278 - INFO - Epoch 849/1500, PSNR: 25.243483, SSIM: 0.832748, LR: 5.440e-05
2025-03-15 02:03:52,090 - INFO - Epoch 850/1500, PSNR: 25.125756, SSIM: 0.833689, LR: 5.257e-05
2025-03-15 02:04:39,443 - INFO - Epoch 851/1500, PSNR: 25.309060, SSIM: 0.833984, LR: 5.075e-05
2025-03-15 02:05:26,844 - INFO - Epoch 852/1500, PSNR: 25.179519, SSIM: 0.833984, LR: 4.896e-05
2025-03-15 02:06:15,171 - INFO - Epoch 853/1500, PSNR: 25.020235, SSIM: 0.833423, LR: 4.719e-05
2025-03-15 02:07:03,254 - INFO - Epoch 854/1500, PSNR: 25.219318, SSIM: 0.834291, LR: 4.544e-05
2025-03-15 02:07:50,626 - INFO - Epoch 855/1500, PSNR: 25.148075, SSIM: 0.833433, LR: 4.371e-05
2025-03-15 02:08:38,678 - INFO - Epoch 856/1500, PSNR: 24.945562, SSIM: 0.832393, LR: 4.202e-05
2025-03-15 02:09:26,621 - INFO - Epoch 857/1500, PSNR: 24.910252, SSIM: 0.832762, LR: 4.034e-05
2025-03-15 02:10:14,744 - INFO - Epoch 858/1500, PSNR: 25.252054, SSIM: 0.834137, LR: 3.870e-05
2025-03-15 02:11:02,621 - INFO - Epoch 859/1500, PSNR: 25.220096, SSIM: 0.834155, LR: 3.708e-05
2025-03-15 02:11:50,721 - INFO - Epoch 860/1500, PSNR: 25.061842, SSIM: 0.833535, LR: 3.548e-05
2025-03-15 02:12:38,589 - INFO - Epoch 861/1500, PSNR: 25.062230, SSIM: 0.833055, LR: 3.392e-05
2025-03-15 02:13:26,511 - INFO - Epoch 862/1500, PSNR: 25.445872, SSIM: 0.834634, LR: 3.239e-05
2025-03-15 02:13:26,614 - INFO - Saving model with PSNR: 25.445872
2025-03-15 02:14:14,069 - INFO - Epoch 863/1500, PSNR: 25.066749, SSIM: 0.832969, LR: 3.088e-05
2025-03-15 02:15:01,859 - INFO - Epoch 864/1500, PSNR: 25.099167, SSIM: 0.833304, LR: 2.941e-05
2025-03-15 02:15:49,532 - INFO - Epoch 865/1500, PSNR: 25.101037, SSIM: 0.833680, LR: 2.797e-05
2025-03-15 02:16:37,110 - INFO - Epoch 866/1500, PSNR: 25.251286, SSIM: 0.834651, LR: 2.656e-05
2025-03-15 02:17:24,715 - INFO - Epoch 867/1500, PSNR: 25.140043, SSIM: 0.833576, LR: 2.518e-05
2025-03-15 02:18:13,108 - INFO - Epoch 868/1500, PSNR: 25.262586, SSIM: 0.834192, LR: 2.383e-05
2025-03-15 02:19:01,236 - INFO - Epoch 869/1500, PSNR: 25.178708, SSIM: 0.834264, LR: 2.252e-05
2025-03-15 02:19:48,673 - INFO - Epoch 870/1500, PSNR: 25.045882, SSIM: 0.833485, LR: 2.125e-05
2025-03-15 02:20:36,881 - INFO - Epoch 871/1500, PSNR: 25.244585, SSIM: 0.834083, LR: 2.000e-05
2025-03-15 02:21:25,078 - INFO - Epoch 872/1500, PSNR: 25.105375, SSIM: 0.833615, LR: 1.880e-05
2025-03-15 02:22:12,976 - INFO - Epoch 873/1500, PSNR: 25.074758, SSIM: 0.833623, LR: 1.762e-05
2025-03-15 02:23:01,474 - INFO - Epoch 874/1500, PSNR: 25.130032, SSIM: 0.833856, LR: 1.649e-05
2025-03-15 02:23:49,154 - INFO - Epoch 875/1500, PSNR: 25.179949, SSIM: 0.833793, LR: 1.539e-05
2025-03-15 02:24:36,642 - INFO - Epoch 876/1500, PSNR: 25.271810, SSIM: 0.834756, LR: 1.433e-05
2025-03-15 02:25:24,289 - INFO - Epoch 877/1500, PSNR: 25.245888, SSIM: 0.834384, LR: 1.331e-05
2025-03-15 02:26:12,171 - INFO - Epoch 878/1500, PSNR: 25.231883, SSIM: 0.834498, LR: 1.232e-05
2025-03-15 02:27:00,233 - INFO - Epoch 879/1500, PSNR: 25.196677, SSIM: 0.834240, LR: 1.138e-05
2025-03-15 02:27:48,317 - INFO - Epoch 880/1500, PSNR: 25.252808, SSIM: 0.834317, LR: 1.047e-05
2025-03-15 02:28:36,157 - INFO - Epoch 881/1500, PSNR: 25.268082, SSIM: 0.834024, LR: 9.602e-06
2025-03-15 02:29:24,185 - INFO - Epoch 882/1500, PSNR: 25.154148, SSIM: 0.834206, LR: 8.775e-06
2025-03-15 02:30:12,429 - INFO - Epoch 883/1500, PSNR: 25.074287, SSIM: 0.833507, LR: 7.987e-06
2025-03-15 02:31:00,671 - INFO - Epoch 884/1500, PSNR: 25.093329, SSIM: 0.833762, LR: 7.240e-06
2025-03-15 02:31:48,941 - INFO - Epoch 885/1500, PSNR: 25.266269, SSIM: 0.834519, LR: 6.535e-06
2025-03-15 02:32:36,984 - INFO - Epoch 886/1500, PSNR: 25.192379, SSIM: 0.833981, LR: 5.870e-06
2025-03-15 02:33:24,902 - INFO - Epoch 887/1500, PSNR: 25.174873, SSIM: 0.833789, LR: 5.247e-06
2025-03-15 02:34:12,278 - INFO - Epoch 888/1500, PSNR: 25.244440, SSIM: 0.834519, LR: 4.665e-06
2025-03-15 02:34:59,874 - INFO - Epoch 889/1500, PSNR: 25.237582, SSIM: 0.834501, LR: 4.126e-06
2025-03-15 02:35:48,350 - INFO - Epoch 890/1500, PSNR: 25.201935, SSIM: 0.834216, LR: 3.629e-06
2025-03-15 02:36:36,129 - INFO - Epoch 891/1500, PSNR: 25.230744, SSIM: 0.834190, LR: 3.174e-06
2025-03-15 02:37:24,362 - INFO - Epoch 892/1500, PSNR: 25.229952, SSIM: 0.834205, LR: 2.762e-06
2025-03-15 02:38:11,926 - INFO - Epoch 893/1500, PSNR: 25.180176, SSIM: 0.834198, LR: 2.393e-06
2025-03-15 02:38:59,824 - INFO - Epoch 894/1500, PSNR: 25.200915, SSIM: 0.834220, LR: 2.067e-06
2025-03-15 02:39:47,315 - INFO - Epoch 895/1500, PSNR: 25.191723, SSIM: 0.834140, LR: 1.785e-06
2025-03-15 02:40:35,170 - INFO - Epoch 896/1500, PSNR: 25.200947, SSIM: 0.834256, LR: 1.545e-06
2025-03-15 02:41:23,105 - INFO - Epoch 897/1500, PSNR: 25.216257, SSIM: 0.834328, LR: 1.349e-06
2025-03-15 02:42:10,840 - INFO - Epoch 898/1500, PSNR: 25.213067, SSIM: 0.834313, LR: 1.196e-06
2025-03-15 02:42:59,141 - INFO - Epoch 899/1500, PSNR: 25.202676, SSIM: 0.834249, LR: 1.087e-06
2025-03-15 02:43:46,870 - INFO - Epoch 900/1500, PSNR: 25.194799, SSIM: 0.834223, LR: 1.022e-06
2025-03-15 02:44:34,797 - INFO - Epoch 901/1500, PSNR: 24.881592, SSIM: 0.831110, LR: 2.000e-04
2025-03-15 02:45:23,095 - INFO - Epoch 902/1500, PSNR: 24.830022, SSIM: 0.830262, LR: 2.000e-04
2025-03-15 02:46:11,000 - INFO - Epoch 903/1500, PSNR: 25.166261, SSIM: 0.832865, LR: 1.999e-04
2025-03-15 02:46:58,614 - INFO - Epoch 904/1500, PSNR: 24.804282, SSIM: 0.832731, LR: 1.998e-04
2025-03-15 02:47:46,854 - INFO - Epoch 905/1500, PSNR: 24.838131, SSIM: 0.829567, LR: 1.997e-04
2025-03-15 02:48:34,756 - INFO - Epoch 906/1500, PSNR: 25.190042, SSIM: 0.830680, LR: 1.995e-04
2025-03-15 02:49:22,564 - INFO - Epoch 907/1500, PSNR: 25.091480, SSIM: 0.833553, LR: 1.992e-04
2025-03-15 02:50:10,198 - INFO - Epoch 908/1500, PSNR: 25.251995, SSIM: 0.830171, LR: 1.989e-04
2025-03-15 02:50:57,739 - INFO - Epoch 909/1500, PSNR: 25.222622, SSIM: 0.830438, LR: 1.986e-04
2025-03-15 02:51:45,562 - INFO - Epoch 910/1500, PSNR: 24.724770, SSIM: 0.831278, LR: 1.982e-04
2025-03-15 02:52:33,353 - INFO - Epoch 911/1500, PSNR: 25.184792, SSIM: 0.832397, LR: 1.978e-04
2025-03-15 02:53:21,214 - INFO - Epoch 912/1500, PSNR: 25.203276, SSIM: 0.833345, LR: 1.974e-04
2025-03-15 02:54:09,235 - INFO - Epoch 913/1500, PSNR: 24.670775, SSIM: 0.832183, LR: 1.969e-04
2025-03-15 02:54:57,751 - INFO - Epoch 914/1500, PSNR: 24.664399, SSIM: 0.831001, LR: 1.963e-04
2025-03-15 02:55:45,737 - INFO - Epoch 915/1500, PSNR: 24.378858, SSIM: 0.831690, LR: 1.958e-04
2025-03-15 02:56:33,146 - INFO - Epoch 916/1500, PSNR: 24.874346, SSIM: 0.832852, LR: 1.951e-04
2025-03-15 02:57:20,594 - INFO - Epoch 917/1500, PSNR: 24.757796, SSIM: 0.828124, LR: 1.945e-04
2025-03-15 02:58:08,268 - INFO - Epoch 918/1500, PSNR: 24.817955, SSIM: 0.831260, LR: 1.938e-04
2025-03-15 02:58:55,598 - INFO - Epoch 919/1500, PSNR: 25.195034, SSIM: 0.832807, LR: 1.930e-04
2025-03-15 02:59:43,782 - INFO - Epoch 920/1500, PSNR: 24.664757, SSIM: 0.832863, LR: 1.922e-04
2025-03-15 03:00:31,961 - INFO - Epoch 921/1500, PSNR: 24.953436, SSIM: 0.832529, LR: 1.914e-04
2025-03-15 03:01:20,181 - INFO - Epoch 922/1500, PSNR: 25.021685, SSIM: 0.832802, LR: 1.905e-04
2025-03-15 03:02:08,350 - INFO - Epoch 923/1500, PSNR: 24.305713, SSIM: 0.830154, LR: 1.896e-04
2025-03-15 03:02:55,990 - INFO - Epoch 924/1500, PSNR: 25.042503, SSIM: 0.831810, LR: 1.887e-04
2025-03-15 03:03:44,134 - INFO - Epoch 925/1500, PSNR: 25.238148, SSIM: 0.832693, LR: 1.877e-04
2025-03-15 03:04:32,166 - INFO - Epoch 926/1500, PSNR: 24.948281, SSIM: 0.832354, LR: 1.867e-04
2025-03-15 03:05:20,235 - INFO - Epoch 927/1500, PSNR: 24.957874, SSIM: 0.829980, LR: 1.856e-04
2025-03-15 03:06:07,592 - INFO - Epoch 928/1500, PSNR: 25.103718, SSIM: 0.831935, LR: 1.845e-04
2025-03-15 03:06:55,542 - INFO - Epoch 929/1500, PSNR: 24.275582, SSIM: 0.826669, LR: 1.834e-04
2025-03-15 03:07:43,707 - INFO - Epoch 930/1500, PSNR: 25.129896, SSIM: 0.831757, LR: 1.822e-04
2025-03-15 03:08:31,328 - INFO - Epoch 931/1500, PSNR: 24.263096, SSIM: 0.828372, LR: 1.810e-04
2025-03-15 03:09:19,423 - INFO - Epoch 932/1500, PSNR: 25.000802, SSIM: 0.831365, LR: 1.798e-04
2025-03-15 03:10:07,237 - INFO - Epoch 933/1500, PSNR: 24.623974, SSIM: 0.829092, LR: 1.785e-04
2025-03-15 03:10:54,452 - INFO - Epoch 934/1500, PSNR: 24.936584, SSIM: 0.830107, LR: 1.772e-04
2025-03-15 03:11:41,677 - INFO - Epoch 935/1500, PSNR: 25.291713, SSIM: 0.833043, LR: 1.758e-04
2025-03-15 03:12:29,089 - INFO - Epoch 936/1500, PSNR: 24.741367, SSIM: 0.832064, LR: 1.744e-04
2025-03-15 03:13:17,359 - INFO - Epoch 937/1500, PSNR: 25.236144, SSIM: 0.834315, LR: 1.730e-04
2025-03-15 03:14:05,205 - INFO - Epoch 938/1500, PSNR: 25.326239, SSIM: 0.834230, LR: 1.716e-04
2025-03-15 03:14:52,820 - INFO - Epoch 939/1500, PSNR: 24.951573, SSIM: 0.831286, LR: 1.701e-04
2025-03-15 03:15:40,452 - INFO - Epoch 940/1500, PSNR: 25.055872, SSIM: 0.831425, LR: 1.686e-04
2025-03-15 03:16:28,457 - INFO - Epoch 941/1500, PSNR: 24.818960, SSIM: 0.831302, LR: 1.671e-04
2025-03-15 03:17:15,901 - INFO - Epoch 942/1500, PSNR: 24.655954, SSIM: 0.829597, LR: 1.655e-04
2025-03-15 03:18:03,571 - INFO - Epoch 943/1500, PSNR: 24.903559, SSIM: 0.832990, LR: 1.639e-04
2025-03-15 03:18:50,901 - INFO - Epoch 944/1500, PSNR: 25.228020, SSIM: 0.832885, LR: 1.623e-04
2025-03-15 03:19:38,981 - INFO - Epoch 945/1500, PSNR: 25.336066, SSIM: 0.833357, LR: 1.607e-04
2025-03-15 03:20:26,746 - INFO - Epoch 946/1500, PSNR: 24.934770, SSIM: 0.831243, LR: 1.590e-04
2025-03-15 03:21:14,450 - INFO - Epoch 947/1500, PSNR: 24.750159, SSIM: 0.828206, LR: 1.573e-04
2025-03-15 03:22:02,790 - INFO - Epoch 948/1500, PSNR: 24.769354, SSIM: 0.829131, LR: 1.556e-04
2025-03-15 03:22:50,472 - INFO - Epoch 949/1500, PSNR: 24.602166, SSIM: 0.830950, LR: 1.538e-04
2025-03-15 03:23:38,639 - INFO - Epoch 950/1500, PSNR: 24.974111, SSIM: 0.831499, LR: 1.520e-04
2025-03-15 03:24:26,269 - INFO - Epoch 951/1500, PSNR: 25.212846, SSIM: 0.832582, LR: 1.503e-04
2025-03-15 03:25:14,365 - INFO - Epoch 952/1500, PSNR: 25.090744, SSIM: 0.834016, LR: 1.484e-04
2025-03-15 03:26:02,124 - INFO - Epoch 953/1500, PSNR: 24.978405, SSIM: 0.831729, LR: 1.466e-04
2025-03-15 03:26:50,115 - INFO - Epoch 954/1500, PSNR: 25.460783, SSIM: 0.833418, LR: 1.447e-04
2025-03-15 03:26:50,218 - INFO - Saving model with PSNR: 25.460783
2025-03-15 03:27:37,702 - INFO - Epoch 955/1500, PSNR: 25.043473, SSIM: 0.831023, LR: 1.429e-04
2025-03-15 03:28:25,561 - INFO - Epoch 956/1500, PSNR: 25.344000, SSIM: 0.831864, LR: 1.410e-04
2025-03-15 03:29:13,260 - INFO - Epoch 957/1500, PSNR: 25.339498, SSIM: 0.834256, LR: 1.391e-04
2025-03-15 03:30:01,324 - INFO - Epoch 958/1500, PSNR: 25.235328, SSIM: 0.834293, LR: 1.371e-04
2025-03-15 03:30:48,954 - INFO - Epoch 959/1500, PSNR: 24.801783, SSIM: 0.832928, LR: 1.352e-04
2025-03-15 03:31:36,837 - INFO - Epoch 960/1500, PSNR: 24.729833, SSIM: 0.832195, LR: 1.332e-04
2025-03-15 03:32:24,136 - INFO - Epoch 961/1500, PSNR: 25.257568, SSIM: 0.833041, LR: 1.312e-04
2025-03-15 03:33:11,783 - INFO - Epoch 962/1500, PSNR: 25.507583, SSIM: 0.833954, LR: 1.293e-04
2025-03-15 03:33:11,882 - INFO - Saving model with PSNR: 25.507583
2025-03-15 03:33:59,041 - INFO - Epoch 963/1500, PSNR: 25.201628, SSIM: 0.832224, LR: 1.273e-04
2025-03-15 03:34:46,651 - INFO - Epoch 964/1500, PSNR: 24.839557, SSIM: 0.832307, LR: 1.252e-04
2025-03-15 03:35:34,558 - INFO - Epoch 965/1500, PSNR: 24.794572, SSIM: 0.832490, LR: 1.232e-04
2025-03-15 03:36:21,717 - INFO - Epoch 966/1500, PSNR: 24.715118, SSIM: 0.829101, LR: 1.212e-04
2025-03-15 03:37:09,684 - INFO - Epoch 967/1500, PSNR: 24.732662, SSIM: 0.833806, LR: 1.191e-04
2025-03-15 03:37:57,181 - INFO - Epoch 968/1500, PSNR: 25.174651, SSIM: 0.832955, LR: 1.171e-04
2025-03-15 03:38:45,213 - INFO - Epoch 969/1500, PSNR: 25.071703, SSIM: 0.833705, LR: 1.150e-04
2025-03-15 03:39:33,343 - INFO - Epoch 970/1500, PSNR: 24.920237, SSIM: 0.831867, LR: 1.130e-04
2025-03-15 03:40:21,097 - INFO - Epoch 971/1500, PSNR: 25.103927, SSIM: 0.832276, LR: 1.109e-04
2025-03-15 03:41:09,092 - INFO - Epoch 972/1500, PSNR: 25.113695, SSIM: 0.832199, LR: 1.088e-04
2025-03-15 03:41:57,235 - INFO - Epoch 973/1500, PSNR: 24.900991, SSIM: 0.833121, LR: 1.067e-04
2025-03-15 03:42:45,177 - INFO - Epoch 974/1500, PSNR: 25.198522, SSIM: 0.830947, LR: 1.047e-04
2025-03-15 03:43:33,462 - INFO - Epoch 975/1500, PSNR: 24.869365, SSIM: 0.831678, LR: 1.026e-04
2025-03-15 03:44:21,142 - INFO - Epoch 976/1500, PSNR: 25.313672, SSIM: 0.833872, LR: 1.005e-04
2025-03-15 03:45:08,922 - INFO - Epoch 977/1500, PSNR: 25.414624, SSIM: 0.834677, LR: 9.842e-05
2025-03-15 03:45:56,507 - INFO - Epoch 978/1500, PSNR: 24.927196, SSIM: 0.832712, LR: 9.633e-05
2025-03-15 03:46:44,413 - INFO - Epoch 979/1500, PSNR: 24.934455, SSIM: 0.833064, LR: 9.425e-05
2025-03-15 03:47:32,058 - INFO - Epoch 980/1500, PSNR: 25.304097, SSIM: 0.834711, LR: 9.217e-05
2025-03-15 03:48:19,988 - INFO - Epoch 981/1500, PSNR: 25.318926, SSIM: 0.834518, LR: 9.010e-05
2025-03-15 03:49:08,430 - INFO - Epoch 982/1500, PSNR: 24.862620, SSIM: 0.832635, LR: 8.803e-05
2025-03-15 03:49:56,462 - INFO - Epoch 983/1500, PSNR: 25.065997, SSIM: 0.832061, LR: 8.596e-05
2025-03-15 03:50:44,357 - INFO - Epoch 984/1500, PSNR: 25.328489, SSIM: 0.834698, LR: 8.391e-05
2025-03-15 03:51:32,341 - INFO - Epoch 985/1500, PSNR: 25.282123, SSIM: 0.835054, LR: 8.186e-05
2025-03-15 03:52:20,020 - INFO - Epoch 986/1500, PSNR: 25.245677, SSIM: 0.833823, LR: 7.981e-05
2025-03-15 03:53:07,870 - INFO - Epoch 987/1500, PSNR: 25.553239, SSIM: 0.835072, LR: 7.778e-05
2025-03-15 03:53:07,970 - INFO - Saving model with PSNR: 25.553239
2025-03-15 03:53:55,987 - INFO - Epoch 988/1500, PSNR: 25.238017, SSIM: 0.834052, LR: 7.576e-05
2025-03-15 03:54:44,073 - INFO - Epoch 989/1500, PSNR: 25.179860, SSIM: 0.834564, LR: 7.374e-05
2025-03-15 03:55:31,699 - INFO - Epoch 990/1500, PSNR: 25.101451, SSIM: 0.834297, LR: 7.174e-05
2025-03-15 03:56:19,087 - INFO - Epoch 991/1500, PSNR: 25.264253, SSIM: 0.833507, LR: 6.975e-05
2025-03-15 03:57:06,793 - INFO - Epoch 992/1500, PSNR: 25.217513, SSIM: 0.833624, LR: 6.778e-05
2025-03-15 03:57:55,073 - INFO - Epoch 993/1500, PSNR: 25.330736, SSIM: 0.833602, LR: 6.582e-05
2025-03-15 03:58:42,897 - INFO - Epoch 994/1500, PSNR: 25.251860, SSIM: 0.834808, LR: 6.387e-05
2025-03-15 03:59:30,735 - INFO - Epoch 995/1500, PSNR: 25.284645, SSIM: 0.834805, LR: 6.194e-05
2025-03-15 04:00:18,155 - INFO - Epoch 996/1500, PSNR: 25.378118, SSIM: 0.835837, LR: 6.003e-05
2025-03-15 04:01:06,124 - INFO - Epoch 997/1500, PSNR: 25.497613, SSIM: 0.835167, LR: 5.813e-05
2025-03-15 04:01:53,736 - INFO - Epoch 998/1500, PSNR: 24.912312, SSIM: 0.833234, LR: 5.626e-05
2025-03-15 04:02:41,291 - INFO - Epoch 999/1500, PSNR: 25.204247, SSIM: 0.833560, LR: 5.440e-05
2025-03-15 04:03:29,719 - INFO - Epoch 1000/1500, PSNR: 25.175090, SSIM: 0.834183, LR: 5.257e-05
2025-03-15 04:04:17,555 - INFO - Epoch 1001/1500, PSNR: 25.253899, SSIM: 0.834990, LR: 5.075e-05
2025-03-15 04:05:05,826 - INFO - Epoch 1002/1500, PSNR: 25.118965, SSIM: 0.834191, LR: 4.896e-05
2025-03-15 04:05:53,172 - INFO - Epoch 1003/1500, PSNR: 24.988887, SSIM: 0.833251, LR: 4.719e-05
2025-03-15 04:06:40,598 - INFO - Epoch 1004/1500, PSNR: 25.138379, SSIM: 0.835247, LR: 4.544e-05
2025-03-15 04:07:28,539 - INFO - Epoch 1005/1500, PSNR: 25.119246, SSIM: 0.834612, LR: 4.371e-05
2025-03-15 04:08:16,781 - INFO - Epoch 1006/1500, PSNR: 25.248815, SSIM: 0.835717, LR: 4.202e-05
2025-03-15 04:09:04,177 - INFO - Epoch 1007/1500, PSNR: 25.294920, SSIM: 0.835276, LR: 4.034e-05
2025-03-15 04:09:52,273 - INFO - Epoch 1008/1500, PSNR: 25.159014, SSIM: 0.835007, LR: 3.870e-05
2025-03-15 04:10:40,178 - INFO - Epoch 1009/1500, PSNR: 25.174071, SSIM: 0.834786, LR: 3.708e-05
2025-03-15 04:11:28,339 - INFO - Epoch 1010/1500, PSNR: 25.372461, SSIM: 0.835581, LR: 3.548e-05
2025-03-15 04:12:16,452 - INFO - Epoch 1011/1500, PSNR: 25.307102, SSIM: 0.834784, LR: 3.392e-05
2025-03-15 04:13:04,776 - INFO - Epoch 1012/1500, PSNR: 25.039257, SSIM: 0.833487, LR: 3.239e-05
2025-03-15 04:13:52,504 - INFO - Epoch 1013/1500, PSNR: 25.307271, SSIM: 0.834609, LR: 3.088e-05
2025-03-15 04:14:40,612 - INFO - Epoch 1014/1500, PSNR: 25.199447, SSIM: 0.834256, LR: 2.941e-05
2025-03-15 04:15:28,198 - INFO - Epoch 1015/1500, PSNR: 25.279376, SSIM: 0.834995, LR: 2.797e-05
2025-03-15 04:16:15,683 - INFO - Epoch 1016/1500, PSNR: 25.051084, SSIM: 0.833869, LR: 2.656e-05
2025-03-15 04:17:03,802 - INFO - Epoch 1017/1500, PSNR: 25.277551, SSIM: 0.834875, LR: 2.518e-05
2025-03-15 04:17:51,245 - INFO - Epoch 1018/1500, PSNR: 25.299747, SSIM: 0.835094, LR: 2.383e-05
2025-03-15 04:18:39,165 - INFO - Epoch 1019/1500, PSNR: 25.324654, SSIM: 0.835226, LR: 2.252e-05
2025-03-15 04:19:27,393 - INFO - Epoch 1020/1500, PSNR: 25.305081, SSIM: 0.835356, LR: 2.125e-05
2025-03-15 04:20:15,197 - INFO - Epoch 1021/1500, PSNR: 25.274706, SSIM: 0.833856, LR: 2.000e-05
2025-03-15 04:21:02,829 - INFO - Epoch 1022/1500, PSNR: 25.124571, SSIM: 0.834234, LR: 1.880e-05
2025-03-15 04:21:51,006 - INFO - Epoch 1023/1500, PSNR: 25.311909, SSIM: 0.834959, LR: 1.762e-05
2025-03-15 04:22:38,539 - INFO - Epoch 1024/1500, PSNR: 25.292691, SSIM: 0.835000, LR: 1.649e-05
2025-03-15 04:23:26,617 - INFO - Epoch 1025/1500, PSNR: 25.299806, SSIM: 0.834546, LR: 1.539e-05
2025-03-15 04:24:14,567 - INFO - Epoch 1026/1500, PSNR: 25.153564, SSIM: 0.834784, LR: 1.433e-05
2025-03-15 04:25:02,642 - INFO - Epoch 1027/1500, PSNR: 25.159828, SSIM: 0.834705, LR: 1.331e-05
2025-03-15 04:25:50,794 - INFO - Epoch 1028/1500, PSNR: 25.288927, SSIM: 0.834740, LR: 1.232e-05
2025-03-15 04:26:38,146 - INFO - Epoch 1029/1500, PSNR: 25.116754, SSIM: 0.833963, LR: 1.138e-05
2025-03-15 04:27:26,558 - INFO - Epoch 1030/1500, PSNR: 25.325796, SSIM: 0.835427, LR: 1.047e-05
2025-03-15 04:28:14,597 - INFO - Epoch 1031/1500, PSNR: 25.184921, SSIM: 0.834949, LR: 9.602e-06
2025-03-15 04:29:02,723 - INFO - Epoch 1032/1500, PSNR: 25.318122, SSIM: 0.835507, LR: 8.775e-06
2025-03-15 04:29:50,319 - INFO - Epoch 1033/1500, PSNR: 25.241709, SSIM: 0.835124, LR: 7.987e-06
2025-03-15 04:30:37,783 - INFO - Epoch 1034/1500, PSNR: 25.295282, SSIM: 0.835363, LR: 7.240e-06
2025-03-15 04:31:25,955 - INFO - Epoch 1035/1500, PSNR: 25.282943, SSIM: 0.835186, LR: 6.535e-06
2025-03-15 04:32:14,084 - INFO - Epoch 1036/1500, PSNR: 25.320275, SSIM: 0.835350, LR: 5.870e-06
2025-03-15 04:33:01,646 - INFO - Epoch 1037/1500, PSNR: 25.292037, SSIM: 0.835221, LR: 5.247e-06
2025-03-15 04:33:49,737 - INFO - Epoch 1038/1500, PSNR: 25.320410, SSIM: 0.835373, LR: 4.665e-06
2025-03-15 04:34:37,898 - INFO - Epoch 1039/1500, PSNR: 25.302945, SSIM: 0.835274, LR: 4.126e-06
2025-03-15 04:35:25,830 - INFO - Epoch 1040/1500, PSNR: 25.282736, SSIM: 0.835212, LR: 3.629e-06
2025-03-15 04:36:13,346 - INFO - Epoch 1041/1500, PSNR: 25.263239, SSIM: 0.835197, LR: 3.174e-06
2025-03-15 04:37:01,422 - INFO - Epoch 1042/1500, PSNR: 25.272589, SSIM: 0.835370, LR: 2.762e-06
2025-03-15 04:37:49,237 - INFO - Epoch 1043/1500, PSNR: 25.264659, SSIM: 0.835393, LR: 2.393e-06
2025-03-15 04:38:36,977 - INFO - Epoch 1044/1500, PSNR: 25.264176, SSIM: 0.835202, LR: 2.067e-06
2025-03-15 04:39:25,004 - INFO - Epoch 1045/1500, PSNR: 25.275255, SSIM: 0.835299, LR: 1.785e-06
2025-03-15 04:40:13,203 - INFO - Epoch 1046/1500, PSNR: 25.267472, SSIM: 0.835175, LR: 1.545e-06
2025-03-15 04:41:01,147 - INFO - Epoch 1047/1500, PSNR: 25.266727, SSIM: 0.835193, LR: 1.349e-06
2025-03-15 04:41:48,939 - INFO - Epoch 1048/1500, PSNR: 25.287251, SSIM: 0.835234, LR: 1.196e-06
2025-03-15 04:42:37,155 - INFO - Epoch 1049/1500, PSNR: 25.277036, SSIM: 0.835085, LR: 1.087e-06
2025-03-15 04:43:24,836 - INFO - Epoch 1050/1500, PSNR: 25.268816, SSIM: 0.835060, LR: 1.022e-06
2025-03-15 04:44:12,389 - INFO - Epoch 1051/1500, PSNR: 25.590124, SSIM: 0.831814, LR: 2.000e-04
2025-03-15 04:44:12,485 - INFO - Saving model with PSNR: 25.590124
2025-03-15 04:45:00,837 - INFO - Epoch 1052/1500, PSNR: 24.876359, SSIM: 0.830769, LR: 2.000e-04
2025-03-15 04:45:48,996 - INFO - Epoch 1053/1500, PSNR: 24.456627, SSIM: 0.829965, LR: 1.999e-04
2025-03-15 04:46:37,383 - INFO - Epoch 1054/1500, PSNR: 25.014600, SSIM: 0.831887, LR: 1.998e-04
2025-03-15 04:47:25,347 - INFO - Epoch 1055/1500, PSNR: 24.934713, SSIM: 0.830791, LR: 1.997e-04
2025-03-15 04:48:13,146 - INFO - Epoch 1056/1500, PSNR: 25.060480, SSIM: 0.830917, LR: 1.995e-04
2025-03-15 04:49:01,175 - INFO - Epoch 1057/1500, PSNR: 25.095737, SSIM: 0.833423, LR: 1.992e-04
2025-03-15 04:49:49,469 - INFO - Epoch 1058/1500, PSNR: 24.665662, SSIM: 0.831048, LR: 1.989e-04
2025-03-15 04:50:37,595 - INFO - Epoch 1059/1500, PSNR: 25.225827, SSIM: 0.828837, LR: 1.986e-04
2025-03-15 04:51:25,382 - INFO - Epoch 1060/1500, PSNR: 24.867020, SSIM: 0.831210, LR: 1.982e-04
2025-03-15 04:52:13,387 - INFO - Epoch 1061/1500, PSNR: 25.317177, SSIM: 0.831599, LR: 1.978e-04
2025-03-15 04:53:01,116 - INFO - Epoch 1062/1500, PSNR: 24.873937, SSIM: 0.831756, LR: 1.974e-04
2025-03-15 04:53:49,030 - INFO - Epoch 1063/1500, PSNR: 24.792769, SSIM: 0.832357, LR: 1.969e-04
2025-03-15 04:54:36,768 - INFO - Epoch 1064/1500, PSNR: 24.806892, SSIM: 0.831008, LR: 1.963e-04
2025-03-15 04:55:24,381 - INFO - Epoch 1065/1500, PSNR: 24.741272, SSIM: 0.831819, LR: 1.958e-04
2025-03-15 04:56:12,574 - INFO - Epoch 1066/1500, PSNR: 24.667081, SSIM: 0.829078, LR: 1.951e-04
2025-03-15 04:56:59,983 - INFO - Epoch 1067/1500, PSNR: 24.666626, SSIM: 0.828448, LR: 1.945e-04
2025-03-15 04:57:48,099 - INFO - Epoch 1068/1500, PSNR: 24.860909, SSIM: 0.831598, LR: 1.938e-04
2025-03-15 04:58:35,833 - INFO - Epoch 1069/1500, PSNR: 24.367646, SSIM: 0.829485, LR: 1.930e-04
2025-03-15 04:59:23,484 - INFO - Epoch 1070/1500, PSNR: 25.182822, SSIM: 0.832535, LR: 1.922e-04
2025-03-15 05:00:11,370 - INFO - Epoch 1071/1500, PSNR: 25.223304, SSIM: 0.834095, LR: 1.914e-04
2025-03-15 05:00:59,312 - INFO - Epoch 1072/1500, PSNR: 24.830354, SSIM: 0.832569, LR: 1.905e-04
2025-03-15 05:01:46,741 - INFO - Epoch 1073/1500, PSNR: 24.743954, SSIM: 0.828037, LR: 1.896e-04
2025-03-15 05:02:34,460 - INFO - Epoch 1074/1500, PSNR: 25.077546, SSIM: 0.832296, LR: 1.887e-04
2025-03-15 05:03:21,902 - INFO - Epoch 1075/1500, PSNR: 24.461469, SSIM: 0.829332, LR: 1.877e-04
2025-03-15 05:04:09,483 - INFO - Epoch 1076/1500, PSNR: 25.083563, SSIM: 0.832418, LR: 1.867e-04
2025-03-15 05:04:57,452 - INFO - Epoch 1077/1500, PSNR: 25.143500, SSIM: 0.832778, LR: 1.856e-04
2025-03-15 05:05:45,016 - INFO - Epoch 1078/1500, PSNR: 24.839069, SSIM: 0.833123, LR: 1.845e-04
2025-03-15 05:06:33,281 - INFO - Epoch 1079/1500, PSNR: 24.676690, SSIM: 0.832125, LR: 1.834e-04
2025-03-15 05:07:21,389 - INFO - Epoch 1080/1500, PSNR: 25.149995, SSIM: 0.831157, LR: 1.822e-04
2025-03-15 05:08:09,967 - INFO - Epoch 1081/1500, PSNR: 25.252203, SSIM: 0.832890, LR: 1.810e-04
2025-03-15 05:08:57,961 - INFO - Epoch 1082/1500, PSNR: 25.155024, SSIM: 0.833071, LR: 1.798e-04
2025-03-15 05:09:46,129 - INFO - Epoch 1083/1500, PSNR: 24.834306, SSIM: 0.831195, LR: 1.785e-04
2025-03-15 05:10:33,479 - INFO - Epoch 1084/1500, PSNR: 24.712358, SSIM: 0.830872, LR: 1.772e-04
2025-03-15 05:11:21,133 - INFO - Epoch 1085/1500, PSNR: 24.309658, SSIM: 0.829508, LR: 1.758e-04
2025-03-15 05:12:08,884 - INFO - Epoch 1086/1500, PSNR: 24.735960, SSIM: 0.830360, LR: 1.744e-04
2025-03-15 05:12:56,660 - INFO - Epoch 1087/1500, PSNR: 24.883015, SSIM: 0.830794, LR: 1.730e-04
2025-03-15 05:13:44,565 - INFO - Epoch 1088/1500, PSNR: 25.190136, SSIM: 0.833536, LR: 1.716e-04
2025-03-15 05:14:31,750 - INFO - Epoch 1089/1500, PSNR: 24.770117, SSIM: 0.831223, LR: 1.701e-04
2025-03-15 05:15:19,929 - INFO - Epoch 1090/1500, PSNR: 25.019679, SSIM: 0.832596, LR: 1.686e-04
2025-03-15 05:16:07,826 - INFO - Epoch 1091/1500, PSNR: 24.988537, SSIM: 0.832933, LR: 1.671e-04
2025-03-15 05:16:55,483 - INFO - Epoch 1092/1500, PSNR: 25.019996, SSIM: 0.831003, LR: 1.655e-04
2025-03-15 05:17:43,881 - INFO - Epoch 1093/1500, PSNR: 25.184998, SSIM: 0.834788, LR: 1.639e-04
2025-03-15 05:18:31,886 - INFO - Epoch 1094/1500, PSNR: 24.752362, SSIM: 0.832554, LR: 1.623e-04
2025-03-15 05:19:19,414 - INFO - Epoch 1095/1500, PSNR: 25.060703, SSIM: 0.832101, LR: 1.607e-04
2025-03-15 05:20:07,833 - INFO - Epoch 1096/1500, PSNR: 24.730197, SSIM: 0.827554, LR: 1.590e-04
2025-03-15 05:20:56,064 - INFO - Epoch 1097/1500, PSNR: 25.128101, SSIM: 0.833812, LR: 1.573e-04
2025-03-15 05:21:43,793 - INFO - Epoch 1098/1500, PSNR: 25.197217, SSIM: 0.834802, LR: 1.556e-04
2025-03-15 05:22:31,689 - INFO - Epoch 1099/1500, PSNR: 25.415239, SSIM: 0.833147, LR: 1.538e-04
2025-03-15 05:23:19,306 - INFO - Epoch 1100/1500, PSNR: 24.843024, SSIM: 0.832624, LR: 1.520e-04
2025-03-15 05:24:06,621 - INFO - Epoch 1101/1500, PSNR: 25.099250, SSIM: 0.834861, LR: 1.503e-04
2025-03-15 05:24:54,028 - INFO - Epoch 1102/1500, PSNR: 25.064445, SSIM: 0.831831, LR: 1.484e-04
2025-03-15 05:25:41,708 - INFO - Epoch 1103/1500, PSNR: 25.029315, SSIM: 0.832139, LR: 1.466e-04
2025-03-15 05:26:29,698 - INFO - Epoch 1104/1500, PSNR: 25.130088, SSIM: 0.833088, LR: 1.447e-04
2025-03-15 05:27:17,903 - INFO - Epoch 1105/1500, PSNR: 24.589631, SSIM: 0.831179, LR: 1.429e-04
2025-03-15 05:28:05,573 - INFO - Epoch 1106/1500, PSNR: 25.458548, SSIM: 0.834661, LR: 1.410e-04
2025-03-15 05:28:53,463 - INFO - Epoch 1107/1500, PSNR: 25.075394, SSIM: 0.834636, LR: 1.391e-04
2025-03-15 05:29:40,820 - INFO - Epoch 1108/1500, PSNR: 25.061364, SSIM: 0.833189, LR: 1.371e-04
2025-03-15 05:30:28,551 - INFO - Epoch 1109/1500, PSNR: 25.123470, SSIM: 0.833225, LR: 1.352e-04
2025-03-15 05:31:16,194 - INFO - Epoch 1110/1500, PSNR: 24.964505, SSIM: 0.834592, LR: 1.332e-04
2025-03-15 05:32:04,443 - INFO - Epoch 1111/1500, PSNR: 25.148130, SSIM: 0.833322, LR: 1.312e-04
2025-03-15 05:32:51,814 - INFO - Epoch 1112/1500, PSNR: 25.357043, SSIM: 0.832969, LR: 1.293e-04
2025-03-15 05:33:39,543 - INFO - Epoch 1113/1500, PSNR: 25.374599, SSIM: 0.833957, LR: 1.273e-04
2025-03-15 05:34:26,764 - INFO - Epoch 1114/1500, PSNR: 24.979834, SSIM: 0.834259, LR: 1.252e-04
2025-03-15 05:35:14,665 - INFO - Epoch 1115/1500, PSNR: 25.416563, SSIM: 0.835036, LR: 1.232e-04
2025-03-15 05:36:02,384 - INFO - Epoch 1116/1500, PSNR: 25.185086, SSIM: 0.833066, LR: 1.212e-04
2025-03-15 05:36:50,673 - INFO - Epoch 1117/1500, PSNR: 25.376792, SSIM: 0.833507, LR: 1.191e-04
2025-03-15 05:37:38,484 - INFO - Epoch 1118/1500, PSNR: 24.921638, SSIM: 0.832306, LR: 1.171e-04
2025-03-15 05:38:26,147 - INFO - Epoch 1119/1500, PSNR: 25.429170, SSIM: 0.835016, LR: 1.150e-04
2025-03-15 05:39:14,267 - INFO - Epoch 1120/1500, PSNR: 25.014706, SSIM: 0.832670, LR: 1.130e-04
2025-03-15 05:40:02,192 - INFO - Epoch 1121/1500, PSNR: 25.074939, SSIM: 0.833968, LR: 1.109e-04
2025-03-15 05:40:50,051 - INFO - Epoch 1122/1500, PSNR: 24.694498, SSIM: 0.831969, LR: 1.088e-04
2025-03-15 05:41:37,867 - INFO - Epoch 1123/1500, PSNR: 25.182039, SSIM: 0.832743, LR: 1.067e-04
2025-03-15 05:42:25,990 - INFO - Epoch 1124/1500, PSNR: 25.351180, SSIM: 0.834964, LR: 1.047e-04
2025-03-15 05:43:14,451 - INFO - Epoch 1125/1500, PSNR: 25.054381, SSIM: 0.832899, LR: 1.026e-04
2025-03-15 05:44:02,162 - INFO - Epoch 1126/1500, PSNR: 25.296521, SSIM: 0.833221, LR: 1.005e-04
2025-03-15 05:44:50,561 - INFO - Epoch 1127/1500, PSNR: 25.409437, SSIM: 0.834970, LR: 9.842e-05
2025-03-15 05:45:38,169 - INFO - Epoch 1128/1500, PSNR: 25.402293, SSIM: 0.835154, LR: 9.633e-05
2025-03-15 05:46:25,733 - INFO - Epoch 1129/1500, PSNR: 25.334981, SSIM: 0.836035, LR: 9.425e-05
2025-03-15 05:47:13,464 - INFO - Epoch 1130/1500, PSNR: 24.748223, SSIM: 0.833367, LR: 9.217e-05
2025-03-15 05:48:01,972 - INFO - Epoch 1131/1500, PSNR: 24.662902, SSIM: 0.833708, LR: 9.010e-05
2025-03-15 05:48:50,156 - INFO - Epoch 1132/1500, PSNR: 25.358664, SSIM: 0.833993, LR: 8.803e-05
2025-03-15 05:49:37,917 - INFO - Epoch 1133/1500, PSNR: 25.372127, SSIM: 0.836259, LR: 8.596e-05
2025-03-15 05:50:26,093 - INFO - Epoch 1134/1500, PSNR: 24.953038, SSIM: 0.833226, LR: 8.391e-05
2025-03-15 05:51:14,291 - INFO - Epoch 1135/1500, PSNR: 25.325144, SSIM: 0.834574, LR: 8.186e-05
2025-03-15 05:52:02,152 - INFO - Epoch 1136/1500, PSNR: 25.081849, SSIM: 0.833955, LR: 7.981e-05
2025-03-15 05:52:49,716 - INFO - Epoch 1137/1500, PSNR: 25.183986, SSIM: 0.834854, LR: 7.778e-05
2025-03-15 05:53:37,057 - INFO - Epoch 1138/1500, PSNR: 25.382490, SSIM: 0.835015, LR: 7.576e-05
2025-03-15 05:54:24,988 - INFO - Epoch 1139/1500, PSNR: 25.140460, SSIM: 0.833825, LR: 7.374e-05
2025-03-15 05:55:13,143 - INFO - Epoch 1140/1500, PSNR: 25.213519, SSIM: 0.833817, LR: 7.174e-05
2025-03-15 05:56:00,491 - INFO - Epoch 1141/1500, PSNR: 24.916219, SSIM: 0.834792, LR: 6.975e-05
2025-03-15 05:56:48,438 - INFO - Epoch 1142/1500, PSNR: 24.965710, SSIM: 0.833612, LR: 6.778e-05
2025-03-15 05:57:36,084 - INFO - Epoch 1143/1500, PSNR: 25.135401, SSIM: 0.833728, LR: 6.582e-05
2025-03-15 05:58:23,891 - INFO - Epoch 1144/1500, PSNR: 25.176424, SSIM: 0.834059, LR: 6.387e-05
2025-03-15 05:59:12,148 - INFO - Epoch 1145/1500, PSNR: 25.293004, SSIM: 0.834805, LR: 6.194e-05
2025-03-15 05:59:59,665 - INFO - Epoch 1146/1500, PSNR: 25.250711, SSIM: 0.833835, LR: 6.003e-05
2025-03-15 06:00:47,537 - INFO - Epoch 1147/1500, PSNR: 25.309459, SSIM: 0.834581, LR: 5.813e-05
2025-03-15 06:01:35,411 - INFO - Epoch 1148/1500, PSNR: 25.182763, SSIM: 0.834440, LR: 5.626e-05
2025-03-15 06:02:22,893 - INFO - Epoch 1149/1500, PSNR: 25.226320, SSIM: 0.833652, LR: 5.440e-05
2025-03-15 06:03:10,810 - INFO - Epoch 1150/1500, PSNR: 25.152102, SSIM: 0.834189, LR: 5.257e-05
2025-03-15 06:03:58,310 - INFO - Epoch 1151/1500, PSNR: 25.246016, SSIM: 0.835085, LR: 5.075e-05
2025-03-15 06:04:46,216 - INFO - Epoch 1152/1500, PSNR: 25.013528, SSIM: 0.833890, LR: 4.896e-05
2025-03-15 06:05:34,046 - INFO - Epoch 1153/1500, PSNR: 25.348548, SSIM: 0.835345, LR: 4.719e-05
2025-03-15 06:06:21,232 - INFO - Epoch 1154/1500, PSNR: 25.403793, SSIM: 0.834787, LR: 4.544e-05
2025-03-15 06:07:08,875 - INFO - Epoch 1155/1500, PSNR: 25.309310, SSIM: 0.835061, LR: 4.371e-05
2025-03-15 06:07:56,628 - INFO - Epoch 1156/1500, PSNR: 25.320399, SSIM: 0.835488, LR: 4.202e-05
2025-03-15 06:08:44,772 - INFO - Epoch 1157/1500, PSNR: 25.325647, SSIM: 0.835945, LR: 4.034e-05
2025-03-15 06:09:32,736 - INFO - Epoch 1158/1500, PSNR: 25.199669, SSIM: 0.834236, LR: 3.870e-05
2025-03-15 06:10:20,878 - INFO - Epoch 1159/1500, PSNR: 25.174786, SSIM: 0.834633, LR: 3.708e-05
2025-03-15 06:11:09,338 - INFO - Epoch 1160/1500, PSNR: 25.291916, SSIM: 0.834984, LR: 3.548e-05
2025-03-15 06:11:56,865 - INFO - Epoch 1161/1500, PSNR: 25.268370, SSIM: 0.835395, LR: 3.392e-05
2025-03-15 06:12:44,468 - INFO - Epoch 1162/1500, PSNR: 25.238105, SSIM: 0.834402, LR: 3.239e-05
2025-03-15 06:13:32,117 - INFO - Epoch 1163/1500, PSNR: 25.244988, SSIM: 0.834827, LR: 3.088e-05
2025-03-15 06:14:19,999 - INFO - Epoch 1164/1500, PSNR: 25.219478, SSIM: 0.834006, LR: 2.941e-05
2025-03-15 06:15:07,949 - INFO - Epoch 1165/1500, PSNR: 25.181046, SSIM: 0.835476, LR: 2.797e-05
2025-03-15 06:15:55,899 - INFO - Epoch 1166/1500, PSNR: 25.165115, SSIM: 0.834282, LR: 2.656e-05
2025-03-15 06:16:43,743 - INFO - Epoch 1167/1500, PSNR: 25.174352, SSIM: 0.833793, LR: 2.518e-05
2025-03-15 06:17:31,791 - INFO - Epoch 1168/1500, PSNR: 25.154834, SSIM: 0.834842, LR: 2.383e-05
2025-03-15 06:18:19,835 - INFO - Epoch 1169/1500, PSNR: 25.227151, SSIM: 0.834674, LR: 2.252e-05
2025-03-15 06:19:07,951 - INFO - Epoch 1170/1500, PSNR: 25.334295, SSIM: 0.835683, LR: 2.125e-05
2025-03-15 06:19:56,153 - INFO - Epoch 1171/1500, PSNR: 25.241520, SSIM: 0.834643, LR: 2.000e-05
2025-03-15 06:20:43,645 - INFO - Epoch 1172/1500, PSNR: 25.131720, SSIM: 0.834992, LR: 1.880e-05
2025-03-15 06:21:31,640 - INFO - Epoch 1173/1500, PSNR: 25.306838, SSIM: 0.835540, LR: 1.762e-05
2025-03-15 06:22:19,440 - INFO - Epoch 1174/1500, PSNR: 25.292359, SSIM: 0.835242, LR: 1.649e-05
2025-03-15 06:23:07,683 - INFO - Epoch 1175/1500, PSNR: 25.298952, SSIM: 0.834973, LR: 1.539e-05
2025-03-15 06:23:56,042 - INFO - Epoch 1176/1500, PSNR: 25.287259, SSIM: 0.835966, LR: 1.433e-05
2025-03-15 06:24:43,615 - INFO - Epoch 1177/1500, PSNR: 25.251335, SSIM: 0.834552, LR: 1.331e-05
2025-03-15 06:25:31,491 - INFO - Epoch 1178/1500, PSNR: 25.260191, SSIM: 0.835467, LR: 1.232e-05
2025-03-15 06:26:18,864 - INFO - Epoch 1179/1500, PSNR: 25.208329, SSIM: 0.834869, LR: 1.138e-05
2025-03-15 06:27:06,479 - INFO - Epoch 1180/1500, PSNR: 25.294438, SSIM: 0.834541, LR: 1.047e-05
2025-03-15 06:27:54,461 - INFO - Epoch 1181/1500, PSNR: 25.311956, SSIM: 0.834941, LR: 9.602e-06
2025-03-15 06:28:42,051 - INFO - Epoch 1182/1500, PSNR: 25.309202, SSIM: 0.834867, LR: 8.775e-06
2025-03-15 06:29:29,647 - INFO - Epoch 1183/1500, PSNR: 25.203506, SSIM: 0.834608, LR: 7.987e-06
2025-03-15 06:30:17,867 - INFO - Epoch 1184/1500, PSNR: 25.269121, SSIM: 0.835292, LR: 7.240e-06
2025-03-15 06:31:06,055 - INFO - Epoch 1185/1500, PSNR: 25.303773, SSIM: 0.835420, LR: 6.535e-06
2025-03-15 06:31:54,269 - INFO - Epoch 1186/1500, PSNR: 25.300767, SSIM: 0.835435, LR: 5.870e-06
2025-03-15 06:32:42,033 - INFO - Epoch 1187/1500, PSNR: 25.332195, SSIM: 0.835637, LR: 5.247e-06
2025-03-15 06:33:30,302 - INFO - Epoch 1188/1500, PSNR: 25.284932, SSIM: 0.835169, LR: 4.665e-06
2025-03-15 06:34:18,483 - INFO - Epoch 1189/1500, PSNR: 25.282149, SSIM: 0.835261, LR: 4.126e-06
2025-03-15 06:35:06,499 - INFO - Epoch 1190/1500, PSNR: 25.271205, SSIM: 0.835290, LR: 3.629e-06
2025-03-15 06:35:53,981 - INFO - Epoch 1191/1500, PSNR: 25.294226, SSIM: 0.835308, LR: 3.174e-06
2025-03-15 06:36:41,980 - INFO - Epoch 1192/1500, PSNR: 25.327906, SSIM: 0.835554, LR: 2.762e-06
2025-03-15 06:37:29,679 - INFO - Epoch 1193/1500, PSNR: 25.311424, SSIM: 0.835479, LR: 2.393e-06
2025-03-15 06:38:17,637 - INFO - Epoch 1194/1500, PSNR: 25.303128, SSIM: 0.835427, LR: 2.067e-06
2025-03-15 06:39:05,938 - INFO - Epoch 1195/1500, PSNR: 25.283465, SSIM: 0.835457, LR: 1.785e-06
2025-03-15 06:39:53,762 - INFO - Epoch 1196/1500, PSNR: 25.303966, SSIM: 0.835434, LR: 1.545e-06
2025-03-15 06:40:41,884 - INFO - Epoch 1197/1500, PSNR: 25.295523, SSIM: 0.835355, LR: 1.349e-06
2025-03-15 06:41:30,184 - INFO - Epoch 1198/1500, PSNR: 25.302898, SSIM: 0.835375, LR: 1.196e-06
2025-03-15 06:42:17,963 - INFO - Epoch 1199/1500, PSNR: 25.302326, SSIM: 0.835446, LR: 1.087e-06
2025-03-15 06:43:06,194 - INFO - Epoch 1200/1500, PSNR: 25.300981, SSIM: 0.835471, LR: 1.022e-06
2025-03-15 06:43:54,457 - INFO - Epoch 1201/1500, PSNR: 25.253672, SSIM: 0.833065, LR: 2.000e-04
2025-03-15 06:44:42,753 - INFO - Epoch 1202/1500, PSNR: 25.494756, SSIM: 0.835396, LR: 2.000e-04
2025-03-15 06:45:30,601 - INFO - Epoch 1203/1500, PSNR: 24.622826, SSIM: 0.829870, LR: 1.999e-04
2025-03-15 06:46:18,474 - INFO - Epoch 1204/1500, PSNR: 24.414387, SSIM: 0.827887, LR: 1.998e-04
2025-03-15 06:47:06,029 - INFO - Epoch 1205/1500, PSNR: 25.057166, SSIM: 0.832905, LR: 1.997e-04
2025-03-15 06:47:53,490 - INFO - Epoch 1206/1500, PSNR: 25.332457, SSIM: 0.833488, LR: 1.995e-04
2025-03-15 06:48:40,758 - INFO - Epoch 1207/1500, PSNR: 25.136006, SSIM: 0.833195, LR: 1.992e-04
2025-03-15 06:49:28,380 - INFO - Epoch 1208/1500, PSNR: 25.397034, SSIM: 0.834326, LR: 1.989e-04
2025-03-15 06:50:15,785 - INFO - Epoch 1209/1500, PSNR: 25.037672, SSIM: 0.833536, LR: 1.986e-04
2025-03-15 06:51:03,296 - INFO - Epoch 1210/1500, PSNR: 24.575472, SSIM: 0.830001, LR: 1.982e-04
2025-03-15 06:51:50,844 - INFO - Epoch 1211/1500, PSNR: 24.734675, SSIM: 0.832346, LR: 1.978e-04
2025-03-15 06:52:39,037 - INFO - Epoch 1212/1500, PSNR: 24.767709, SSIM: 0.832615, LR: 1.974e-04
2025-03-15 06:53:27,087 - INFO - Epoch 1213/1500, PSNR: 24.483969, SSIM: 0.830973, LR: 1.969e-04
2025-03-15 06:54:14,914 - INFO - Epoch 1214/1500, PSNR: 24.755921, SSIM: 0.829595, LR: 1.963e-04
2025-03-15 06:55:03,027 - INFO - Epoch 1215/1500, PSNR: 24.281934, SSIM: 0.826861, LR: 1.958e-04
2025-03-15 06:55:50,485 - INFO - Epoch 1216/1500, PSNR: 24.698198, SSIM: 0.830719, LR: 1.951e-04
2025-03-15 06:56:38,234 - INFO - Epoch 1217/1500, PSNR: 25.152284, SSIM: 0.831877, LR: 1.945e-04
2025-03-15 06:57:25,931 - INFO - Epoch 1218/1500, PSNR: 25.011009, SSIM: 0.834219, LR: 1.938e-04
2025-03-15 06:58:13,323 - INFO - Epoch 1219/1500, PSNR: 24.910711, SSIM: 0.832073, LR: 1.930e-04
2025-03-15 06:59:01,110 - INFO - Epoch 1220/1500, PSNR: 24.873421, SSIM: 0.833170, LR: 1.922e-04
2025-03-15 06:59:49,287 - INFO - Epoch 1221/1500, PSNR: 24.744287, SSIM: 0.831251, LR: 1.914e-04
2025-03-15 07:00:36,673 - INFO - Epoch 1222/1500, PSNR: 25.337808, SSIM: 0.834178, LR: 1.905e-04
2025-03-15 07:01:24,849 - INFO - Epoch 1223/1500, PSNR: 25.003082, SSIM: 0.831888, LR: 1.896e-04
2025-03-15 07:02:12,973 - INFO - Epoch 1224/1500, PSNR: 25.218215, SSIM: 0.833157, LR: 1.887e-04
2025-03-15 07:03:01,292 - INFO - Epoch 1225/1500, PSNR: 25.128977, SSIM: 0.831569, LR: 1.877e-04
2025-03-15 07:03:49,668 - INFO - Epoch 1226/1500, PSNR: 25.002520, SSIM: 0.833528, LR: 1.867e-04
2025-03-15 07:04:37,805 - INFO - Epoch 1227/1500, PSNR: 24.789224, SSIM: 0.831193, LR: 1.856e-04
2025-03-15 07:05:26,083 - INFO - Epoch 1228/1500, PSNR: 25.080020, SSIM: 0.832217, LR: 1.845e-04
2025-03-15 07:06:13,914 - INFO - Epoch 1229/1500, PSNR: 24.234893, SSIM: 0.827377, LR: 1.834e-04
2025-03-15 07:07:01,383 - INFO - Epoch 1230/1500, PSNR: 25.161167, SSIM: 0.833893, LR: 1.822e-04
2025-03-15 07:07:48,945 - INFO - Epoch 1231/1500, PSNR: 24.392799, SSIM: 0.830659, LR: 1.810e-04
2025-03-15 07:08:36,825 - INFO - Epoch 1232/1500, PSNR: 25.204641, SSIM: 0.831920, LR: 1.798e-04
2025-03-15 07:09:25,368 - INFO - Epoch 1233/1500, PSNR: 25.089199, SSIM: 0.830907, LR: 1.785e-04
2025-03-15 07:10:12,943 - INFO - Epoch 1234/1500, PSNR: 25.004307, SSIM: 0.834018, LR: 1.772e-04
2025-03-15 07:11:00,816 - INFO - Epoch 1235/1500, PSNR: 24.748591, SSIM: 0.831402, LR: 1.758e-04
2025-03-15 07:11:49,881 - INFO - Epoch 1236/1500, PSNR: 25.107156, SSIM: 0.833241, LR: 1.744e-04
2025-03-15 07:12:38,572 - INFO - Epoch 1237/1500, PSNR: 25.532592, SSIM: 0.835306, LR: 1.730e-04
2025-03-15 07:13:27,539 - INFO - Epoch 1238/1500, PSNR: 24.892439, SSIM: 0.830951, LR: 1.716e-04
2025-03-15 07:14:15,077 - INFO - Epoch 1239/1500, PSNR: 25.176539, SSIM: 0.833866, LR: 1.701e-04
2025-03-15 07:15:02,909 - INFO - Epoch 1240/1500, PSNR: 25.168921, SSIM: 0.834528, LR: 1.686e-04
2025-03-15 07:15:51,127 - INFO - Epoch 1241/1500, PSNR: 25.293829, SSIM: 0.833058, LR: 1.671e-04
2025-03-15 07:16:38,887 - INFO - Epoch 1242/1500, PSNR: 25.259049, SSIM: 0.834375, LR: 1.655e-04
2025-03-15 07:17:26,616 - INFO - Epoch 1243/1500, PSNR: 25.166833, SSIM: 0.833513, LR: 1.639e-04
2025-03-15 07:18:14,238 - INFO - Epoch 1244/1500, PSNR: 25.015934, SSIM: 0.832916, LR: 1.623e-04
2025-03-15 07:19:01,846 - INFO - Epoch 1245/1500, PSNR: 25.301709, SSIM: 0.833168, LR: 1.607e-04
2025-03-15 07:19:49,317 - INFO - Epoch 1246/1500, PSNR: 25.024736, SSIM: 0.833668, LR: 1.590e-04
2025-03-15 07:20:37,468 - INFO - Epoch 1247/1500, PSNR: 24.986841, SSIM: 0.830075, LR: 1.573e-04
2025-03-15 07:21:25,021 - INFO - Epoch 1248/1500, PSNR: 25.420330, SSIM: 0.832987, LR: 1.556e-04
2025-03-15 07:22:12,508 - INFO - Epoch 1249/1500, PSNR: 24.869403, SSIM: 0.829375, LR: 1.538e-04
2025-03-15 07:23:00,760 - INFO - Epoch 1250/1500, PSNR: 24.741546, SSIM: 0.832210, LR: 1.520e-04
2025-03-15 07:23:48,371 - INFO - Epoch 1251/1500, PSNR: 24.988816, SSIM: 0.832599, LR: 1.503e-04
2025-03-15 07:24:36,196 - INFO - Epoch 1252/1500, PSNR: 24.735445, SSIM: 0.830443, LR: 1.484e-04
2025-03-15 07:25:23,834 - INFO - Epoch 1253/1500, PSNR: 24.729182, SSIM: 0.831781, LR: 1.466e-04
2025-03-15 07:26:11,941 - INFO - Epoch 1254/1500, PSNR: 25.424863, SSIM: 0.834197, LR: 1.447e-04
2025-03-15 07:26:59,486 - INFO - Epoch 1255/1500, PSNR: 25.001412, SSIM: 0.831736, LR: 1.429e-04
2025-03-15 07:27:47,057 - INFO - Epoch 1256/1500, PSNR: 25.010990, SSIM: 0.832832, LR: 1.410e-04
2025-03-15 07:28:35,225 - INFO - Epoch 1257/1500, PSNR: 25.073248, SSIM: 0.832099, LR: 1.391e-04
2025-03-15 07:29:22,848 - INFO - Epoch 1258/1500, PSNR: 25.313084, SSIM: 0.833699, LR: 1.371e-04
2025-03-15 07:30:10,759 - INFO - Epoch 1259/1500, PSNR: 25.058201, SSIM: 0.833912, LR: 1.352e-04
2025-03-15 07:30:59,093 - INFO - Epoch 1260/1500, PSNR: 24.999054, SSIM: 0.833681, LR: 1.332e-04
2025-03-15 07:31:46,964 - INFO - Epoch 1261/1500, PSNR: 25.194906, SSIM: 0.833846, LR: 1.312e-04
2025-03-15 07:32:35,084 - INFO - Epoch 1262/1500, PSNR: 25.214615, SSIM: 0.832887, LR: 1.293e-04
2025-03-15 07:33:22,872 - INFO - Epoch 1263/1500, PSNR: 25.098350, SSIM: 0.833064, LR: 1.273e-04
2025-03-15 07:34:10,668 - INFO - Epoch 1264/1500, PSNR: 25.351565, SSIM: 0.834959, LR: 1.252e-04
2025-03-15 07:34:58,571 - INFO - Epoch 1265/1500, PSNR: 25.476389, SSIM: 0.834341, LR: 1.232e-04
2025-03-15 07:35:46,207 - INFO - Epoch 1266/1500, PSNR: 24.849648, SSIM: 0.831607, LR: 1.212e-04
2025-03-15 07:36:33,558 - INFO - Epoch 1267/1500, PSNR: 25.450385, SSIM: 0.833429, LR: 1.191e-04
2025-03-15 07:37:21,554 - INFO - Epoch 1268/1500, PSNR: 25.135660, SSIM: 0.833307, LR: 1.171e-04
2025-03-15 07:38:09,595 - INFO - Epoch 1269/1500, PSNR: 25.037352, SSIM: 0.833585, LR: 1.150e-04
2025-03-15 07:38:57,587 - INFO - Epoch 1270/1500, PSNR: 25.404372, SSIM: 0.836068, LR: 1.130e-04
2025-03-15 07:39:45,531 - INFO - Epoch 1271/1500, PSNR: 25.011686, SSIM: 0.833196, LR: 1.109e-04
2025-03-15 07:40:33,361 - INFO - Epoch 1272/1500, PSNR: 25.163011, SSIM: 0.832976, LR: 1.088e-04
2025-03-15 07:41:20,803 - INFO - Epoch 1273/1500, PSNR: 25.291121, SSIM: 0.833204, LR: 1.067e-04
2025-03-15 07:42:08,457 - INFO - Epoch 1274/1500, PSNR: 25.162284, SSIM: 0.833782, LR: 1.047e-04
2025-03-15 07:42:56,320 - INFO - Epoch 1275/1500, PSNR: 24.930489, SSIM: 0.833764, LR: 1.026e-04
2025-03-15 07:43:44,491 - INFO - Epoch 1276/1500, PSNR: 25.128387, SSIM: 0.832939, LR: 1.005e-04
2025-03-15 07:44:31,947 - INFO - Epoch 1277/1500, PSNR: 25.266042, SSIM: 0.832515, LR: 9.842e-05
2025-03-15 07:45:19,604 - INFO - Epoch 1278/1500, PSNR: 25.140693, SSIM: 0.832864, LR: 9.633e-05
2025-03-15 07:46:07,722 - INFO - Epoch 1279/1500, PSNR: 24.952128, SSIM: 0.832975, LR: 9.425e-05
2025-03-15 07:46:55,828 - INFO - Epoch 1280/1500, PSNR: 25.370206, SSIM: 0.832748, LR: 9.217e-05
2025-03-15 07:47:43,833 - INFO - Epoch 1281/1500, PSNR: 25.177957, SSIM: 0.833830, LR: 9.010e-05
2025-03-15 07:48:31,753 - INFO - Epoch 1282/1500, PSNR: 25.120645, SSIM: 0.833079, LR: 8.803e-05
2025-03-15 07:49:19,423 - INFO - Epoch 1283/1500, PSNR: 25.239356, SSIM: 0.834394, LR: 8.596e-05
2025-03-15 07:50:07,105 - INFO - Epoch 1284/1500, PSNR: 25.193618, SSIM: 0.833733, LR: 8.391e-05
2025-03-15 07:50:54,843 - INFO - Epoch 1285/1500, PSNR: 25.335961, SSIM: 0.833269, LR: 8.186e-05
2025-03-15 07:51:42,728 - INFO - Epoch 1286/1500, PSNR: 24.756649, SSIM: 0.829799, LR: 7.981e-05
2025-03-15 07:52:30,122 - INFO - Epoch 1287/1500, PSNR: 25.236934, SSIM: 0.834861, LR: 7.778e-05
2025-03-15 07:53:17,776 - INFO - Epoch 1288/1500, PSNR: 25.336100, SSIM: 0.834261, LR: 7.576e-05
2025-03-15 07:54:05,579 - INFO - Epoch 1289/1500, PSNR: 25.187603, SSIM: 0.834384, LR: 7.374e-05
2025-03-15 07:54:53,183 - INFO - Epoch 1290/1500, PSNR: 25.278330, SSIM: 0.835276, LR: 7.174e-05
2025-03-15 07:55:40,815 - INFO - Epoch 1291/1500, PSNR: 25.450514, SSIM: 0.835705, LR: 6.975e-05
2025-03-15 07:56:28,890 - INFO - Epoch 1292/1500, PSNR: 25.305155, SSIM: 0.834414, LR: 6.778e-05
2025-03-15 07:57:17,008 - INFO - Epoch 1293/1500, PSNR: 25.274641, SSIM: 0.836191, LR: 6.582e-05
2025-03-15 07:58:04,294 - INFO - Epoch 1294/1500, PSNR: 25.552361, SSIM: 0.835194, LR: 6.387e-05
2025-03-15 07:58:51,978 - INFO - Epoch 1295/1500, PSNR: 25.371268, SSIM: 0.834805, LR: 6.194e-05
2025-03-15 07:59:39,832 - INFO - Epoch 1296/1500, PSNR: 25.165284, SSIM: 0.835001, LR: 6.003e-05
2025-03-15 08:00:27,478 - INFO - Epoch 1297/1500, PSNR: 25.203528, SSIM: 0.835297, LR: 5.813e-05
2025-03-15 08:01:15,138 - INFO - Epoch 1298/1500, PSNR: 25.002058, SSIM: 0.833586, LR: 5.626e-05
2025-03-15 08:02:02,698 - INFO - Epoch 1299/1500, PSNR: 25.093968, SSIM: 0.834978, LR: 5.440e-05
2025-03-15 08:02:50,767 - INFO - Epoch 1300/1500, PSNR: 25.328111, SSIM: 0.834758, LR: 5.257e-05
2025-03-15 08:03:38,271 - INFO - Epoch 1301/1500, PSNR: 25.209601, SSIM: 0.834621, LR: 5.075e-05
2025-03-15 08:04:26,438 - INFO - Epoch 1302/1500, PSNR: 25.335281, SSIM: 0.835225, LR: 4.896e-05
2025-03-15 08:05:14,716 - INFO - Epoch 1303/1500, PSNR: 25.234922, SSIM: 0.834414, LR: 4.719e-05
2025-03-15 08:06:02,772 - INFO - Epoch 1304/1500, PSNR: 25.285600, SSIM: 0.835183, LR: 4.544e-05
2025-03-15 08:06:50,709 - INFO - Epoch 1305/1500, PSNR: 25.352892, SSIM: 0.836782, LR: 4.371e-05
2025-03-15 08:07:38,815 - INFO - Epoch 1306/1500, PSNR: 25.283990, SSIM: 0.834592, LR: 4.202e-05
2025-03-15 08:08:26,808 - INFO - Epoch 1307/1500, PSNR: 25.288013, SSIM: 0.835275, LR: 4.034e-05
2025-03-15 08:09:14,656 - INFO - Epoch 1308/1500, PSNR: 25.261078, SSIM: 0.835807, LR: 3.870e-05
2025-03-15 08:10:02,190 - INFO - Epoch 1309/1500, PSNR: 25.143711, SSIM: 0.834964, LR: 3.708e-05
2025-03-15 08:10:50,570 - INFO - Epoch 1310/1500, PSNR: 25.125291, SSIM: 0.834004, LR: 3.548e-05
2025-03-15 08:11:38,462 - INFO - Epoch 1311/1500, PSNR: 25.351526, SSIM: 0.834243, LR: 3.392e-05
2025-03-15 08:12:26,579 - INFO - Epoch 1312/1500, PSNR: 25.183935, SSIM: 0.834843, LR: 3.239e-05
2025-03-15 08:13:14,378 - INFO - Epoch 1313/1500, PSNR: 25.077857, SSIM: 0.834985, LR: 3.088e-05
2025-03-15 08:14:02,023 - INFO - Epoch 1314/1500, PSNR: 25.445926, SSIM: 0.834895, LR: 2.941e-05
2025-03-15 08:14:49,859 - INFO - Epoch 1315/1500, PSNR: 25.312782, SSIM: 0.834976, LR: 2.797e-05
2025-03-15 08:15:38,021 - INFO - Epoch 1316/1500, PSNR: 25.368919, SSIM: 0.836038, LR: 2.656e-05
2025-03-15 08:16:25,737 - INFO - Epoch 1317/1500, PSNR: 25.352532, SSIM: 0.834845, LR: 2.518e-05
2025-03-15 08:17:13,893 - INFO - Epoch 1318/1500, PSNR: 25.238922, SSIM: 0.835299, LR: 2.383e-05
2025-03-15 08:18:01,692 - INFO - Epoch 1319/1500, PSNR: 25.314243, SSIM: 0.835372, LR: 2.252e-05
2025-03-15 08:18:49,473 - INFO - Epoch 1320/1500, PSNR: 25.367611, SSIM: 0.835453, LR: 2.125e-05
2025-03-15 08:19:37,591 - INFO - Epoch 1321/1500, PSNR: 25.373880, SSIM: 0.835015, LR: 2.000e-05
2025-03-15 08:20:25,525 - INFO - Epoch 1322/1500, PSNR: 25.345223, SSIM: 0.835213, LR: 1.880e-05
2025-03-15 08:21:13,457 - INFO - Epoch 1323/1500, PSNR: 25.373968, SSIM: 0.835136, LR: 1.762e-05
2025-03-15 08:22:01,195 - INFO - Epoch 1324/1500, PSNR: 25.306353, SSIM: 0.834887, LR: 1.649e-05
2025-03-15 08:22:48,597 - INFO - Epoch 1325/1500, PSNR: 25.245268, SSIM: 0.834904, LR: 1.539e-05
2025-03-15 08:23:35,927 - INFO - Epoch 1326/1500, PSNR: 25.330714, SSIM: 0.835092, LR: 1.433e-05
2025-03-15 08:24:23,667 - INFO - Epoch 1327/1500, PSNR: 25.336779, SSIM: 0.835182, LR: 1.331e-05
2025-03-15 08:25:11,502 - INFO - Epoch 1328/1500, PSNR: 25.304886, SSIM: 0.834856, LR: 1.232e-05
2025-03-15 08:25:59,516 - INFO - Epoch 1329/1500, PSNR: 25.272731, SSIM: 0.834597, LR: 1.138e-05
2025-03-15 08:26:47,587 - INFO - Epoch 1330/1500, PSNR: 25.304898, SSIM: 0.835237, LR: 1.047e-05
2025-03-15 08:27:35,242 - INFO - Epoch 1331/1500, PSNR: 25.325874, SSIM: 0.835397, LR: 9.602e-06
2025-03-15 08:28:23,467 - INFO - Epoch 1332/1500, PSNR: 25.339534, SSIM: 0.834895, LR: 8.775e-06
2025-03-15 08:29:11,400 - INFO - Epoch 1333/1500, PSNR: 25.257305, SSIM: 0.835024, LR: 7.987e-06
2025-03-15 08:29:59,714 - INFO - Epoch 1334/1500, PSNR: 25.376207, SSIM: 0.835719, LR: 7.240e-06
2025-03-15 08:30:47,530 - INFO - Epoch 1335/1500, PSNR: 25.299137, SSIM: 0.835332, LR: 6.535e-06
2025-03-15 08:31:35,693 - INFO - Epoch 1336/1500, PSNR: 25.299696, SSIM: 0.835441, LR: 5.870e-06
2025-03-15 08:32:23,260 - INFO - Epoch 1337/1500, PSNR: 25.345269, SSIM: 0.835500, LR: 5.247e-06
2025-03-15 08:33:11,569 - INFO - Epoch 1338/1500, PSNR: 25.308474, SSIM: 0.835226, LR: 4.665e-06
2025-03-15 08:33:59,393 - INFO - Epoch 1339/1500, PSNR: 25.334561, SSIM: 0.835320, LR: 4.126e-06
2025-03-15 08:34:46,890 - INFO - Epoch 1340/1500, PSNR: 25.347431, SSIM: 0.835422, LR: 3.629e-06
2025-03-15 08:35:35,045 - INFO - Epoch 1341/1500, PSNR: 25.294768, SSIM: 0.835332, LR: 3.174e-06
2025-03-15 08:36:22,824 - INFO - Epoch 1342/1500, PSNR: 25.329796, SSIM: 0.835481, LR: 2.762e-06
2025-03-15 08:37:10,596 - INFO - Epoch 1343/1500, PSNR: 25.349989, SSIM: 0.835540, LR: 2.393e-06
2025-03-15 08:37:58,492 - INFO - Epoch 1344/1500, PSNR: 25.336244, SSIM: 0.835433, LR: 2.067e-06
2025-03-15 08:38:46,700 - INFO - Epoch 1345/1500, PSNR: 25.344199, SSIM: 0.835397, LR: 1.785e-06
2025-03-15 08:39:34,150 - INFO - Epoch 1346/1500, PSNR: 25.347027, SSIM: 0.835505, LR: 1.545e-06
2025-03-15 08:40:21,744 - INFO - Epoch 1347/1500, PSNR: 25.345578, SSIM: 0.835454, LR: 1.349e-06
2025-03-15 08:41:09,255 - INFO - Epoch 1348/1500, PSNR: 25.339638, SSIM: 0.835341, LR: 1.196e-06
2025-03-15 08:41:56,667 - INFO - Epoch 1349/1500, PSNR: 25.345757, SSIM: 0.835337, LR: 1.087e-06
2025-03-15 08:42:44,671 - INFO - Epoch 1350/1500, PSNR: 25.347930, SSIM: 0.835307, LR: 1.022e-06
2025-03-15 08:43:32,112 - INFO - Epoch 1351/1500, PSNR: 25.026680, SSIM: 0.833045, LR: 2.000e-04
2025-03-15 08:44:19,697 - INFO - Epoch 1352/1500, PSNR: 25.313433, SSIM: 0.832765, LR: 2.000e-04
2025-03-15 08:45:07,865 - INFO - Epoch 1353/1500, PSNR: 24.948285, SSIM: 0.831190, LR: 1.999e-04
2025-03-15 08:45:55,479 - INFO - Epoch 1354/1500, PSNR: 24.681115, SSIM: 0.829083, LR: 1.998e-04
2025-03-15 08:46:42,954 - INFO - Epoch 1355/1500, PSNR: 25.635708, SSIM: 0.835225, LR: 1.997e-04
2025-03-15 08:46:43,057 - INFO - Saving model with PSNR: 25.635708
2025-03-15 08:47:30,586 - INFO - Epoch 1356/1500, PSNR: 25.122168, SSIM: 0.831015, LR: 1.995e-04
2025-03-15 08:48:18,502 - INFO - Epoch 1357/1500, PSNR: 25.566018, SSIM: 0.834705, LR: 1.992e-04
2025-03-15 08:49:06,096 - INFO - Epoch 1358/1500, PSNR: 25.106256, SSIM: 0.832926, LR: 1.989e-04
2025-03-15 08:49:53,772 - INFO - Epoch 1359/1500, PSNR: 24.964225, SSIM: 0.831181, LR: 1.986e-04
2025-03-15 08:50:41,364 - INFO - Epoch 1360/1500, PSNR: 24.733162, SSIM: 0.829758, LR: 1.982e-04
2025-03-15 08:51:29,390 - INFO - Epoch 1361/1500, PSNR: 24.718139, SSIM: 0.828460, LR: 1.978e-04
2025-03-15 08:52:17,018 - INFO - Epoch 1362/1500, PSNR: 25.133764, SSIM: 0.834744, LR: 1.974e-04
2025-03-15 08:53:04,716 - INFO - Epoch 1363/1500, PSNR: 24.977241, SSIM: 0.831921, LR: 1.969e-04
2025-03-15 08:53:52,846 - INFO - Epoch 1364/1500, PSNR: 24.896598, SSIM: 0.831807, LR: 1.963e-04
2025-03-15 08:54:40,514 - INFO - Epoch 1365/1500, PSNR: 24.987268, SSIM: 0.829849, LR: 1.958e-04
2025-03-15 08:55:27,926 - INFO - Epoch 1366/1500, PSNR: 25.074212, SSIM: 0.832525, LR: 1.951e-04
2025-03-15 08:56:15,842 - INFO - Epoch 1367/1500, PSNR: 25.367410, SSIM: 0.832315, LR: 1.945e-04
2025-03-15 08:57:03,580 - INFO - Epoch 1368/1500, PSNR: 25.379599, SSIM: 0.834380, LR: 1.938e-04
2025-03-15 08:57:51,213 - INFO - Epoch 1369/1500, PSNR: 24.342885, SSIM: 0.829234, LR: 1.930e-04
2025-03-15 08:58:38,791 - INFO - Epoch 1370/1500, PSNR: 24.981829, SSIM: 0.832014, LR: 1.922e-04
2025-03-15 08:59:26,226 - INFO - Epoch 1371/1500, PSNR: 24.484025, SSIM: 0.828595, LR: 1.914e-04
2025-03-15 09:00:13,675 - INFO - Epoch 1372/1500, PSNR: 25.122249, SSIM: 0.833094, LR: 1.905e-04
2025-03-15 09:01:01,241 - INFO - Epoch 1373/1500, PSNR: 25.387877, SSIM: 0.834111, LR: 1.896e-04
2025-03-15 09:01:49,093 - INFO - Epoch 1374/1500, PSNR: 25.177862, SSIM: 0.830799, LR: 1.887e-04
2025-03-15 09:02:37,184 - INFO - Epoch 1375/1500, PSNR: 25.365548, SSIM: 0.833417, LR: 1.877e-04
2025-03-15 09:03:25,187 - INFO - Epoch 1376/1500, PSNR: 25.229691, SSIM: 0.831744, LR: 1.867e-04
2025-03-15 09:04:12,909 - INFO - Epoch 1377/1500, PSNR: 24.896990, SSIM: 0.830983, LR: 1.856e-04
2025-03-15 09:05:00,903 - INFO - Epoch 1378/1500, PSNR: 24.804848, SSIM: 0.831175, LR: 1.845e-04
2025-03-15 09:05:48,709 - INFO - Epoch 1379/1500, PSNR: 25.315436, SSIM: 0.833739, LR: 1.834e-04
2025-03-15 09:06:36,637 - INFO - Epoch 1380/1500, PSNR: 24.929983, SSIM: 0.831277, LR: 1.822e-04
2025-03-15 09:07:24,201 - INFO - Epoch 1381/1500, PSNR: 25.154937, SSIM: 0.835068, LR: 1.810e-04
2025-03-15 09:08:11,613 - INFO - Epoch 1382/1500, PSNR: 25.016623, SSIM: 0.831006, LR: 1.798e-04
2025-03-15 09:08:58,947 - INFO - Epoch 1383/1500, PSNR: 25.520642, SSIM: 0.832380, LR: 1.785e-04
2025-03-15 09:09:46,477 - INFO - Epoch 1384/1500, PSNR: 25.515407, SSIM: 0.834591, LR: 1.772e-04
2025-03-15 09:10:34,179 - INFO - Epoch 1385/1500, PSNR: 24.965333, SSIM: 0.831607, LR: 1.758e-04
2025-03-15 09:11:21,857 - INFO - Epoch 1386/1500, PSNR: 25.073740, SSIM: 0.833302, LR: 1.744e-04
2025-03-15 09:12:10,111 - INFO - Epoch 1387/1500, PSNR: 24.963147, SSIM: 0.831370, LR: 1.730e-04
2025-03-15 09:12:57,909 - INFO - Epoch 1388/1500, PSNR: 24.982662, SSIM: 0.831245, LR: 1.716e-04
2025-03-15 09:13:45,256 - INFO - Epoch 1389/1500, PSNR: 25.127528, SSIM: 0.833889, LR: 1.701e-04
2025-03-15 09:14:33,031 - INFO - Epoch 1390/1500, PSNR: 25.299766, SSIM: 0.833556, LR: 1.686e-04
2025-03-15 09:15:21,221 - INFO - Epoch 1391/1500, PSNR: 25.021237, SSIM: 0.834331, LR: 1.671e-04
2025-03-15 09:16:08,831 - INFO - Epoch 1392/1500, PSNR: 24.454497, SSIM: 0.831129, LR: 1.655e-04
2025-03-15 09:16:56,435 - INFO - Epoch 1393/1500, PSNR: 24.913694, SSIM: 0.831233, LR: 1.639e-04
2025-03-15 09:17:44,665 - INFO - Epoch 1394/1500, PSNR: 25.200518, SSIM: 0.831270, LR: 1.623e-04
2025-03-15 09:18:32,614 - INFO - Epoch 1395/1500, PSNR: 25.579053, SSIM: 0.835551, LR: 1.607e-04
2025-03-15 09:19:20,920 - INFO - Epoch 1396/1500, PSNR: 25.140362, SSIM: 0.832026, LR: 1.590e-04
2025-03-15 09:20:08,839 - INFO - Epoch 1397/1500, PSNR: 25.264523, SSIM: 0.833776, LR: 1.573e-04
2025-03-15 09:20:56,490 - INFO - Epoch 1398/1500, PSNR: 25.111786, SSIM: 0.832955, LR: 1.556e-04
2025-03-15 09:21:44,416 - INFO - Epoch 1399/1500, PSNR: 25.255633, SSIM: 0.833868, LR: 1.538e-04
2025-03-15 09:22:32,314 - INFO - Epoch 1400/1500, PSNR: 25.367384, SSIM: 0.833738, LR: 1.520e-04
2025-03-15 09:23:20,270 - INFO - Epoch 1401/1500, PSNR: 24.618782, SSIM: 0.830729, LR: 1.503e-04
2025-03-15 09:24:08,171 - INFO - Epoch 1402/1500, PSNR: 24.973072, SSIM: 0.832205, LR: 1.484e-04
2025-03-15 09:24:56,027 - INFO - Epoch 1403/1500, PSNR: 25.073559, SSIM: 0.833031, LR: 1.466e-04
2025-03-15 09:25:44,049 - INFO - Epoch 1404/1500, PSNR: 25.171927, SSIM: 0.834268, LR: 1.447e-04
2025-03-15 09:26:31,888 - INFO - Epoch 1405/1500, PSNR: 25.458874, SSIM: 0.833625, LR: 1.429e-04
2025-03-15 09:27:19,292 - INFO - Epoch 1406/1500, PSNR: 25.286277, SSIM: 0.834557, LR: 1.410e-04
2025-03-15 09:28:07,570 - INFO - Epoch 1407/1500, PSNR: 24.785841, SSIM: 0.829146, LR: 1.391e-04
2025-03-15 09:28:55,255 - INFO - Epoch 1408/1500, PSNR: 25.155043, SSIM: 0.834818, LR: 1.371e-04
2025-03-15 09:29:42,644 - INFO - Epoch 1409/1500, PSNR: 25.299667, SSIM: 0.832740, LR: 1.352e-04
2025-03-15 09:30:30,174 - INFO - Epoch 1410/1500, PSNR: 25.224998, SSIM: 0.833116, LR: 1.332e-04
2025-03-15 09:31:17,482 - INFO - Epoch 1411/1500, PSNR: 25.374915, SSIM: 0.833692, LR: 1.312e-04
2025-03-15 09:32:04,889 - INFO - Epoch 1412/1500, PSNR: 25.180686, SSIM: 0.834095, LR: 1.293e-04
2025-03-15 09:32:52,474 - INFO - Epoch 1413/1500, PSNR: 25.300822, SSIM: 0.834664, LR: 1.273e-04
2025-03-15 09:33:40,657 - INFO - Epoch 1414/1500, PSNR: 25.089497, SSIM: 0.833352, LR: 1.252e-04
2025-03-15 09:34:28,672 - INFO - Epoch 1415/1500, PSNR: 25.122295, SSIM: 0.832832, LR: 1.232e-04
2025-03-15 09:35:16,728 - INFO - Epoch 1416/1500, PSNR: 25.376446, SSIM: 0.834455, LR: 1.212e-04
2025-03-15 09:36:05,030 - INFO - Epoch 1417/1500, PSNR: 25.196565, SSIM: 0.832241, LR: 1.191e-04
2025-03-15 09:36:53,057 - INFO - Epoch 1418/1500, PSNR: 25.253859, SSIM: 0.833064, LR: 1.171e-04
2025-03-15 09:37:41,010 - INFO - Epoch 1419/1500, PSNR: 25.068875, SSIM: 0.833259, LR: 1.150e-04
2025-03-15 09:38:28,711 - INFO - Epoch 1420/1500, PSNR: 25.129042, SSIM: 0.833515, LR: 1.130e-04
2025-03-15 09:39:16,798 - INFO - Epoch 1421/1500, PSNR: 25.119478, SSIM: 0.831785, LR: 1.109e-04
2025-03-15 09:40:04,895 - INFO - Epoch 1422/1500, PSNR: 25.370528, SSIM: 0.834123, LR: 1.088e-04
2025-03-15 09:40:52,961 - INFO - Epoch 1423/1500, PSNR: 25.543269, SSIM: 0.835342, LR: 1.067e-04
2025-03-15 09:41:40,595 - INFO - Epoch 1424/1500, PSNR: 24.948879, SSIM: 0.831059, LR: 1.047e-04
2025-03-15 09:42:28,733 - INFO - Epoch 1425/1500, PSNR: 25.264049, SSIM: 0.832959, LR: 1.026e-04
2025-03-15 09:43:16,457 - INFO - Epoch 1426/1500, PSNR: 25.239272, SSIM: 0.835872, LR: 1.005e-04
2025-03-15 09:44:04,395 - INFO - Epoch 1427/1500, PSNR: 25.242819, SSIM: 0.835237, LR: 9.842e-05
2025-03-15 09:44:51,851 - INFO - Epoch 1428/1500, PSNR: 25.387778, SSIM: 0.835192, LR: 9.633e-05
2025-03-15 09:45:39,685 - INFO - Epoch 1429/1500, PSNR: 25.261611, SSIM: 0.834610, LR: 9.425e-05
2025-03-15 09:46:27,590 - INFO - Epoch 1430/1500, PSNR: 24.908423, SSIM: 0.831924, LR: 9.217e-05
2025-03-15 09:47:15,753 - INFO - Epoch 1431/1500, PSNR: 25.231013, SSIM: 0.833281, LR: 9.010e-05
2025-03-15 09:48:03,534 - INFO - Epoch 1432/1500, PSNR: 25.237658, SSIM: 0.832866, LR: 8.803e-05
2025-03-15 09:48:51,485 - INFO - Epoch 1433/1500, PSNR: 25.046803, SSIM: 0.834806, LR: 8.596e-05
2025-03-15 09:49:39,069 - INFO - Epoch 1434/1500, PSNR: 25.224397, SSIM: 0.833658, LR: 8.391e-05
2025-03-15 09:50:27,364 - INFO - Epoch 1435/1500, PSNR: 25.262038, SSIM: 0.833234, LR: 8.186e-05
2025-03-15 09:51:14,989 - INFO - Epoch 1436/1500, PSNR: 25.346785, SSIM: 0.833735, LR: 7.981e-05
2025-03-15 09:52:02,684 - INFO - Epoch 1437/1500, PSNR: 25.075426, SSIM: 0.832419, LR: 7.778e-05
2025-03-15 09:52:50,633 - INFO - Epoch 1438/1500, PSNR: 25.272114, SSIM: 0.834063, LR: 7.576e-05
2025-03-15 09:53:38,015 - INFO - Epoch 1439/1500, PSNR: 25.293914, SSIM: 0.834033, LR: 7.374e-05
2025-03-15 09:54:26,182 - INFO - Epoch 1440/1500, PSNR: 25.209099, SSIM: 0.834734, LR: 7.174e-05
2025-03-15 09:55:14,361 - INFO - Epoch 1441/1500, PSNR: 25.374199, SSIM: 0.835860, LR: 6.975e-05
2025-03-15 09:56:02,463 - INFO - Epoch 1442/1500, PSNR: 25.226805, SSIM: 0.833115, LR: 6.778e-05
2025-03-15 09:56:50,084 - INFO - Epoch 1443/1500, PSNR: 25.171839, SSIM: 0.834482, LR: 6.582e-05
2025-03-15 09:57:38,274 - INFO - Epoch 1444/1500, PSNR: 25.392859, SSIM: 0.834465, LR: 6.387e-05
2025-03-15 09:58:26,766 - INFO - Epoch 1445/1500, PSNR: 25.206285, SSIM: 0.834172, LR: 6.194e-05
2025-03-15 09:59:14,769 - INFO - Epoch 1446/1500, PSNR: 25.275757, SSIM: 0.835477, LR: 6.003e-05
2025-03-15 10:00:02,936 - INFO - Epoch 1447/1500, PSNR: 25.287007, SSIM: 0.834414, LR: 5.813e-05
2025-03-15 10:00:51,149 - INFO - Epoch 1448/1500, PSNR: 25.150648, SSIM: 0.834351, LR: 5.626e-05
2025-03-15 10:01:38,634 - INFO - Epoch 1449/1500, PSNR: 25.390578, SSIM: 0.835637, LR: 5.440e-05
2025-03-15 10:02:26,109 - INFO - Epoch 1450/1500, PSNR: 25.341101, SSIM: 0.834551, LR: 5.257e-05
2025-03-15 10:03:13,603 - INFO - Epoch 1451/1500, PSNR: 25.137636, SSIM: 0.833661, LR: 5.075e-05
2025-03-15 10:04:01,582 - INFO - Epoch 1452/1500, PSNR: 25.242578, SSIM: 0.836061, LR: 4.896e-05
2025-03-15 10:04:49,271 - INFO - Epoch 1453/1500, PSNR: 25.349116, SSIM: 0.835656, LR: 4.719e-05
2025-03-15 10:05:37,117 - INFO - Epoch 1454/1500, PSNR: 25.369810, SSIM: 0.836093, LR: 4.544e-05
2025-03-15 10:06:25,369 - INFO - Epoch 1455/1500, PSNR: 25.308253, SSIM: 0.834272, LR: 4.371e-05
2025-03-15 10:07:13,675 - INFO - Epoch 1456/1500, PSNR: 25.214035, SSIM: 0.834192, LR: 4.202e-05
2025-03-15 10:08:01,888 - INFO - Epoch 1457/1500, PSNR: 25.213470, SSIM: 0.834881, LR: 4.034e-05
2025-03-15 10:08:49,735 - INFO - Epoch 1458/1500, PSNR: 25.240012, SSIM: 0.835686, LR: 3.870e-05
2025-03-15 10:09:37,389 - INFO - Epoch 1459/1500, PSNR: 25.349662, SSIM: 0.834411, LR: 3.708e-05
2025-03-15 10:10:25,302 - INFO - Epoch 1460/1500, PSNR: 25.414259, SSIM: 0.834433, LR: 3.548e-05
2025-03-15 10:11:12,748 - INFO - Epoch 1461/1500, PSNR: 25.369644, SSIM: 0.834334, LR: 3.392e-05
2025-03-15 10:12:00,549 - INFO - Epoch 1462/1500, PSNR: 25.323683, SSIM: 0.833748, LR: 3.239e-05
2025-03-15 10:12:48,513 - INFO - Epoch 1463/1500, PSNR: 25.334725, SSIM: 0.835006, LR: 3.088e-05
2025-03-15 10:13:36,533 - INFO - Epoch 1464/1500, PSNR: 25.450374, SSIM: 0.835295, LR: 2.941e-05
2025-03-15 10:14:24,706 - INFO - Epoch 1465/1500, PSNR: 25.298819, SSIM: 0.835517, LR: 2.797e-05
2025-03-15 10:15:12,685 - INFO - Epoch 1466/1500, PSNR: 25.413707, SSIM: 0.835702, LR: 2.656e-05
2025-03-15 10:16:00,879 - INFO - Epoch 1467/1500, PSNR: 25.386879, SSIM: 0.835241, LR: 2.518e-05
2025-03-15 10:16:48,321 - INFO - Epoch 1468/1500, PSNR: 25.235982, SSIM: 0.834395, LR: 2.383e-05
2025-03-15 10:17:35,710 - INFO - Epoch 1469/1500, PSNR: 25.351423, SSIM: 0.835498, LR: 2.252e-05
2025-03-15 10:18:23,473 - INFO - Epoch 1470/1500, PSNR: 25.295243, SSIM: 0.835040, LR: 2.125e-05
2025-03-15 10:19:11,316 - INFO - Epoch 1471/1500, PSNR: 25.374520, SSIM: 0.835298, LR: 2.000e-05
2025-03-15 10:19:59,072 - INFO - Epoch 1472/1500, PSNR: 25.411765, SSIM: 0.835971, LR: 1.880e-05
2025-03-15 10:20:46,402 - INFO - Epoch 1473/1500, PSNR: 25.311420, SSIM: 0.835516, LR: 1.762e-05
2025-03-15 10:21:33,868 - INFO - Epoch 1474/1500, PSNR: 25.274143, SSIM: 0.835057, LR: 1.649e-05
2025-03-15 10:22:21,664 - INFO - Epoch 1475/1500, PSNR: 25.198107, SSIM: 0.834757, LR: 1.539e-05
2025-03-15 10:23:09,267 - INFO - Epoch 1476/1500, PSNR: 25.261183, SSIM: 0.835035, LR: 1.433e-05
2025-03-15 10:23:56,595 - INFO - Epoch 1477/1500, PSNR: 25.283324, SSIM: 0.835483, LR: 1.331e-05
2025-03-15 10:24:43,966 - INFO - Epoch 1478/1500, PSNR: 25.287194, SSIM: 0.834727, LR: 1.232e-05
2025-03-15 10:25:31,845 - INFO - Epoch 1479/1500, PSNR: 25.314235, SSIM: 0.835505, LR: 1.138e-05
2025-03-15 10:26:19,996 - INFO - Epoch 1480/1500, PSNR: 25.316283, SSIM: 0.835363, LR: 1.047e-05
2025-03-15 10:27:07,649 - INFO - Epoch 1481/1500, PSNR: 25.288452, SSIM: 0.834875, LR: 9.602e-06
2025-03-15 10:27:55,495 - INFO - Epoch 1482/1500, PSNR: 25.385907, SSIM: 0.835755, LR: 8.775e-06
2025-03-15 10:28:43,711 - INFO - Epoch 1483/1500, PSNR: 25.325400, SSIM: 0.835248, LR: 7.987e-06
2025-03-15 10:29:31,781 - INFO - Epoch 1484/1500, PSNR: 25.328719, SSIM: 0.835546, LR: 7.240e-06
2025-03-15 10:30:19,418 - INFO - Epoch 1485/1500, PSNR: 25.360453, SSIM: 0.835399, LR: 6.535e-06
2025-03-15 10:31:07,375 - INFO - Epoch 1486/1500, PSNR: 25.369644, SSIM: 0.835549, LR: 5.870e-06
2025-03-15 10:31:55,399 - INFO - Epoch 1487/1500, PSNR: 25.370760, SSIM: 0.835650, LR: 5.247e-06
2025-03-15 10:32:43,396 - INFO - Epoch 1488/1500, PSNR: 25.397176, SSIM: 0.835714, LR: 4.665e-06
2025-03-15 10:33:31,489 - INFO - Epoch 1489/1500, PSNR: 25.380105, SSIM: 0.835585, LR: 4.126e-06
2025-03-15 10:34:19,630 - INFO - Epoch 1490/1500, PSNR: 25.361310, SSIM: 0.835471, LR: 3.629e-06
2025-03-15 10:35:07,249 - INFO - Epoch 1491/1500, PSNR: 25.380940, SSIM: 0.835546, LR: 3.174e-06
2025-03-15 10:35:55,253 - INFO - Epoch 1492/1500, PSNR: 25.354412, SSIM: 0.835432, LR: 2.762e-06
2025-03-15 10:36:42,750 - INFO - Epoch 1493/1500, PSNR: 25.372041, SSIM: 0.835615, LR: 2.393e-06
2025-03-15 10:37:30,475 - INFO - Epoch 1494/1500, PSNR: 25.377520, SSIM: 0.835660, LR: 2.067e-06
2025-03-15 10:38:18,495 - INFO - Epoch 1495/1500, PSNR: 25.350867, SSIM: 0.835535, LR: 1.785e-06
2025-03-15 10:39:06,290 - INFO - Epoch 1496/1500, PSNR: 25.379435, SSIM: 0.835522, LR: 1.545e-06
2025-03-15 10:39:54,081 - INFO - Epoch 1497/1500, PSNR: 25.379526, SSIM: 0.835479, LR: 1.349e-06
2025-03-15 10:40:42,083 - INFO - Epoch 1498/1500, PSNR: 25.372225, SSIM: 0.835488, LR: 1.196e-06
2025-03-15 10:41:30,281 - INFO - Epoch 1499/1500, PSNR: 25.368560, SSIM: 0.835511, LR: 1.087e-06
2025-03-15 10:42:18,460 - INFO - Epoch 1500/1500, PSNR: 25.373759, SSIM: 0.835594, LR: 1.022e-06
