2025-03-14 14:40:34,795 - INFO - Train loader: 485; Test loader: 15
2025-03-14 14:40:34,795 - INFO - LR: 0.0002; Epochs: 1500; Decay_steps: 150
2025-03-14 14:40:34,813 - INFO - LYT(
  (process_y): Sequential(
    (0): Conv2d(1, 32, kernel_size=(3, 3), stride=(1, 1), padding=(1, 1))
    (1): ReLU(inplace=True)
  )
  (process_cb): Sequential(
    (0): Conv2d(1, 32, kernel_size=(3, 3), stride=(1, 1), padding=(1, 1))
    (1): ReLU(inplace=True)
  )
  (process_cr): Sequential(
    (0): Conv2d(1, 32, kernel_size=(3, 3), stride=(1, 1), padding=(1, 1))
    (1): ReLU(inplace=True)
  )
  (denoiser_cb): Denoiser(
    (conv1): Conv2d(1, 16, kernel_size=(3, 3), stride=(1, 1), padding=(1, 1))
    (conv2): Conv2d(16, 16, kernel_size=(3, 3), stride=(2, 2), padding=(1, 1))
    (conv3): Conv2d(16, 16, kernel_size=(3, 3), stride=(2, 2), padding=(1, 1))
    (conv4): Conv2d(16, 16, kernel_size=(3, 3), stride=(2, 2), padding=(1, 1))
    (bottleneck): MultiHeadSelfAttention(
      (query_dense): Linear(in_features=16, out_features=16, bias=True)
      (key_dense): Linear(in_features=16, out_features=16, bias=True)
      (value_dense): Linear(in_features=16, out_features=16, bias=True)
      (combine_heads): Linear(in_features=16, out_features=16, bias=True)
    )
    (up2): Upsample(scale_factor=2.0, mode=nearest)
    (up3): Upsample(scale_factor=2.0, mode=nearest)
    (up4): Upsample(scale_factor=2.0, mode=nearest)
    (output_layer): Conv2d(1, 1, kernel_size=(3, 3), stride=(1, 1), padding=(1, 1))
    (res_layer): Conv2d(16, 1, kernel_size=(3, 3), stride=(1, 1), padding=(1, 1))
  )
  (denoiser_cr): Denoiser(
    (conv1): Conv2d(1, 16, kernel_size=(3, 3), stride=(1, 1), padding=(1, 1))
    (conv2): Conv2d(16, 16, kernel_size=(3, 3), stride=(2, 2), padding=(1, 1))
    (conv3): Conv2d(16, 16, kernel_size=(3, 3), stride=(2, 2), padding=(1, 1))
    (conv4): Conv2d(16, 16, kernel_size=(3, 3), stride=(2, 2), padding=(1, 1))
    (bottleneck): MultiHeadSelfAttention(
      (query_dense): Linear(in_features=16, out_features=16, bias=True)
      (key_dense): Linear(in_features=16, out_features=16, bias=True)
      (value_dense): Linear(in_features=16, out_features=16, bias=True)
      (combine_heads): Linear(in_features=16, out_features=16, bias=True)
    )
    (up2): Upsample(scale_factor=2.0, mode=nearest)
    (up3): Upsample(scale_factor=2.0, mode=nearest)
    (up4): Upsample(scale_factor=2.0, mode=nearest)
    (output_layer): Conv2d(1, 1, kernel_size=(3, 3), stride=(1, 1), padding=(1, 1))
    (res_layer): Conv2d(16, 1, kernel_size=(3, 3), stride=(1, 1), padding=(1, 1))
  )
  (lum_pool): MaxPool2d(kernel_size=8, stride=8, padding=0, dilation=1, ceil_mode=False)
  (lum_mhsa): MultiHeadSelfAttention(
    (query_dense): Linear(in_features=32, out_features=32, bias=True)
    (key_dense): Linear(in_features=32, out_features=32, bias=True)
    (value_dense): Linear(in_features=32, out_features=32, bias=True)
    (combine_heads): Linear(in_features=32, out_features=32, bias=True)
  )
  (lum_up): Upsample(scale_factor=8.0, mode=nearest)
  (lum_conv): Conv2d(32, 32, kernel_size=(1, 1), stride=(1, 1))
  (ref_conv): Conv2d(64, 32, kernel_size=(1, 1), stride=(1, 1))
  (msef): MSEFBlock(
    (layer_norm): LayerNormalization(
      (norm): LayerNorm((32,), eps=1e-05, elementwise_affine=True)
    )
    (depthwise_conv): Conv2d(32, 32, kernel_size=(3, 3), stride=(1, 1), padding=(1, 1), groups=32)
    (se_attn): SEBlock(
      (pool): AdaptiveAvgPool2d(output_size=1)
      (fc1): Linear(in_features=32, out_features=2, bias=True)
      (fc2): Linear(in_features=2, out_features=32, bias=True)
    )
  )
  (recombine): Conv2d(64, 32, kernel_size=(3, 3), stride=(1, 1), padding=(1, 1))
  (final_adjustments): Conv2d(32, 3, kernel_size=(3, 3), stride=(1, 1), padding=(1, 1))
  (rgb_hvi): RGB_HVI()
)
2025-03-14 14:40:36,175 - INFO - Training started.
2025-03-14 14:41:28,085 - INFO - Epoch 1/1500, PSNR: 21.680648, SSIM: 0.657481, LR: 2.000e-04
2025-03-14 14:41:28,184 - INFO - Saving model with PSNR: 21.680648
2025-03-14 14:42:16,267 - INFO - Epoch 2/1500, PSNR: 22.160418, SSIM: 0.720754, LR: 2.000e-04
2025-03-14 14:42:16,365 - INFO - Saving model with PSNR: 22.160418
2025-03-14 14:43:04,329 - INFO - Epoch 3/1500, PSNR: 22.341184, SSIM: 0.744375, LR: 1.999e-04
2025-03-14 14:43:04,428 - INFO - Saving model with PSNR: 22.341184
2025-03-14 14:43:52,039 - INFO - Epoch 4/1500, PSNR: 23.176380, SSIM: 0.759547, LR: 1.998e-04
2025-03-14 14:43:52,140 - INFO - Saving model with PSNR: 23.176380
2025-03-14 14:44:39,785 - INFO - Epoch 5/1500, PSNR: 23.145839, SSIM: 0.765218, LR: 1.997e-04
2025-03-14 14:45:27,540 - INFO - Epoch 6/1500, PSNR: 23.547482, SSIM: 0.769202, LR: 1.995e-04
2025-03-14 14:45:27,642 - INFO - Saving model with PSNR: 23.547482
2025-03-14 14:46:16,423 - INFO - Epoch 7/1500, PSNR: 23.995869, SSIM: 0.779335, LR: 1.992e-04
2025-03-14 14:46:16,525 - INFO - Saving model with PSNR: 23.995869
2025-03-14 14:47:04,303 - INFO - Epoch 8/1500, PSNR: 24.306576, SSIM: 0.783469, LR: 1.989e-04
2025-03-14 14:47:04,406 - INFO - Saving model with PSNR: 24.306576
2025-03-14 14:47:52,257 - INFO - Epoch 9/1500, PSNR: 24.419947, SSIM: 0.786926, LR: 1.986e-04
2025-03-14 14:47:52,355 - INFO - Saving model with PSNR: 24.419947
2025-03-14 14:48:40,589 - INFO - Epoch 10/1500, PSNR: 24.024171, SSIM: 0.784103, LR: 1.982e-04
2025-03-14 14:49:28,675 - INFO - Epoch 11/1500, PSNR: 24.599649, SSIM: 0.790281, LR: 1.978e-04
2025-03-14 14:49:28,776 - INFO - Saving model with PSNR: 24.599649
2025-03-14 14:50:16,967 - INFO - Epoch 12/1500, PSNR: 24.512297, SSIM: 0.791059, LR: 1.974e-04
2025-03-14 14:51:05,449 - INFO - Epoch 13/1500, PSNR: 24.598063, SSIM: 0.792640, LR: 1.969e-04
2025-03-14 14:51:53,654 - INFO - Epoch 14/1500, PSNR: 24.551984, SSIM: 0.792268, LR: 1.963e-04
2025-03-14 14:52:41,611 - INFO - Epoch 15/1500, PSNR: 24.678821, SSIM: 0.796785, LR: 1.958e-04
2025-03-14 14:52:41,710 - INFO - Saving model with PSNR: 24.678821
2025-03-14 14:53:29,560 - INFO - Epoch 16/1500, PSNR: 24.666879, SSIM: 0.795385, LR: 1.951e-04
2025-03-14 14:54:17,858 - INFO - Epoch 17/1500, PSNR: 25.099523, SSIM: 0.797439, LR: 1.945e-04
2025-03-14 14:54:17,962 - INFO - Saving model with PSNR: 25.099523
2025-03-14 14:55:06,124 - INFO - Epoch 18/1500, PSNR: 24.613675, SSIM: 0.794378, LR: 1.938e-04
2025-03-14 14:55:54,487 - INFO - Epoch 19/1500, PSNR: 23.830309, SSIM: 0.794657, LR: 1.930e-04
2025-03-14 14:56:42,271 - INFO - Epoch 20/1500, PSNR: 24.881359, SSIM: 0.795499, LR: 1.922e-04
2025-03-14 14:57:30,673 - INFO - Epoch 21/1500, PSNR: 24.739305, SSIM: 0.797276, LR: 1.914e-04
2025-03-14 14:58:19,305 - INFO - Epoch 22/1500, PSNR: 24.877120, SSIM: 0.800099, LR: 1.905e-04
2025-03-14 14:59:07,803 - INFO - Epoch 23/1500, PSNR: 24.548211, SSIM: 0.795601, LR: 1.896e-04
2025-03-14 14:59:56,133 - INFO - Epoch 24/1500, PSNR: 24.902117, SSIM: 0.798590, LR: 1.887e-04
2025-03-14 15:00:44,071 - INFO - Epoch 25/1500, PSNR: 24.183452, SSIM: 0.798124, LR: 1.877e-04
2025-03-14 15:01:32,719 - INFO - Epoch 26/1500, PSNR: 24.617178, SSIM: 0.795013, LR: 1.867e-04
2025-03-14 15:02:20,781 - INFO - Epoch 27/1500, PSNR: 24.432727, SSIM: 0.798337, LR: 1.856e-04
2025-03-14 15:03:08,697 - INFO - Epoch 28/1500, PSNR: 24.821525, SSIM: 0.799365, LR: 1.845e-04
2025-03-14 15:03:56,624 - INFO - Epoch 29/1500, PSNR: 25.091633, SSIM: 0.802785, LR: 1.834e-04
2025-03-14 15:04:44,871 - INFO - Epoch 30/1500, PSNR: 25.144117, SSIM: 0.804440, LR: 1.822e-04
2025-03-14 15:04:44,972 - INFO - Saving model with PSNR: 25.144117
2025-03-14 15:05:32,889 - INFO - Epoch 31/1500, PSNR: 25.276441, SSIM: 0.804851, LR: 1.810e-04
2025-03-14 15:05:32,992 - INFO - Saving model with PSNR: 25.276441
2025-03-14 15:06:20,994 - INFO - Epoch 32/1500, PSNR: 25.138504, SSIM: 0.804265, LR: 1.798e-04
2025-03-14 15:07:08,579 - INFO - Epoch 33/1500, PSNR: 24.914502, SSIM: 0.804240, LR: 1.785e-04
2025-03-14 15:07:56,653 - INFO - Epoch 34/1500, PSNR: 24.748822, SSIM: 0.803623, LR: 1.772e-04
2025-03-14 15:08:44,441 - INFO - Epoch 35/1500, PSNR: 25.221264, SSIM: 0.806356, LR: 1.758e-04
2025-03-14 15:09:32,825 - INFO - Epoch 36/1500, PSNR: 25.249250, SSIM: 0.803123, LR: 1.744e-04
2025-03-14 15:10:21,295 - INFO - Epoch 37/1500, PSNR: 25.091923, SSIM: 0.806310, LR: 1.730e-04
2025-03-14 15:11:09,194 - INFO - Epoch 38/1500, PSNR: 23.883856, SSIM: 0.800777, LR: 1.716e-04
2025-03-14 15:11:56,829 - INFO - Epoch 39/1500, PSNR: 25.083214, SSIM: 0.806761, LR: 1.701e-04
2025-03-14 15:12:44,994 - INFO - Epoch 40/1500, PSNR: 24.992628, SSIM: 0.807436, LR: 1.686e-04
2025-03-14 15:13:32,694 - INFO - Epoch 41/1500, PSNR: 25.160561, SSIM: 0.806673, LR: 1.671e-04
2025-03-14 15:14:20,869 - INFO - Epoch 42/1500, PSNR: 25.126022, SSIM: 0.806674, LR: 1.655e-04
2025-03-14 15:15:09,341 - INFO - Epoch 43/1500, PSNR: 25.438347, SSIM: 0.807885, LR: 1.639e-04
2025-03-14 15:15:09,428 - INFO - Saving model with PSNR: 25.438347
2025-03-14 15:15:57,380 - INFO - Epoch 44/1500, PSNR: 24.495104, SSIM: 0.801146, LR: 1.623e-04
2025-03-14 15:16:45,253 - INFO - Epoch 45/1500, PSNR: 25.169087, SSIM: 0.805515, LR: 1.607e-04
2025-03-14 15:17:33,002 - INFO - Epoch 46/1500, PSNR: 24.830457, SSIM: 0.804506, LR: 1.590e-04
2025-03-14 15:18:20,709 - INFO - Epoch 47/1500, PSNR: 25.123354, SSIM: 0.809610, LR: 1.573e-04
2025-03-14 15:19:08,600 - INFO - Epoch 48/1500, PSNR: 25.195685, SSIM: 0.809422, LR: 1.556e-04
2025-03-14 15:19:56,098 - INFO - Epoch 49/1500, PSNR: 25.687274, SSIM: 0.810565, LR: 1.538e-04
2025-03-14 15:19:56,196 - INFO - Saving model with PSNR: 25.687274
2025-03-14 15:20:44,075 - INFO - Epoch 50/1500, PSNR: 24.804657, SSIM: 0.808503, LR: 1.520e-04
2025-03-14 15:21:31,774 - INFO - Epoch 51/1500, PSNR: 24.936265, SSIM: 0.808956, LR: 1.503e-04
2025-03-14 15:22:20,173 - INFO - Epoch 52/1500, PSNR: 24.787980, SSIM: 0.806640, LR: 1.484e-04
2025-03-14 15:23:07,721 - INFO - Epoch 53/1500, PSNR: 25.251698, SSIM: 0.810101, LR: 1.466e-04
2025-03-14 15:23:55,431 - INFO - Epoch 54/1500, PSNR: 25.373858, SSIM: 0.808863, LR: 1.447e-04
2025-03-14 15:24:42,878 - INFO - Epoch 55/1500, PSNR: 25.017599, SSIM: 0.810790, LR: 1.429e-04
2025-03-14 15:25:30,333 - INFO - Epoch 56/1500, PSNR: 24.971547, SSIM: 0.806102, LR: 1.410e-04
2025-03-14 15:26:17,971 - INFO - Epoch 57/1500, PSNR: 25.183910, SSIM: 0.809927, LR: 1.391e-04
2025-03-14 15:27:05,870 - INFO - Epoch 58/1500, PSNR: 25.296553, SSIM: 0.810982, LR: 1.371e-04
2025-03-14 15:27:53,331 - INFO - Epoch 59/1500, PSNR: 25.537054, SSIM: 0.813038, LR: 1.352e-04
2025-03-14 15:28:40,858 - INFO - Epoch 60/1500, PSNR: 25.267204, SSIM: 0.811212, LR: 1.332e-04
2025-03-14 15:29:28,402 - INFO - Epoch 61/1500, PSNR: 25.235828, SSIM: 0.810329, LR: 1.312e-04
2025-03-14 15:30:16,608 - INFO - Epoch 62/1500, PSNR: 25.229379, SSIM: 0.812468, LR: 1.293e-04
2025-03-14 15:31:04,622 - INFO - Epoch 63/1500, PSNR: 25.068853, SSIM: 0.808269, LR: 1.273e-04
2025-03-14 15:31:52,221 - INFO - Epoch 64/1500, PSNR: 25.129821, SSIM: 0.812198, LR: 1.252e-04
2025-03-14 15:32:40,141 - INFO - Epoch 65/1500, PSNR: 25.039697, SSIM: 0.811022, LR: 1.232e-04
2025-03-14 15:33:27,782 - INFO - Epoch 66/1500, PSNR: 25.204871, SSIM: 0.810476, LR: 1.212e-04
2025-03-14 15:34:15,678 - INFO - Epoch 67/1500, PSNR: 25.371625, SSIM: 0.812940, LR: 1.191e-04
2025-03-14 15:35:03,792 - INFO - Epoch 68/1500, PSNR: 25.327322, SSIM: 0.812936, LR: 1.171e-04
2025-03-14 15:35:51,642 - INFO - Epoch 69/1500, PSNR: 25.512970, SSIM: 0.813827, LR: 1.150e-04
2025-03-14 15:36:39,454 - INFO - Epoch 70/1500, PSNR: 25.382458, SSIM: 0.814697, LR: 1.130e-04
2025-03-14 15:37:27,089 - INFO - Epoch 71/1500, PSNR: 25.414629, SSIM: 0.813529, LR: 1.109e-04
2025-03-14 15:38:15,422 - INFO - Epoch 72/1500, PSNR: 25.442734, SSIM: 0.812749, LR: 1.088e-04
2025-03-14 15:39:03,917 - INFO - Epoch 73/1500, PSNR: 25.165781, SSIM: 0.812729, LR: 1.067e-04
2025-03-14 15:39:52,530 - INFO - Epoch 74/1500, PSNR: 25.226981, SSIM: 0.812919, LR: 1.047e-04
2025-03-14 15:40:40,977 - INFO - Epoch 75/1500, PSNR: 25.616199, SSIM: 0.815529, LR: 1.026e-04
2025-03-14 15:41:29,092 - INFO - Epoch 76/1500, PSNR: 25.326055, SSIM: 0.813844, LR: 1.005e-04
2025-03-14 15:42:17,217 - INFO - Epoch 77/1500, PSNR: 25.290548, SSIM: 0.812573, LR: 9.842e-05
2025-03-14 15:43:05,000 - INFO - Epoch 78/1500, PSNR: 25.490889, SSIM: 0.814102, LR: 9.633e-05
2025-03-14 15:43:52,614 - INFO - Epoch 79/1500, PSNR: 25.281545, SSIM: 0.814121, LR: 9.425e-05
2025-03-14 15:44:40,656 - INFO - Epoch 80/1500, PSNR: 25.544232, SSIM: 0.814040, LR: 9.217e-05
2025-03-14 15:45:28,504 - INFO - Epoch 81/1500, PSNR: 25.291348, SSIM: 0.814881, LR: 9.010e-05
2025-03-14 15:46:16,439 - INFO - Epoch 82/1500, PSNR: 25.415265, SSIM: 0.815136, LR: 8.803e-05
2025-03-14 15:47:04,772 - INFO - Epoch 83/1500, PSNR: 25.220392, SSIM: 0.814050, LR: 8.596e-05
2025-03-14 15:47:52,742 - INFO - Epoch 84/1500, PSNR: 25.394867, SSIM: 0.814064, LR: 8.391e-05
2025-03-14 15:48:40,318 - INFO - Epoch 85/1500, PSNR: 25.375819, SSIM: 0.812991, LR: 8.186e-05
2025-03-14 15:49:28,143 - INFO - Epoch 86/1500, PSNR: 25.339603, SSIM: 0.814382, LR: 7.981e-05
2025-03-14 15:50:16,365 - INFO - Epoch 87/1500, PSNR: 25.304594, SSIM: 0.812314, LR: 7.778e-05
2025-03-14 15:51:04,630 - INFO - Epoch 88/1500, PSNR: 25.277579, SSIM: 0.815877, LR: 7.576e-05
2025-03-14 15:51:52,534 - INFO - Epoch 89/1500, PSNR: 25.416186, SSIM: 0.814018, LR: 7.374e-05
2025-03-14 15:52:40,766 - INFO - Epoch 90/1500, PSNR: 25.376766, SSIM: 0.815509, LR: 7.174e-05
2025-03-14 15:53:29,027 - INFO - Epoch 91/1500, PSNR: 25.059338, SSIM: 0.814359, LR: 6.975e-05
2025-03-14 15:54:17,110 - INFO - Epoch 92/1500, PSNR: 25.531337, SSIM: 0.817473, LR: 6.778e-05
2025-03-14 15:55:05,535 - INFO - Epoch 93/1500, PSNR: 25.153627, SSIM: 0.814300, LR: 6.582e-05
2025-03-14 15:55:54,184 - INFO - Epoch 94/1500, PSNR: 25.671219, SSIM: 0.816056, LR: 6.387e-05
2025-03-14 15:56:41,707 - INFO - Epoch 95/1500, PSNR: 25.314073, SSIM: 0.814841, LR: 6.194e-05
2025-03-14 15:57:29,666 - INFO - Epoch 96/1500, PSNR: 25.500393, SSIM: 0.815896, LR: 6.003e-05
2025-03-14 15:58:17,768 - INFO - Epoch 97/1500, PSNR: 25.491565, SSIM: 0.815938, LR: 5.813e-05
2025-03-14 15:59:05,665 - INFO - Epoch 98/1500, PSNR: 25.429798, SSIM: 0.817860, LR: 5.626e-05
2025-03-14 15:59:53,495 - INFO - Epoch 99/1500, PSNR: 25.477824, SSIM: 0.816804, LR: 5.440e-05
2025-03-14 16:00:41,041 - INFO - Epoch 100/1500, PSNR: 25.426214, SSIM: 0.816320, LR: 5.257e-05
2025-03-14 16:01:28,859 - INFO - Epoch 101/1500, PSNR: 25.491590, SSIM: 0.815266, LR: 5.075e-05
2025-03-14 16:02:16,596 - INFO - Epoch 102/1500, PSNR: 25.468447, SSIM: 0.815159, LR: 4.896e-05
2025-03-14 16:03:04,404 - INFO - Epoch 103/1500, PSNR: 25.453576, SSIM: 0.815342, LR: 4.719e-05
2025-03-14 16:03:51,970 - INFO - Epoch 104/1500, PSNR: 25.531856, SSIM: 0.815785, LR: 4.544e-05
2025-03-14 16:04:39,493 - INFO - Epoch 105/1500, PSNR: 25.134111, SSIM: 0.815246, LR: 4.371e-05
2025-03-14 16:05:27,675 - INFO - Epoch 106/1500, PSNR: 25.406289, SSIM: 0.815513, LR: 4.202e-05
2025-03-14 16:06:16,073 - INFO - Epoch 107/1500, PSNR: 25.305538, SSIM: 0.814898, LR: 4.034e-05
2025-03-14 16:07:04,031 - INFO - Epoch 108/1500, PSNR: 25.455618, SSIM: 0.815937, LR: 3.870e-05
2025-03-14 16:07:51,791 - INFO - Epoch 109/1500, PSNR: 25.366186, SSIM: 0.814892, LR: 3.708e-05
2025-03-14 16:08:39,858 - INFO - Epoch 110/1500, PSNR: 25.550658, SSIM: 0.815687, LR: 3.548e-05
2025-03-14 16:09:28,256 - INFO - Epoch 111/1500, PSNR: 25.488564, SSIM: 0.815599, LR: 3.392e-05
2025-03-14 16:10:15,907 - INFO - Epoch 112/1500, PSNR: 25.445016, SSIM: 0.816169, LR: 3.239e-05
2025-03-14 16:11:03,553 - INFO - Epoch 113/1500, PSNR: 25.454615, SSIM: 0.815964, LR: 3.088e-05
2025-03-14 16:11:51,587 - INFO - Epoch 114/1500, PSNR: 25.376453, SSIM: 0.814608, LR: 2.941e-05
2025-03-14 16:12:39,734 - INFO - Epoch 115/1500, PSNR: 25.223822, SSIM: 0.815396, LR: 2.797e-05
2025-03-14 16:13:28,007 - INFO - Epoch 116/1500, PSNR: 25.459831, SSIM: 0.816923, LR: 2.656e-05
2025-03-14 16:14:15,855 - INFO - Epoch 117/1500, PSNR: 25.424873, SSIM: 0.815790, LR: 2.518e-05
2025-03-14 16:15:03,768 - INFO - Epoch 118/1500, PSNR: 25.443686, SSIM: 0.816328, LR: 2.383e-05
2025-03-14 16:15:52,129 - INFO - Epoch 119/1500, PSNR: 25.341314, SSIM: 0.816568, LR: 2.252e-05
2025-03-14 16:16:39,736 - INFO - Epoch 120/1500, PSNR: 25.466180, SSIM: 0.815621, LR: 2.125e-05
2025-03-14 16:17:27,498 - INFO - Epoch 121/1500, PSNR: 25.531446, SSIM: 0.815902, LR: 2.000e-05
2025-03-14 16:18:15,499 - INFO - Epoch 122/1500, PSNR: 25.565086, SSIM: 0.816323, LR: 1.880e-05
2025-03-14 16:19:03,451 - INFO - Epoch 123/1500, PSNR: 25.485286, SSIM: 0.816559, LR: 1.762e-05
2025-03-14 16:19:51,431 - INFO - Epoch 124/1500, PSNR: 25.573281, SSIM: 0.815832, LR: 1.649e-05
2025-03-14 16:20:39,564 - INFO - Epoch 125/1500, PSNR: 25.446299, SSIM: 0.816374, LR: 1.539e-05
2025-03-14 16:21:27,630 - INFO - Epoch 126/1500, PSNR: 25.429853, SSIM: 0.816107, LR: 1.433e-05
2025-03-14 16:22:15,472 - INFO - Epoch 127/1500, PSNR: 25.436750, SSIM: 0.816243, LR: 1.331e-05
2025-03-14 16:23:03,119 - INFO - Epoch 128/1500, PSNR: 25.507144, SSIM: 0.816477, LR: 1.232e-05
2025-03-14 16:23:50,936 - INFO - Epoch 129/1500, PSNR: 25.552163, SSIM: 0.816362, LR: 1.138e-05
2025-03-14 16:24:39,488 - INFO - Epoch 130/1500, PSNR: 25.559089, SSIM: 0.816905, LR: 1.047e-05
2025-03-14 16:25:27,532 - INFO - Epoch 131/1500, PSNR: 25.566725, SSIM: 0.816464, LR: 9.602e-06
2025-03-14 16:26:15,509 - INFO - Epoch 132/1500, PSNR: 25.459601, SSIM: 0.816479, LR: 8.775e-06
2025-03-14 16:27:03,366 - INFO - Epoch 133/1500, PSNR: 25.475988, SSIM: 0.816125, LR: 7.987e-06
2025-03-14 16:27:51,434 - INFO - Epoch 134/1500, PSNR: 25.509181, SSIM: 0.816061, LR: 7.240e-06
2025-03-14 16:28:39,201 - INFO - Epoch 135/1500, PSNR: 25.455092, SSIM: 0.816005, LR: 6.535e-06
2025-03-14 16:29:27,217 - INFO - Epoch 136/1500, PSNR: 25.447096, SSIM: 0.816149, LR: 5.870e-06
2025-03-14 16:30:15,140 - INFO - Epoch 137/1500, PSNR: 25.488891, SSIM: 0.816469, LR: 5.247e-06
2025-03-14 16:31:02,712 - INFO - Epoch 138/1500, PSNR: 25.509109, SSIM: 0.816313, LR: 4.665e-06
2025-03-14 16:31:50,349 - INFO - Epoch 139/1500, PSNR: 25.474809, SSIM: 0.816408, LR: 4.126e-06
2025-03-14 16:32:38,358 - INFO - Epoch 140/1500, PSNR: 25.458196, SSIM: 0.816185, LR: 3.629e-06
2025-03-14 16:33:26,087 - INFO - Epoch 141/1500, PSNR: 25.476236, SSIM: 0.816469, LR: 3.174e-06
2025-03-14 16:34:14,050 - INFO - Epoch 142/1500, PSNR: 25.459502, SSIM: 0.816359, LR: 2.762e-06
2025-03-14 16:35:02,045 - INFO - Epoch 143/1500, PSNR: 25.481029, SSIM: 0.816464, LR: 2.393e-06
2025-03-14 16:35:49,744 - INFO - Epoch 144/1500, PSNR: 25.469890, SSIM: 0.816499, LR: 2.067e-06
2025-03-14 16:36:37,411 - INFO - Epoch 145/1500, PSNR: 25.487524, SSIM: 0.816543, LR: 1.785e-06
2025-03-14 16:37:25,050 - INFO - Epoch 146/1500, PSNR: 25.483396, SSIM: 0.816569, LR: 1.545e-06
2025-03-14 16:38:13,306 - INFO - Epoch 147/1500, PSNR: 25.503057, SSIM: 0.816585, LR: 1.349e-06
2025-03-14 16:39:01,465 - INFO - Epoch 148/1500, PSNR: 25.496479, SSIM: 0.816543, LR: 1.196e-06
2025-03-14 16:39:49,854 - INFO - Epoch 149/1500, PSNR: 25.493908, SSIM: 0.816489, LR: 1.087e-06
2025-03-14 16:40:37,854 - INFO - Epoch 150/1500, PSNR: 25.491987, SSIM: 0.816506, LR: 1.022e-06
2025-03-14 16:41:25,869 - INFO - Epoch 151/1500, PSNR: 25.290273, SSIM: 0.815221, LR: 2.000e-04
2025-03-14 16:42:14,047 - INFO - Epoch 152/1500, PSNR: 25.374319, SSIM: 0.816851, LR: 2.000e-04
2025-03-14 16:43:02,315 - INFO - Epoch 153/1500, PSNR: 25.475633, SSIM: 0.817573, LR: 1.999e-04
2025-03-14 16:43:50,233 - INFO - Epoch 154/1500, PSNR: 25.554939, SSIM: 0.815519, LR: 1.998e-04
2025-03-14 16:44:38,545 - INFO - Epoch 155/1500, PSNR: 25.300485, SSIM: 0.814982, LR: 1.997e-04
2025-03-14 16:45:26,503 - INFO - Epoch 156/1500, PSNR: 25.158563, SSIM: 0.814368, LR: 1.995e-04
2025-03-14 16:46:14,189 - INFO - Epoch 157/1500, PSNR: 25.752231, SSIM: 0.815915, LR: 1.992e-04
2025-03-14 16:46:14,292 - INFO - Saving model with PSNR: 25.752231
2025-03-14 16:47:02,035 - INFO - Epoch 158/1500, PSNR: 25.141344, SSIM: 0.816493, LR: 1.989e-04
2025-03-14 16:47:49,743 - INFO - Epoch 159/1500, PSNR: 24.704164, SSIM: 0.813108, LR: 1.986e-04
2025-03-14 16:48:37,828 - INFO - Epoch 160/1500, PSNR: 25.296732, SSIM: 0.814032, LR: 1.982e-04
2025-03-14 16:49:25,913 - INFO - Epoch 161/1500, PSNR: 25.416443, SSIM: 0.814927, LR: 1.978e-04
2025-03-14 16:50:14,293 - INFO - Epoch 162/1500, PSNR: 25.027759, SSIM: 0.812801, LR: 1.974e-04
2025-03-14 16:51:02,416 - INFO - Epoch 163/1500, PSNR: 24.916511, SSIM: 0.811892, LR: 1.969e-04
2025-03-14 16:51:50,309 - INFO - Epoch 164/1500, PSNR: 24.999134, SSIM: 0.814887, LR: 1.963e-04
2025-03-14 16:52:38,094 - INFO - Epoch 165/1500, PSNR: 25.337659, SSIM: 0.812296, LR: 1.958e-04
2025-03-14 16:53:25,791 - INFO - Epoch 166/1500, PSNR: 25.608546, SSIM: 0.815487, LR: 1.951e-04
2025-03-14 16:54:14,145 - INFO - Epoch 167/1500, PSNR: 25.293748, SSIM: 0.818724, LR: 1.945e-04
2025-03-14 16:55:02,051 - INFO - Epoch 168/1500, PSNR: 25.470966, SSIM: 0.814514, LR: 1.938e-04
2025-03-14 16:55:49,862 - INFO - Epoch 169/1500, PSNR: 25.154668, SSIM: 0.813746, LR: 1.930e-04
2025-03-14 16:56:37,478 - INFO - Epoch 170/1500, PSNR: 25.298282, SSIM: 0.814374, LR: 1.922e-04
2025-03-14 16:57:25,726 - INFO - Epoch 171/1500, PSNR: 24.909484, SSIM: 0.808764, LR: 1.914e-04
2025-03-14 16:58:13,377 - INFO - Epoch 172/1500, PSNR: 25.425963, SSIM: 0.816717, LR: 1.905e-04
2025-03-14 16:59:01,011 - INFO - Epoch 173/1500, PSNR: 25.084281, SSIM: 0.814899, LR: 1.896e-04
2025-03-14 16:59:48,902 - INFO - Epoch 174/1500, PSNR: 25.206807, SSIM: 0.817522, LR: 1.887e-04
2025-03-14 17:00:37,065 - INFO - Epoch 175/1500, PSNR: 25.378344, SSIM: 0.816117, LR: 1.877e-04
2025-03-14 17:01:25,312 - INFO - Epoch 176/1500, PSNR: 25.414978, SSIM: 0.816524, LR: 1.867e-04
2025-03-14 17:02:13,504 - INFO - Epoch 177/1500, PSNR: 24.692908, SSIM: 0.816512, LR: 1.856e-04
2025-03-14 17:03:01,306 - INFO - Epoch 178/1500, PSNR: 25.434501, SSIM: 0.815310, LR: 1.845e-04
2025-03-14 17:03:49,242 - INFO - Epoch 179/1500, PSNR: 24.973355, SSIM: 0.816687, LR: 1.834e-04
2025-03-14 17:04:37,301 - INFO - Epoch 180/1500, PSNR: 25.415076, SSIM: 0.816475, LR: 1.822e-04
2025-03-14 17:05:25,429 - INFO - Epoch 181/1500, PSNR: 25.336035, SSIM: 0.817122, LR: 1.810e-04
2025-03-14 17:06:13,283 - INFO - Epoch 182/1500, PSNR: 24.960257, SSIM: 0.816917, LR: 1.798e-04
2025-03-14 17:07:01,035 - INFO - Epoch 183/1500, PSNR: 25.548348, SSIM: 0.818380, LR: 1.785e-04
2025-03-14 17:07:48,893 - INFO - Epoch 184/1500, PSNR: 25.643820, SSIM: 0.817124, LR: 1.772e-04
2025-03-14 17:08:37,666 - INFO - Epoch 185/1500, PSNR: 25.736718, SSIM: 0.819794, LR: 1.758e-04
2025-03-14 17:09:26,135 - INFO - Epoch 186/1500, PSNR: 25.172178, SSIM: 0.816769, LR: 1.744e-04
2025-03-14 17:10:13,810 - INFO - Epoch 187/1500, PSNR: 25.446190, SSIM: 0.814719, LR: 1.730e-04
2025-03-14 17:11:01,413 - INFO - Epoch 188/1500, PSNR: 25.474137, SSIM: 0.816233, LR: 1.716e-04
2025-03-14 17:11:48,887 - INFO - Epoch 189/1500, PSNR: 25.934552, SSIM: 0.819900, LR: 1.701e-04
2025-03-14 17:11:48,985 - INFO - Saving model with PSNR: 25.934552
2025-03-14 17:12:36,467 - INFO - Epoch 190/1500, PSNR: 25.688078, SSIM: 0.816938, LR: 1.686e-04
2025-03-14 17:13:24,207 - INFO - Epoch 191/1500, PSNR: 25.757945, SSIM: 0.819248, LR: 1.671e-04
2025-03-14 17:14:11,700 - INFO - Epoch 192/1500, PSNR: 24.757348, SSIM: 0.814464, LR: 1.655e-04
2025-03-14 17:14:59,784 - INFO - Epoch 193/1500, PSNR: 24.763449, SSIM: 0.816683, LR: 1.639e-04
2025-03-14 17:15:47,775 - INFO - Epoch 194/1500, PSNR: 25.263442, SSIM: 0.820471, LR: 1.623e-04
2025-03-14 17:16:35,433 - INFO - Epoch 195/1500, PSNR: 25.150151, SSIM: 0.817607, LR: 1.607e-04
2025-03-14 17:17:23,028 - INFO - Epoch 196/1500, PSNR: 25.431103, SSIM: 0.819126, LR: 1.590e-04
2025-03-14 17:18:11,371 - INFO - Epoch 197/1500, PSNR: 25.668257, SSIM: 0.821073, LR: 1.573e-04
2025-03-14 17:18:59,582 - INFO - Epoch 198/1500, PSNR: 25.200788, SSIM: 0.821705, LR: 1.556e-04
2025-03-14 17:19:47,225 - INFO - Epoch 199/1500, PSNR: 25.538588, SSIM: 0.821050, LR: 1.538e-04
2025-03-14 17:20:34,777 - INFO - Epoch 200/1500, PSNR: 25.596862, SSIM: 0.820316, LR: 1.520e-04
2025-03-14 17:21:22,373 - INFO - Epoch 201/1500, PSNR: 24.811757, SSIM: 0.818615, LR: 1.503e-04
2025-03-14 17:22:10,140 - INFO - Epoch 202/1500, PSNR: 25.235739, SSIM: 0.820569, LR: 1.484e-04
2025-03-14 17:22:58,209 - INFO - Epoch 203/1500, PSNR: 25.365522, SSIM: 0.820935, LR: 1.466e-04
2025-03-14 17:23:46,678 - INFO - Epoch 204/1500, PSNR: 25.471394, SSIM: 0.822207, LR: 1.447e-04
2025-03-14 17:24:34,293 - INFO - Epoch 205/1500, PSNR: 25.207964, SSIM: 0.819724, LR: 1.429e-04
2025-03-14 17:25:21,862 - INFO - Epoch 206/1500, PSNR: 25.526185, SSIM: 0.819478, LR: 1.410e-04
2025-03-14 17:26:09,719 - INFO - Epoch 207/1500, PSNR: 25.493303, SSIM: 0.820927, LR: 1.391e-04
2025-03-14 17:26:57,917 - INFO - Epoch 208/1500, PSNR: 25.540054, SSIM: 0.821227, LR: 1.371e-04
2025-03-14 17:27:45,388 - INFO - Epoch 209/1500, PSNR: 25.684210, SSIM: 0.823383, LR: 1.352e-04
2025-03-14 17:28:33,871 - INFO - Epoch 210/1500, PSNR: 24.831222, SSIM: 0.819162, LR: 1.332e-04
2025-03-14 17:29:21,774 - INFO - Epoch 211/1500, PSNR: 25.785331, SSIM: 0.823815, LR: 1.312e-04
2025-03-14 17:30:09,360 - INFO - Epoch 212/1500, PSNR: 25.723131, SSIM: 0.821690, LR: 1.293e-04
2025-03-14 17:30:57,004 - INFO - Epoch 213/1500, PSNR: 25.101018, SSIM: 0.819998, LR: 1.273e-04
2025-03-14 17:31:44,557 - INFO - Epoch 214/1500, PSNR: 25.446659, SSIM: 0.820604, LR: 1.252e-04
2025-03-14 17:32:32,511 - INFO - Epoch 215/1500, PSNR: 25.568202, SSIM: 0.822499, LR: 1.232e-04
2025-03-14 17:33:20,192 - INFO - Epoch 216/1500, PSNR: 25.402074, SSIM: 0.821542, LR: 1.212e-04
2025-03-14 17:34:08,234 - INFO - Epoch 217/1500, PSNR: 25.622244, SSIM: 0.822302, LR: 1.191e-04
2025-03-14 17:34:56,028 - INFO - Epoch 218/1500, PSNR: 25.360245, SSIM: 0.822197, LR: 1.171e-04
2025-03-14 17:35:44,563 - INFO - Epoch 219/1500, PSNR: 25.179407, SSIM: 0.821946, LR: 1.150e-04
2025-03-14 17:36:32,979 - INFO - Epoch 220/1500, PSNR: 25.238528, SSIM: 0.822772, LR: 1.130e-04
2025-03-14 17:37:21,085 - INFO - Epoch 221/1500, PSNR: 25.383257, SSIM: 0.822398, LR: 1.109e-04
2025-03-14 17:38:08,607 - INFO - Epoch 222/1500, PSNR: 25.540585, SSIM: 0.823837, LR: 1.088e-04
2025-03-14 17:38:56,129 - INFO - Epoch 223/1500, PSNR: 25.504612, SSIM: 0.824051, LR: 1.067e-04
2025-03-14 17:39:43,742 - INFO - Epoch 224/1500, PSNR: 25.667173, SSIM: 0.823979, LR: 1.047e-04
2025-03-14 17:40:31,389 - INFO - Epoch 225/1500, PSNR: 25.297139, SSIM: 0.822517, LR: 1.026e-04
2025-03-14 17:41:19,377 - INFO - Epoch 226/1500, PSNR: 25.587659, SSIM: 0.824559, LR: 1.005e-04
2025-03-14 17:42:07,101 - INFO - Epoch 227/1500, PSNR: 25.339870, SSIM: 0.822905, LR: 9.842e-05
2025-03-14 17:42:55,113 - INFO - Epoch 228/1500, PSNR: 25.495156, SSIM: 0.821899, LR: 9.633e-05
2025-03-14 17:43:42,982 - INFO - Epoch 229/1500, PSNR: 25.806007, SSIM: 0.823409, LR: 9.425e-05
2025-03-14 17:44:31,259 - INFO - Epoch 230/1500, PSNR: 25.283918, SSIM: 0.822498, LR: 9.217e-05
2025-03-14 17:45:19,281 - INFO - Epoch 231/1500, PSNR: 25.426108, SSIM: 0.822944, LR: 9.010e-05
2025-03-14 17:46:07,108 - INFO - Epoch 232/1500, PSNR: 25.438878, SSIM: 0.823349, LR: 8.803e-05
2025-03-14 17:46:54,806 - INFO - Epoch 233/1500, PSNR: 25.715206, SSIM: 0.824390, LR: 8.596e-05
2025-03-14 17:47:42,863 - INFO - Epoch 234/1500, PSNR: 25.155818, SSIM: 0.823786, LR: 8.391e-05
2025-03-14 17:48:30,321 - INFO - Epoch 235/1500, PSNR: 25.662915, SSIM: 0.823772, LR: 8.186e-05
2025-03-14 17:49:17,714 - INFO - Epoch 236/1500, PSNR: 25.732934, SSIM: 0.823890, LR: 7.981e-05
2025-03-14 17:50:05,381 - INFO - Epoch 237/1500, PSNR: 25.638638, SSIM: 0.823720, LR: 7.778e-05
2025-03-14 17:50:53,073 - INFO - Epoch 238/1500, PSNR: 25.651254, SSIM: 0.824632, LR: 7.576e-05
2025-03-14 17:51:41,308 - INFO - Epoch 239/1500, PSNR: 25.392564, SSIM: 0.824615, LR: 7.374e-05
2025-03-14 17:52:29,149 - INFO - Epoch 240/1500, PSNR: 25.350160, SSIM: 0.823289, LR: 7.174e-05
2025-03-14 17:53:17,250 - INFO - Epoch 241/1500, PSNR: 25.666794, SSIM: 0.824261, LR: 6.975e-05
2025-03-14 17:54:05,334 - INFO - Epoch 242/1500, PSNR: 25.368679, SSIM: 0.823864, LR: 6.778e-05
2025-03-14 17:54:53,104 - INFO - Epoch 243/1500, PSNR: 25.464898, SSIM: 0.824460, LR: 6.582e-05
2025-03-14 17:55:41,079 - INFO - Epoch 244/1500, PSNR: 25.513487, SSIM: 0.823514, LR: 6.387e-05
2025-03-14 17:56:29,423 - INFO - Epoch 245/1500, PSNR: 25.642867, SSIM: 0.823888, LR: 6.194e-05
2025-03-14 17:57:17,079 - INFO - Epoch 246/1500, PSNR: 25.393095, SSIM: 0.824758, LR: 6.003e-05
2025-03-14 17:58:05,021 - INFO - Epoch 247/1500, PSNR: 25.476139, SSIM: 0.825205, LR: 5.813e-05
2025-03-14 17:58:52,986 - INFO - Epoch 248/1500, PSNR: 25.372718, SSIM: 0.823576, LR: 5.626e-05
2025-03-14 17:59:40,960 - INFO - Epoch 249/1500, PSNR: 25.575046, SSIM: 0.825693, LR: 5.440e-05
2025-03-14 18:00:28,711 - INFO - Epoch 250/1500, PSNR: 25.398381, SSIM: 0.823323, LR: 5.257e-05
2025-03-14 18:01:16,847 - INFO - Epoch 251/1500, PSNR: 25.537011, SSIM: 0.823345, LR: 5.075e-05
2025-03-14 18:02:04,680 - INFO - Epoch 252/1500, PSNR: 25.535440, SSIM: 0.824030, LR: 4.896e-05
2025-03-14 18:02:52,464 - INFO - Epoch 253/1500, PSNR: 25.663354, SSIM: 0.825098, LR: 4.719e-05
2025-03-14 18:03:40,612 - INFO - Epoch 254/1500, PSNR: 25.618476, SSIM: 0.825135, LR: 4.544e-05
2025-03-14 18:04:28,492 - INFO - Epoch 255/1500, PSNR: 25.538455, SSIM: 0.824291, LR: 4.371e-05
2025-03-14 18:05:16,137 - INFO - Epoch 256/1500, PSNR: 25.385776, SSIM: 0.825199, LR: 4.202e-05
2025-03-14 18:06:04,235 - INFO - Epoch 257/1500, PSNR: 25.384577, SSIM: 0.824248, LR: 4.034e-05
2025-03-14 18:06:51,927 - INFO - Epoch 258/1500, PSNR: 25.555748, SSIM: 0.824830, LR: 3.870e-05
2025-03-14 18:07:39,666 - INFO - Epoch 259/1500, PSNR: 25.409213, SSIM: 0.825027, LR: 3.708e-05
2025-03-14 18:08:27,382 - INFO - Epoch 260/1500, PSNR: 25.559516, SSIM: 0.825910, LR: 3.548e-05
2025-03-14 18:09:15,457 - INFO - Epoch 261/1500, PSNR: 25.269549, SSIM: 0.824756, LR: 3.392e-05
2025-03-14 18:10:02,998 - INFO - Epoch 262/1500, PSNR: 25.484477, SSIM: 0.824082, LR: 3.239e-05
2025-03-14 18:10:50,586 - INFO - Epoch 263/1500, PSNR: 25.542715, SSIM: 0.825095, LR: 3.088e-05
2025-03-14 18:11:39,154 - INFO - Epoch 264/1500, PSNR: 25.672853, SSIM: 0.825149, LR: 2.941e-05
2025-03-14 18:12:26,680 - INFO - Epoch 265/1500, PSNR: 25.528071, SSIM: 0.824098, LR: 2.797e-05
2025-03-14 18:13:14,291 - INFO - Epoch 266/1500, PSNR: 25.454331, SSIM: 0.825242, LR: 2.656e-05
2025-03-14 18:14:02,052 - INFO - Epoch 267/1500, PSNR: 25.580205, SSIM: 0.825160, LR: 2.518e-05
2025-03-14 18:14:50,360 - INFO - Epoch 268/1500, PSNR: 25.518233, SSIM: 0.825156, LR: 2.383e-05
2025-03-14 18:15:38,692 - INFO - Epoch 269/1500, PSNR: 25.610434, SSIM: 0.824967, LR: 2.252e-05
2025-03-14 18:16:26,399 - INFO - Epoch 270/1500, PSNR: 25.462184, SSIM: 0.825235, LR: 2.125e-05
2025-03-14 18:17:14,697 - INFO - Epoch 271/1500, PSNR: 25.441630, SSIM: 0.825438, LR: 2.000e-05
2025-03-14 18:18:02,665 - INFO - Epoch 272/1500, PSNR: 25.567860, SSIM: 0.825259, LR: 1.880e-05
2025-03-14 18:18:50,854 - INFO - Epoch 273/1500, PSNR: 25.464958, SSIM: 0.824837, LR: 1.762e-05
2025-03-14 18:19:38,987 - INFO - Epoch 274/1500, PSNR: 25.492288, SSIM: 0.824932, LR: 1.649e-05
2025-03-14 18:20:26,762 - INFO - Epoch 275/1500, PSNR: 25.538943, SSIM: 0.824675, LR: 1.539e-05
2025-03-14 18:21:14,585 - INFO - Epoch 276/1500, PSNR: 25.501616, SSIM: 0.825130, LR: 1.433e-05
2025-03-14 18:22:02,579 - INFO - Epoch 277/1500, PSNR: 25.529396, SSIM: 0.824682, LR: 1.331e-05
2025-03-14 18:22:50,497 - INFO - Epoch 278/1500, PSNR: 25.531504, SSIM: 0.825028, LR: 1.232e-05
2025-03-14 18:23:37,962 - INFO - Epoch 279/1500, PSNR: 25.564902, SSIM: 0.825170, LR: 1.138e-05
2025-03-14 18:24:26,046 - INFO - Epoch 280/1500, PSNR: 25.569195, SSIM: 0.825851, LR: 1.047e-05
2025-03-14 18:25:14,461 - INFO - Epoch 281/1500, PSNR: 25.573412, SSIM: 0.825241, LR: 9.602e-06
2025-03-14 18:26:02,123 - INFO - Epoch 282/1500, PSNR: 25.509401, SSIM: 0.825108, LR: 8.775e-06
2025-03-14 18:26:49,854 - INFO - Epoch 283/1500, PSNR: 25.611643, SSIM: 0.825526, LR: 7.987e-06
2025-03-14 18:27:37,906 - INFO - Epoch 284/1500, PSNR: 25.552808, SSIM: 0.825260, LR: 7.240e-06
2025-03-14 18:28:25,944 - INFO - Epoch 285/1500, PSNR: 25.569939, SSIM: 0.825018, LR: 6.535e-06
2025-03-14 18:29:13,664 - INFO - Epoch 286/1500, PSNR: 25.609372, SSIM: 0.825269, LR: 5.870e-06
2025-03-14 18:30:01,139 - INFO - Epoch 287/1500, PSNR: 25.573732, SSIM: 0.825314, LR: 5.247e-06
2025-03-14 18:30:48,649 - INFO - Epoch 288/1500, PSNR: 25.535061, SSIM: 0.825244, LR: 4.665e-06
2025-03-14 18:31:36,466 - INFO - Epoch 289/1500, PSNR: 25.528643, SSIM: 0.825225, LR: 4.126e-06
2025-03-14 18:32:24,083 - INFO - Epoch 290/1500, PSNR: 25.560586, SSIM: 0.825293, LR: 3.629e-06
2025-03-14 18:33:11,610 - INFO - Epoch 291/1500, PSNR: 25.531983, SSIM: 0.825207, LR: 3.174e-06
2025-03-14 18:33:59,722 - INFO - Epoch 292/1500, PSNR: 25.535117, SSIM: 0.825065, LR: 2.762e-06
2025-03-14 18:34:47,808 - INFO - Epoch 293/1500, PSNR: 25.569830, SSIM: 0.825240, LR: 2.393e-06
2025-03-14 18:35:35,329 - INFO - Epoch 294/1500, PSNR: 25.564461, SSIM: 0.825219, LR: 2.067e-06
2025-03-14 18:36:22,806 - INFO - Epoch 295/1500, PSNR: 25.564937, SSIM: 0.825273, LR: 1.785e-06
2025-03-14 18:37:10,562 - INFO - Epoch 296/1500, PSNR: 25.571958, SSIM: 0.825234, LR: 1.545e-06
2025-03-14 18:37:58,028 - INFO - Epoch 297/1500, PSNR: 25.575966, SSIM: 0.825264, LR: 1.349e-06
2025-03-14 18:38:45,605 - INFO - Epoch 298/1500, PSNR: 25.571759, SSIM: 0.825292, LR: 1.196e-06
2025-03-14 18:39:33,298 - INFO - Epoch 299/1500, PSNR: 25.572587, SSIM: 0.825267, LR: 1.087e-06
2025-03-14 18:40:20,835 - INFO - Epoch 300/1500, PSNR: 25.558315, SSIM: 0.825206, LR: 1.022e-06
2025-03-14 18:41:09,119 - INFO - Epoch 301/1500, PSNR: 25.273425, SSIM: 0.819996, LR: 2.000e-04
2025-03-14 18:41:56,733 - INFO - Epoch 302/1500, PSNR: 25.523179, SSIM: 0.824110, LR: 2.000e-04
2025-03-14 18:42:44,989 - INFO - Epoch 303/1500, PSNR: 25.784241, SSIM: 0.827084, LR: 1.999e-04
2025-03-14 18:43:32,590 - INFO - Epoch 304/1500, PSNR: 25.234616, SSIM: 0.823703, LR: 1.998e-04
2025-03-14 18:44:20,938 - INFO - Epoch 305/1500, PSNR: 25.591888, SSIM: 0.824980, LR: 1.997e-04
2025-03-14 18:45:09,124 - INFO - Epoch 306/1500, PSNR: 25.703597, SSIM: 0.824220, LR: 1.995e-04
2025-03-14 18:45:57,061 - INFO - Epoch 307/1500, PSNR: 24.969216, SSIM: 0.823829, LR: 1.992e-04
2025-03-14 18:46:45,711 - INFO - Epoch 308/1500, PSNR: 25.090432, SSIM: 0.825580, LR: 1.989e-04
2025-03-14 18:47:33,713 - INFO - Epoch 309/1500, PSNR: 25.232634, SSIM: 0.825555, LR: 1.986e-04
2025-03-14 18:48:21,938 - INFO - Epoch 310/1500, PSNR: 25.495869, SSIM: 0.822788, LR: 1.982e-04
2025-03-14 18:49:09,777 - INFO - Epoch 311/1500, PSNR: 25.490921, SSIM: 0.822479, LR: 1.978e-04
2025-03-14 18:49:57,427 - INFO - Epoch 312/1500, PSNR: 26.063471, SSIM: 0.825487, LR: 1.974e-04
2025-03-14 18:49:57,527 - INFO - Saving model with PSNR: 26.063471
2025-03-14 18:50:46,121 - INFO - Epoch 313/1500, PSNR: 25.754057, SSIM: 0.822555, LR: 1.969e-04
2025-03-14 18:51:34,262 - INFO - Epoch 314/1500, PSNR: 25.478727, SSIM: 0.825253, LR: 1.963e-04
2025-03-14 18:52:21,877 - INFO - Epoch 315/1500, PSNR: 25.215002, SSIM: 0.824453, LR: 1.958e-04
2025-03-14 18:53:09,597 - INFO - Epoch 316/1500, PSNR: 25.226525, SSIM: 0.823920, LR: 1.951e-04
2025-03-14 18:53:57,662 - INFO - Epoch 317/1500, PSNR: 25.418989, SSIM: 0.823215, LR: 1.945e-04
2025-03-14 18:54:45,373 - INFO - Epoch 318/1500, PSNR: 25.045695, SSIM: 0.824198, LR: 1.938e-04
2025-03-14 18:55:33,220 - INFO - Epoch 319/1500, PSNR: 25.458703, SSIM: 0.825523, LR: 1.930e-04
2025-03-14 18:56:21,519 - INFO - Epoch 320/1500, PSNR: 25.261722, SSIM: 0.821799, LR: 1.922e-04
2025-03-14 18:57:10,159 - INFO - Epoch 321/1500, PSNR: 25.606692, SSIM: 0.823455, LR: 1.914e-04
2025-03-14 18:57:58,455 - INFO - Epoch 322/1500, PSNR: 24.981382, SSIM: 0.824608, LR: 1.905e-04
2025-03-14 18:58:46,449 - INFO - Epoch 323/1500, PSNR: 25.481187, SSIM: 0.823372, LR: 1.896e-04
2025-03-14 18:59:34,629 - INFO - Epoch 324/1500, PSNR: 25.611914, SSIM: 0.821290, LR: 1.887e-04
2025-03-14 19:00:22,301 - INFO - Epoch 325/1500, PSNR: 25.580957, SSIM: 0.824078, LR: 1.877e-04
2025-03-14 19:01:09,837 - INFO - Epoch 326/1500, PSNR: 25.153126, SSIM: 0.821441, LR: 1.867e-04
2025-03-14 19:01:57,316 - INFO - Epoch 327/1500, PSNR: 25.725505, SSIM: 0.827968, LR: 1.856e-04
2025-03-14 19:02:45,389 - INFO - Epoch 328/1500, PSNR: 25.401893, SSIM: 0.825027, LR: 1.845e-04
2025-03-14 19:03:33,178 - INFO - Epoch 329/1500, PSNR: 25.556039, SSIM: 0.823344, LR: 1.834e-04
2025-03-14 19:04:20,754 - INFO - Epoch 330/1500, PSNR: 25.290245, SSIM: 0.824024, LR: 1.822e-04
2025-03-14 19:05:08,540 - INFO - Epoch 331/1500, PSNR: 25.153634, SSIM: 0.824488, LR: 1.810e-04
2025-03-14 19:05:56,032 - INFO - Epoch 332/1500, PSNR: 24.891782, SSIM: 0.823700, LR: 1.798e-04
2025-03-14 19:06:43,682 - INFO - Epoch 333/1500, PSNR: 25.260896, SSIM: 0.827156, LR: 1.785e-04
2025-03-14 19:07:31,499 - INFO - Epoch 334/1500, PSNR: 25.187458, SSIM: 0.821772, LR: 1.772e-04
2025-03-14 19:08:19,042 - INFO - Epoch 335/1500, PSNR: 25.521957, SSIM: 0.824415, LR: 1.758e-04
2025-03-14 19:09:06,695 - INFO - Epoch 336/1500, PSNR: 24.838489, SSIM: 0.825823, LR: 1.744e-04
2025-03-14 19:09:54,405 - INFO - Epoch 337/1500, PSNR: 25.467248, SSIM: 0.825898, LR: 1.730e-04
2025-03-14 19:10:42,565 - INFO - Epoch 338/1500, PSNR: 25.461003, SSIM: 0.825061, LR: 1.716e-04
2025-03-14 19:11:30,545 - INFO - Epoch 339/1500, PSNR: 25.036984, SSIM: 0.822697, LR: 1.701e-04
2025-03-14 19:12:18,809 - INFO - Epoch 340/1500, PSNR: 25.232320, SSIM: 0.823563, LR: 1.686e-04
2025-03-14 19:13:06,891 - INFO - Epoch 341/1500, PSNR: 25.748992, SSIM: 0.827830, LR: 1.671e-04
2025-03-14 19:13:54,751 - INFO - Epoch 342/1500, PSNR: 25.347392, SSIM: 0.824596, LR: 1.655e-04
2025-03-14 19:14:42,795 - INFO - Epoch 343/1500, PSNR: 25.727921, SSIM: 0.823926, LR: 1.639e-04
2025-03-14 19:15:30,350 - INFO - Epoch 344/1500, PSNR: 25.495206, SSIM: 0.824286, LR: 1.623e-04
2025-03-14 19:16:18,027 - INFO - Epoch 345/1500, PSNR: 25.382599, SSIM: 0.827258, LR: 1.607e-04
2025-03-14 19:17:06,127 - INFO - Epoch 346/1500, PSNR: 25.384307, SSIM: 0.826268, LR: 1.590e-04
2025-03-14 19:17:54,054 - INFO - Epoch 347/1500, PSNR: 25.539063, SSIM: 0.825688, LR: 1.573e-04
2025-03-14 19:18:42,511 - INFO - Epoch 348/1500, PSNR: 25.156667, SSIM: 0.824128, LR: 1.556e-04
2025-03-14 19:19:30,668 - INFO - Epoch 349/1500, PSNR: 25.274947, SSIM: 0.824139, LR: 1.538e-04
2025-03-14 19:20:18,320 - INFO - Epoch 350/1500, PSNR: 25.474135, SSIM: 0.827569, LR: 1.520e-04
2025-03-14 19:21:06,341 - INFO - Epoch 351/1500, PSNR: 25.339069, SSIM: 0.827380, LR: 1.503e-04
2025-03-14 19:21:53,943 - INFO - Epoch 352/1500, PSNR: 25.766536, SSIM: 0.826893, LR: 1.484e-04
2025-03-14 19:22:42,046 - INFO - Epoch 353/1500, PSNR: 25.158145, SSIM: 0.826170, LR: 1.466e-04
2025-03-14 19:23:30,010 - INFO - Epoch 354/1500, PSNR: 25.499006, SSIM: 0.825340, LR: 1.447e-04
2025-03-14 19:24:18,503 - INFO - Epoch 355/1500, PSNR: 25.406413, SSIM: 0.826225, LR: 1.429e-04
2025-03-14 19:25:06,834 - INFO - Epoch 356/1500, PSNR: 25.880666, SSIM: 0.826405, LR: 1.410e-04
2025-03-14 19:25:54,685 - INFO - Epoch 357/1500, PSNR: 25.783267, SSIM: 0.826940, LR: 1.391e-04
2025-03-14 19:26:42,511 - INFO - Epoch 358/1500, PSNR: 25.645634, SSIM: 0.825680, LR: 1.371e-04
2025-03-14 19:27:30,596 - INFO - Epoch 359/1500, PSNR: 25.277287, SSIM: 0.825061, LR: 1.352e-04
2025-03-14 19:28:18,208 - INFO - Epoch 360/1500, PSNR: 25.502724, SSIM: 0.826850, LR: 1.332e-04
2025-03-14 19:29:05,692 - INFO - Epoch 361/1500, PSNR: 25.421523, SSIM: 0.828163, LR: 1.312e-04
2025-03-14 19:29:53,737 - INFO - Epoch 362/1500, PSNR: 25.147171, SSIM: 0.824595, LR: 1.293e-04
2025-03-14 19:30:42,116 - INFO - Epoch 363/1500, PSNR: 25.257769, SSIM: 0.825508, LR: 1.273e-04
2025-03-14 19:31:30,247 - INFO - Epoch 364/1500, PSNR: 25.619660, SSIM: 0.825183, LR: 1.252e-04
2025-03-14 19:32:18,029 - INFO - Epoch 365/1500, PSNR: 25.241527, SSIM: 0.824764, LR: 1.232e-04
2025-03-14 19:33:06,005 - INFO - Epoch 366/1500, PSNR: 25.513763, SSIM: 0.826450, LR: 1.212e-04
2025-03-14 19:33:53,910 - INFO - Epoch 367/1500, PSNR: 25.696591, SSIM: 0.826561, LR: 1.191e-04
2025-03-14 19:34:41,455 - INFO - Epoch 368/1500, PSNR: 25.406197, SSIM: 0.826892, LR: 1.171e-04
2025-03-14 19:35:29,655 - INFO - Epoch 369/1500, PSNR: 25.333433, SSIM: 0.826224, LR: 1.150e-04
2025-03-14 19:36:17,552 - INFO - Epoch 370/1500, PSNR: 25.160666, SSIM: 0.826772, LR: 1.130e-04
2025-03-14 19:37:05,028 - INFO - Epoch 371/1500, PSNR: 25.386426, SSIM: 0.827862, LR: 1.109e-04
2025-03-14 19:37:52,723 - INFO - Epoch 372/1500, PSNR: 25.586624, SSIM: 0.824759, LR: 1.088e-04
2025-03-14 19:38:40,342 - INFO - Epoch 373/1500, PSNR: 25.379985, SSIM: 0.826400, LR: 1.067e-04
2025-03-14 19:39:28,287 - INFO - Epoch 374/1500, PSNR: 25.262545, SSIM: 0.827372, LR: 1.047e-04
2025-03-14 19:40:16,182 - INFO - Epoch 375/1500, PSNR: 25.462549, SSIM: 0.826808, LR: 1.026e-04
2025-03-14 19:41:03,743 - INFO - Epoch 376/1500, PSNR: 25.348265, SSIM: 0.826981, LR: 1.005e-04
2025-03-14 19:41:51,503 - INFO - Epoch 377/1500, PSNR: 25.611187, SSIM: 0.828474, LR: 9.842e-05
2025-03-14 19:42:39,195 - INFO - Epoch 378/1500, PSNR: 25.078023, SSIM: 0.826231, LR: 9.633e-05
2025-03-14 19:43:27,236 - INFO - Epoch 379/1500, PSNR: 25.609151, SSIM: 0.828285, LR: 9.425e-05
2025-03-14 19:44:15,138 - INFO - Epoch 380/1500, PSNR: 25.679630, SSIM: 0.828925, LR: 9.217e-05
2025-03-14 19:45:03,090 - INFO - Epoch 381/1500, PSNR: 25.622848, SSIM: 0.827382, LR: 9.010e-05
2025-03-14 19:45:50,930 - INFO - Epoch 382/1500, PSNR: 25.493196, SSIM: 0.827156, LR: 8.803e-05
2025-03-14 19:46:38,746 - INFO - Epoch 383/1500, PSNR: 25.251510, SSIM: 0.826779, LR: 8.596e-05
2025-03-14 19:47:27,303 - INFO - Epoch 384/1500, PSNR: 25.518160, SSIM: 0.827738, LR: 8.391e-05
2025-03-14 19:48:15,441 - INFO - Epoch 385/1500, PSNR: 25.043285, SSIM: 0.826747, LR: 8.186e-05
2025-03-14 19:49:03,589 - INFO - Epoch 386/1500, PSNR: 25.496679, SSIM: 0.825975, LR: 7.981e-05
2025-03-14 19:49:52,085 - INFO - Epoch 387/1500, PSNR: 25.583016, SSIM: 0.828106, LR: 7.778e-05
2025-03-14 19:50:39,876 - INFO - Epoch 388/1500, PSNR: 25.543676, SSIM: 0.827701, LR: 7.576e-05
2025-03-14 19:51:28,014 - INFO - Epoch 389/1500, PSNR: 25.499545, SSIM: 0.827977, LR: 7.374e-05
2025-03-14 19:52:15,830 - INFO - Epoch 390/1500, PSNR: 25.610514, SSIM: 0.827818, LR: 7.174e-05
2025-03-14 19:53:04,097 - INFO - Epoch 391/1500, PSNR: 25.643820, SSIM: 0.828170, LR: 6.975e-05
2025-03-14 19:53:52,081 - INFO - Epoch 392/1500, PSNR: 25.406357, SSIM: 0.826757, LR: 6.778e-05
2025-03-14 19:54:40,384 - INFO - Epoch 393/1500, PSNR: 25.564990, SSIM: 0.827868, LR: 6.582e-05
2025-03-14 19:55:28,336 - INFO - Epoch 394/1500, PSNR: 25.655975, SSIM: 0.827918, LR: 6.387e-05
2025-03-14 19:56:16,457 - INFO - Epoch 395/1500, PSNR: 25.598775, SSIM: 0.827783, LR: 6.194e-05
2025-03-14 19:57:04,547 - INFO - Epoch 396/1500, PSNR: 25.416569, SSIM: 0.827271, LR: 6.003e-05
2025-03-14 19:57:52,093 - INFO - Epoch 397/1500, PSNR: 25.584334, SSIM: 0.827460, LR: 5.813e-05
2025-03-14 19:58:40,431 - INFO - Epoch 398/1500, PSNR: 25.393105, SSIM: 0.826992, LR: 5.626e-05
2025-03-14 19:59:28,694 - INFO - Epoch 399/1500, PSNR: 25.702546, SSIM: 0.828820, LR: 5.440e-05
2025-03-14 20:00:16,554 - INFO - Epoch 400/1500, PSNR: 25.404473, SSIM: 0.827846, LR: 5.257e-05
2025-03-14 20:01:04,322 - INFO - Epoch 401/1500, PSNR: 25.307036, SSIM: 0.827613, LR: 5.075e-05
2025-03-14 20:01:52,394 - INFO - Epoch 402/1500, PSNR: 25.618470, SSIM: 0.827732, LR: 4.896e-05
2025-03-14 20:02:40,156 - INFO - Epoch 403/1500, PSNR: 25.507870, SSIM: 0.828521, LR: 4.719e-05
2025-03-14 20:03:28,263 - INFO - Epoch 404/1500, PSNR: 25.625072, SSIM: 0.828087, LR: 4.544e-05
2025-03-14 20:04:16,387 - INFO - Epoch 405/1500, PSNR: 25.452903, SSIM: 0.827679, LR: 4.371e-05
2025-03-14 20:05:04,507 - INFO - Epoch 406/1500, PSNR: 25.555531, SSIM: 0.828124, LR: 4.202e-05
2025-03-14 20:05:52,396 - INFO - Epoch 407/1500, PSNR: 25.632031, SSIM: 0.829647, LR: 4.034e-05
2025-03-14 20:06:40,256 - INFO - Epoch 408/1500, PSNR: 25.520343, SSIM: 0.827730, LR: 3.870e-05
2025-03-14 20:07:27,953 - INFO - Epoch 409/1500, PSNR: 25.594074, SSIM: 0.828035, LR: 3.708e-05
2025-03-14 20:08:15,883 - INFO - Epoch 410/1500, PSNR: 25.613000, SSIM: 0.827982, LR: 3.548e-05
2025-03-14 20:09:03,971 - INFO - Epoch 411/1500, PSNR: 25.715491, SSIM: 0.828626, LR: 3.392e-05
2025-03-14 20:09:51,896 - INFO - Epoch 412/1500, PSNR: 25.499503, SSIM: 0.827567, LR: 3.239e-05
2025-03-14 20:10:40,120 - INFO - Epoch 413/1500, PSNR: 25.432271, SSIM: 0.828240, LR: 3.088e-05
2025-03-14 20:11:27,653 - INFO - Epoch 414/1500, PSNR: 25.603889, SSIM: 0.827266, LR: 2.941e-05
2025-03-14 20:12:15,645 - INFO - Epoch 415/1500, PSNR: 25.606334, SSIM: 0.828886, LR: 2.797e-05
2025-03-14 20:13:03,784 - INFO - Epoch 416/1500, PSNR: 25.591467, SSIM: 0.827733, LR: 2.656e-05
2025-03-14 20:13:51,557 - INFO - Epoch 417/1500, PSNR: 25.473456, SSIM: 0.828593, LR: 2.518e-05
2025-03-14 20:14:39,439 - INFO - Epoch 418/1500, PSNR: 25.481407, SSIM: 0.828307, LR: 2.383e-05
2025-03-14 20:15:27,648 - INFO - Epoch 419/1500, PSNR: 25.605368, SSIM: 0.828326, LR: 2.252e-05
2025-03-14 20:16:15,364 - INFO - Epoch 420/1500, PSNR: 25.602635, SSIM: 0.828952, LR: 2.125e-05
2025-03-14 20:17:03,232 - INFO - Epoch 421/1500, PSNR: 25.549781, SSIM: 0.828026, LR: 2.000e-05
2025-03-14 20:17:50,954 - INFO - Epoch 422/1500, PSNR: 25.481938, SSIM: 0.827733, LR: 1.880e-05
2025-03-14 20:18:38,554 - INFO - Epoch 423/1500, PSNR: 25.623462, SSIM: 0.828459, LR: 1.762e-05
2025-03-14 20:19:26,723 - INFO - Epoch 424/1500, PSNR: 25.598256, SSIM: 0.828518, LR: 1.649e-05
2025-03-14 20:20:14,613 - INFO - Epoch 425/1500, PSNR: 25.554693, SSIM: 0.828244, LR: 1.539e-05
2025-03-14 20:21:02,291 - INFO - Epoch 426/1500, PSNR: 25.629481, SSIM: 0.829049, LR: 1.433e-05
2025-03-14 20:21:50,509 - INFO - Epoch 427/1500, PSNR: 25.474355, SSIM: 0.827993, LR: 1.331e-05
2025-03-14 20:22:38,516 - INFO - Epoch 428/1500, PSNR: 25.560986, SSIM: 0.828683, LR: 1.232e-05
2025-03-14 20:23:26,392 - INFO - Epoch 429/1500, PSNR: 25.589813, SSIM: 0.827985, LR: 1.138e-05
2025-03-14 20:24:14,079 - INFO - Epoch 430/1500, PSNR: 25.565285, SSIM: 0.828461, LR: 1.047e-05
2025-03-14 20:25:01,707 - INFO - Epoch 431/1500, PSNR: 25.491523, SSIM: 0.828174, LR: 9.602e-06
2025-03-14 20:25:49,248 - INFO - Epoch 432/1500, PSNR: 25.511115, SSIM: 0.828361, LR: 8.775e-06
2025-03-14 20:26:37,162 - INFO - Epoch 433/1500, PSNR: 25.621801, SSIM: 0.828498, LR: 7.987e-06
2025-03-14 20:27:24,918 - INFO - Epoch 434/1500, PSNR: 25.532561, SSIM: 0.828325, LR: 7.240e-06
2025-03-14 20:28:12,412 - INFO - Epoch 435/1500, PSNR: 25.473933, SSIM: 0.828019, LR: 6.535e-06
2025-03-14 20:29:00,048 - INFO - Epoch 436/1500, PSNR: 25.587535, SSIM: 0.828412, LR: 5.870e-06
2025-03-14 20:29:47,677 - INFO - Epoch 437/1500, PSNR: 25.561520, SSIM: 0.828306, LR: 5.247e-06
2025-03-14 20:30:35,712 - INFO - Epoch 438/1500, PSNR: 25.556963, SSIM: 0.828467, LR: 4.665e-06
2025-03-14 20:31:23,781 - INFO - Epoch 439/1500, PSNR: 25.513425, SSIM: 0.828214, LR: 4.126e-06
2025-03-14 20:32:11,859 - INFO - Epoch 440/1500, PSNR: 25.528776, SSIM: 0.828386, LR: 3.629e-06
2025-03-14 20:32:59,596 - INFO - Epoch 441/1500, PSNR: 25.521917, SSIM: 0.828269, LR: 3.174e-06
2025-03-14 20:33:47,571 - INFO - Epoch 442/1500, PSNR: 25.556191, SSIM: 0.828500, LR: 2.762e-06
2025-03-14 20:34:35,785 - INFO - Epoch 443/1500, PSNR: 25.544117, SSIM: 0.828432, LR: 2.393e-06
2025-03-14 20:35:23,840 - INFO - Epoch 444/1500, PSNR: 25.536161, SSIM: 0.828294, LR: 2.067e-06
2025-03-14 20:36:11,443 - INFO - Epoch 445/1500, PSNR: 25.548558, SSIM: 0.828293, LR: 1.785e-06
2025-03-14 20:36:59,125 - INFO - Epoch 446/1500, PSNR: 25.557991, SSIM: 0.828472, LR: 1.545e-06
2025-03-14 20:37:47,591 - INFO - Epoch 447/1500, PSNR: 25.547024, SSIM: 0.828370, LR: 1.349e-06
2025-03-14 20:38:35,951 - INFO - Epoch 448/1500, PSNR: 25.552295, SSIM: 0.828353, LR: 1.196e-06
2025-03-14 20:39:24,185 - INFO - Epoch 449/1500, PSNR: 25.541357, SSIM: 0.828284, LR: 1.087e-06
2025-03-14 20:40:12,107 - INFO - Epoch 450/1500, PSNR: 25.556083, SSIM: 0.828321, LR: 1.022e-06
2025-03-14 20:40:59,788 - INFO - Epoch 451/1500, PSNR: 25.284430, SSIM: 0.826000, LR: 2.000e-04
2025-03-14 20:41:48,312 - INFO - Epoch 452/1500, PSNR: 25.063111, SSIM: 0.826532, LR: 2.000e-04
2025-03-14 20:42:36,136 - INFO - Epoch 453/1500, PSNR: 25.384772, SSIM: 0.826436, LR: 1.999e-04
2025-03-14 20:43:23,770 - INFO - Epoch 454/1500, PSNR: 25.263525, SSIM: 0.827385, LR: 1.998e-04
2025-03-14 20:44:11,859 - INFO - Epoch 455/1500, PSNR: 25.027404, SSIM: 0.825598, LR: 1.997e-04
2025-03-14 20:44:59,587 - INFO - Epoch 456/1500, PSNR: 25.361769, SSIM: 0.827942, LR: 1.995e-04
2025-03-14 20:45:47,869 - INFO - Epoch 457/1500, PSNR: 25.356350, SSIM: 0.826847, LR: 1.992e-04
2025-03-14 20:46:35,930 - INFO - Epoch 458/1500, PSNR: 25.336655, SSIM: 0.827703, LR: 1.989e-04
2025-03-14 20:47:24,226 - INFO - Epoch 459/1500, PSNR: 25.314716, SSIM: 0.823816, LR: 1.986e-04
2025-03-14 20:48:12,206 - INFO - Epoch 460/1500, PSNR: 25.120813, SSIM: 0.827616, LR: 1.982e-04
2025-03-14 20:48:59,917 - INFO - Epoch 461/1500, PSNR: 25.426582, SSIM: 0.827244, LR: 1.978e-04
2025-03-14 20:49:48,049 - INFO - Epoch 462/1500, PSNR: 25.207227, SSIM: 0.826882, LR: 1.974e-04
2025-03-14 20:50:35,918 - INFO - Epoch 463/1500, PSNR: 25.362769, SSIM: 0.828075, LR: 1.969e-04
2025-03-14 20:51:24,038 - INFO - Epoch 464/1500, PSNR: 25.525229, SSIM: 0.826924, LR: 1.963e-04
2025-03-14 20:52:11,810 - INFO - Epoch 465/1500, PSNR: 25.404803, SSIM: 0.828047, LR: 1.958e-04
2025-03-14 20:52:59,777 - INFO - Epoch 466/1500, PSNR: 25.190857, SSIM: 0.826357, LR: 1.951e-04
2025-03-14 20:53:47,548 - INFO - Epoch 467/1500, PSNR: 25.263622, SSIM: 0.826418, LR: 1.945e-04
2025-03-14 20:54:35,707 - INFO - Epoch 468/1500, PSNR: 25.369186, SSIM: 0.826147, LR: 1.938e-04
2025-03-14 20:55:23,486 - INFO - Epoch 469/1500, PSNR: 25.700539, SSIM: 0.826856, LR: 1.930e-04
2025-03-14 20:56:12,155 - INFO - Epoch 470/1500, PSNR: 25.246419, SSIM: 0.825588, LR: 1.922e-04
2025-03-14 20:57:00,300 - INFO - Epoch 471/1500, PSNR: 25.541607, SSIM: 0.829692, LR: 1.914e-04
2025-03-14 20:57:48,545 - INFO - Epoch 472/1500, PSNR: 25.293317, SSIM: 0.825553, LR: 1.905e-04
2025-03-14 20:58:36,857 - INFO - Epoch 473/1500, PSNR: 25.335636, SSIM: 0.828188, LR: 1.896e-04
2025-03-14 20:59:25,010 - INFO - Epoch 474/1500, PSNR: 25.642470, SSIM: 0.827793, LR: 1.887e-04
2025-03-14 21:00:13,147 - INFO - Epoch 475/1500, PSNR: 25.328211, SSIM: 0.826986, LR: 1.877e-04
2025-03-14 21:01:01,514 - INFO - Epoch 476/1500, PSNR: 25.317037, SSIM: 0.827390, LR: 1.867e-04
2025-03-14 21:01:49,760 - INFO - Epoch 477/1500, PSNR: 25.103000, SSIM: 0.828743, LR: 1.856e-04
2025-03-14 21:02:37,355 - INFO - Epoch 478/1500, PSNR: 25.622800, SSIM: 0.827606, LR: 1.845e-04
2025-03-14 21:03:25,525 - INFO - Epoch 479/1500, PSNR: 25.237437, SSIM: 0.827620, LR: 1.834e-04
2025-03-14 21:04:13,502 - INFO - Epoch 480/1500, PSNR: 25.336850, SSIM: 0.825510, LR: 1.822e-04
2025-03-14 21:05:01,889 - INFO - Epoch 481/1500, PSNR: 25.786333, SSIM: 0.829421, LR: 1.810e-04
2025-03-14 21:05:50,537 - INFO - Epoch 482/1500, PSNR: 25.248307, SSIM: 0.828744, LR: 1.798e-04
2025-03-14 21:06:38,501 - INFO - Epoch 483/1500, PSNR: 25.176336, SSIM: 0.826519, LR: 1.785e-04
2025-03-14 21:07:26,932 - INFO - Epoch 484/1500, PSNR: 25.506463, SSIM: 0.828394, LR: 1.772e-04
2025-03-14 21:08:15,011 - INFO - Epoch 485/1500, PSNR: 25.258038, SSIM: 0.826290, LR: 1.758e-04
2025-03-14 21:09:03,160 - INFO - Epoch 486/1500, PSNR: 25.707540, SSIM: 0.825885, LR: 1.744e-04
2025-03-14 21:09:51,656 - INFO - Epoch 487/1500, PSNR: 25.271428, SSIM: 0.827557, LR: 1.730e-04
2025-03-14 21:10:39,669 - INFO - Epoch 488/1500, PSNR: 25.845106, SSIM: 0.825383, LR: 1.716e-04
2025-03-14 21:11:27,324 - INFO - Epoch 489/1500, PSNR: 25.382702, SSIM: 0.825851, LR: 1.701e-04
2025-03-14 21:12:15,193 - INFO - Epoch 490/1500, PSNR: 25.332090, SSIM: 0.827553, LR: 1.686e-04
2025-03-14 21:13:03,398 - INFO - Epoch 491/1500, PSNR: 25.509136, SSIM: 0.827209, LR: 1.671e-04
2025-03-14 21:13:51,769 - INFO - Epoch 492/1500, PSNR: 25.293763, SSIM: 0.827399, LR: 1.655e-04
2025-03-14 21:14:39,860 - INFO - Epoch 493/1500, PSNR: 25.651225, SSIM: 0.826916, LR: 1.639e-04
2025-03-14 21:15:27,651 - INFO - Epoch 494/1500, PSNR: 25.631001, SSIM: 0.827811, LR: 1.623e-04
2025-03-14 21:16:15,393 - INFO - Epoch 495/1500, PSNR: 25.431826, SSIM: 0.827362, LR: 1.607e-04
2025-03-14 21:17:03,064 - INFO - Epoch 496/1500, PSNR: 25.373160, SSIM: 0.827340, LR: 1.590e-04
2025-03-14 21:17:51,403 - INFO - Epoch 497/1500, PSNR: 25.480562, SSIM: 0.829402, LR: 1.573e-04
2025-03-14 21:18:39,408 - INFO - Epoch 498/1500, PSNR: 25.456939, SSIM: 0.826994, LR: 1.556e-04
2025-03-14 21:19:27,156 - INFO - Epoch 499/1500, PSNR: 25.416719, SSIM: 0.831481, LR: 1.538e-04
2025-03-14 21:20:14,933 - INFO - Epoch 500/1500, PSNR: 25.449687, SSIM: 0.827561, LR: 1.520e-04
2025-03-14 21:21:03,048 - INFO - Epoch 501/1500, PSNR: 25.338811, SSIM: 0.825543, LR: 1.503e-04
2025-03-14 21:21:51,442 - INFO - Epoch 502/1500, PSNR: 25.343114, SSIM: 0.827684, LR: 1.484e-04
2025-03-14 21:22:39,203 - INFO - Epoch 503/1500, PSNR: 25.071216, SSIM: 0.828741, LR: 1.466e-04
2025-03-14 21:23:26,924 - INFO - Epoch 504/1500, PSNR: 25.172080, SSIM: 0.828987, LR: 1.447e-04
2025-03-14 21:24:15,052 - INFO - Epoch 505/1500, PSNR: 25.448662, SSIM: 0.826432, LR: 1.429e-04
2025-03-14 21:25:02,958 - INFO - Epoch 506/1500, PSNR: 25.445094, SSIM: 0.827559, LR: 1.410e-04
2025-03-14 21:25:50,737 - INFO - Epoch 507/1500, PSNR: 24.996793, SSIM: 0.828288, LR: 1.391e-04
2025-03-14 21:26:38,565 - INFO - Epoch 508/1500, PSNR: 25.457320, SSIM: 0.828677, LR: 1.371e-04
2025-03-14 21:27:26,632 - INFO - Epoch 509/1500, PSNR: 25.508823, SSIM: 0.826502, LR: 1.352e-04
2025-03-14 21:28:15,105 - INFO - Epoch 510/1500, PSNR: 25.353133, SSIM: 0.828355, LR: 1.332e-04
2025-03-14 21:29:02,941 - INFO - Epoch 511/1500, PSNR: 25.354414, SSIM: 0.827268, LR: 1.312e-04
2025-03-14 21:29:51,149 - INFO - Epoch 512/1500, PSNR: 25.430518, SSIM: 0.825415, LR: 1.293e-04
2025-03-14 21:30:39,052 - INFO - Epoch 513/1500, PSNR: 25.252915, SSIM: 0.827122, LR: 1.273e-04
2025-03-14 21:31:27,105 - INFO - Epoch 514/1500, PSNR: 25.705570, SSIM: 0.828638, LR: 1.252e-04
2025-03-14 21:32:15,830 - INFO - Epoch 515/1500, PSNR: 25.819665, SSIM: 0.829459, LR: 1.232e-04
2025-03-14 21:33:03,613 - INFO - Epoch 516/1500, PSNR: 25.463592, SSIM: 0.828371, LR: 1.212e-04
2025-03-14 21:33:51,633 - INFO - Epoch 517/1500, PSNR: 25.368891, SSIM: 0.828631, LR: 1.191e-04
2025-03-14 21:34:40,033 - INFO - Epoch 518/1500, PSNR: 25.486966, SSIM: 0.827267, LR: 1.171e-04
2025-03-14 21:35:28,571 - INFO - Epoch 519/1500, PSNR: 25.618687, SSIM: 0.828085, LR: 1.150e-04
2025-03-14 21:36:16,232 - INFO - Epoch 520/1500, PSNR: 25.461631, SSIM: 0.826993, LR: 1.130e-04
2025-03-14 21:37:04,679 - INFO - Epoch 521/1500, PSNR: 25.455940, SSIM: 0.828854, LR: 1.109e-04
2025-03-14 21:37:52,658 - INFO - Epoch 522/1500, PSNR: 25.504633, SSIM: 0.827698, LR: 1.088e-04
2025-03-14 21:38:40,417 - INFO - Epoch 523/1500, PSNR: 25.452556, SSIM: 0.828217, LR: 1.067e-04
2025-03-14 21:39:28,442 - INFO - Epoch 524/1500, PSNR: 25.384518, SSIM: 0.828487, LR: 1.047e-04
2025-03-14 21:40:16,280 - INFO - Epoch 525/1500, PSNR: 25.315259, SSIM: 0.828784, LR: 1.026e-04
2025-03-14 21:41:04,170 - INFO - Epoch 526/1500, PSNR: 25.359640, SSIM: 0.827911, LR: 1.005e-04
2025-03-14 21:41:52,727 - INFO - Epoch 527/1500, PSNR: 25.237460, SSIM: 0.828619, LR: 9.842e-05
2025-03-14 21:42:41,130 - INFO - Epoch 528/1500, PSNR: 25.667762, SSIM: 0.827599, LR: 9.633e-05
2025-03-14 21:43:29,183 - INFO - Epoch 529/1500, PSNR: 25.670785, SSIM: 0.828981, LR: 9.425e-05
2025-03-14 21:44:17,169 - INFO - Epoch 530/1500, PSNR: 25.412927, SSIM: 0.829455, LR: 9.217e-05
2025-03-14 21:45:04,851 - INFO - Epoch 531/1500, PSNR: 25.255001, SSIM: 0.828220, LR: 9.010e-05
2025-03-14 21:45:52,615 - INFO - Epoch 532/1500, PSNR: 25.671055, SSIM: 0.829548, LR: 8.803e-05
2025-03-14 21:46:40,497 - INFO - Epoch 533/1500, PSNR: 25.416812, SSIM: 0.828399, LR: 8.596e-05
2025-03-14 21:47:28,312 - INFO - Epoch 534/1500, PSNR: 25.801346, SSIM: 0.828976, LR: 8.391e-05
2025-03-14 21:48:16,002 - INFO - Epoch 535/1500, PSNR: 25.610010, SSIM: 0.828343, LR: 8.186e-05
2025-03-14 21:49:03,645 - INFO - Epoch 536/1500, PSNR: 25.541826, SSIM: 0.827413, LR: 7.981e-05
2025-03-14 21:49:51,410 - INFO - Epoch 537/1500, PSNR: 25.462432, SSIM: 0.828389, LR: 7.778e-05
2025-03-14 21:50:39,134 - INFO - Epoch 538/1500, PSNR: 25.476486, SSIM: 0.827990, LR: 7.576e-05
2025-03-14 21:51:26,880 - INFO - Epoch 539/1500, PSNR: 25.561189, SSIM: 0.829414, LR: 7.374e-05
2025-03-14 21:52:14,524 - INFO - Epoch 540/1500, PSNR: 25.378428, SSIM: 0.829127, LR: 7.174e-05
2025-03-14 21:53:02,231 - INFO - Epoch 541/1500, PSNR: 25.506911, SSIM: 0.828249, LR: 6.975e-05
2025-03-14 21:53:50,377 - INFO - Epoch 542/1500, PSNR: 25.388541, SSIM: 0.828969, LR: 6.778e-05
2025-03-14 21:54:38,574 - INFO - Epoch 543/1500, PSNR: 25.676946, SSIM: 0.829435, LR: 6.582e-05
2025-03-14 21:55:26,225 - INFO - Epoch 544/1500, PSNR: 25.634837, SSIM: 0.829087, LR: 6.387e-05
2025-03-14 21:56:14,020 - INFO - Epoch 545/1500, PSNR: 25.519320, SSIM: 0.828918, LR: 6.194e-05
2025-03-14 21:57:01,935 - INFO - Epoch 546/1500, PSNR: 25.716030, SSIM: 0.829266, LR: 6.003e-05
2025-03-14 21:57:49,633 - INFO - Epoch 547/1500, PSNR: 25.281175, SSIM: 0.828544, LR: 5.813e-05
2025-03-14 21:58:37,736 - INFO - Epoch 548/1500, PSNR: 25.423013, SSIM: 0.828339, LR: 5.626e-05
2025-03-14 21:59:25,387 - INFO - Epoch 549/1500, PSNR: 25.309122, SSIM: 0.828991, LR: 5.440e-05
2025-03-14 22:00:13,371 - INFO - Epoch 550/1500, PSNR: 25.374750, SSIM: 0.828142, LR: 5.257e-05
2025-03-14 22:01:01,075 - INFO - Epoch 551/1500, PSNR: 25.422248, SSIM: 0.829773, LR: 5.075e-05
2025-03-14 22:01:49,039 - INFO - Epoch 552/1500, PSNR: 25.454697, SSIM: 0.829250, LR: 4.896e-05
2025-03-14 22:02:36,568 - INFO - Epoch 553/1500, PSNR: 25.644622, SSIM: 0.829060, LR: 4.719e-05
2025-03-14 22:03:24,411 - INFO - Epoch 554/1500, PSNR: 25.621064, SSIM: 0.829977, LR: 4.544e-05
2025-03-14 22:04:12,092 - INFO - Epoch 555/1500, PSNR: 25.458047, SSIM: 0.829394, LR: 4.371e-05
2025-03-14 22:04:59,756 - INFO - Epoch 556/1500, PSNR: 25.467386, SSIM: 0.829330, LR: 4.202e-05
2025-03-14 22:05:47,575 - INFO - Epoch 557/1500, PSNR: 25.482387, SSIM: 0.828912, LR: 4.034e-05
2025-03-14 22:06:35,464 - INFO - Epoch 558/1500, PSNR: 25.712740, SSIM: 0.829260, LR: 3.870e-05
2025-03-14 22:07:23,138 - INFO - Epoch 559/1500, PSNR: 25.420818, SSIM: 0.828759, LR: 3.708e-05
2025-03-14 22:08:11,016 - INFO - Epoch 560/1500, PSNR: 25.683211, SSIM: 0.829922, LR: 3.548e-05
2025-03-14 22:08:58,746 - INFO - Epoch 561/1500, PSNR: 25.323281, SSIM: 0.829476, LR: 3.392e-05
2025-03-14 22:09:46,536 - INFO - Epoch 562/1500, PSNR: 25.466571, SSIM: 0.829267, LR: 3.239e-05
2025-03-14 22:10:34,562 - INFO - Epoch 563/1500, PSNR: 25.530415, SSIM: 0.829730, LR: 3.088e-05
2025-03-14 22:11:23,115 - INFO - Epoch 564/1500, PSNR: 25.426168, SSIM: 0.829903, LR: 2.941e-05
2025-03-14 22:12:11,185 - INFO - Epoch 565/1500, PSNR: 25.580914, SSIM: 0.829428, LR: 2.797e-05
2025-03-14 22:12:58,929 - INFO - Epoch 566/1500, PSNR: 25.538032, SSIM: 0.829740, LR: 2.656e-05
2025-03-14 22:13:46,736 - INFO - Epoch 567/1500, PSNR: 25.513968, SSIM: 0.829544, LR: 2.518e-05
2025-03-14 22:14:34,639 - INFO - Epoch 568/1500, PSNR: 25.517304, SSIM: 0.829383, LR: 2.383e-05
2025-03-14 22:15:22,825 - INFO - Epoch 569/1500, PSNR: 25.505207, SSIM: 0.829521, LR: 2.252e-05
2025-03-14 22:16:10,879 - INFO - Epoch 570/1500, PSNR: 25.545738, SSIM: 0.829619, LR: 2.125e-05
2025-03-14 22:16:58,766 - INFO - Epoch 571/1500, PSNR: 25.567795, SSIM: 0.829868, LR: 2.000e-05
2025-03-14 22:17:46,935 - INFO - Epoch 572/1500, PSNR: 25.543328, SSIM: 0.829905, LR: 1.880e-05
2025-03-14 22:18:35,057 - INFO - Epoch 573/1500, PSNR: 25.443431, SSIM: 0.828603, LR: 1.762e-05
2025-03-14 22:19:22,904 - INFO - Epoch 574/1500, PSNR: 25.528784, SSIM: 0.830146, LR: 1.649e-05
2025-03-14 22:20:10,700 - INFO - Epoch 575/1500, PSNR: 25.539600, SSIM: 0.829822, LR: 1.539e-05
2025-03-14 22:20:58,272 - INFO - Epoch 576/1500, PSNR: 25.547952, SSIM: 0.830129, LR: 1.433e-05
2025-03-14 22:21:45,874 - INFO - Epoch 577/1500, PSNR: 25.536208, SSIM: 0.829821, LR: 1.331e-05
2025-03-14 22:22:33,660 - INFO - Epoch 578/1500, PSNR: 25.521476, SSIM: 0.829258, LR: 1.232e-05
2025-03-14 22:23:21,276 - INFO - Epoch 579/1500, PSNR: 25.453478, SSIM: 0.829171, LR: 1.138e-05
2025-03-14 22:24:09,057 - INFO - Epoch 580/1500, PSNR: 25.533706, SSIM: 0.829470, LR: 1.047e-05
2025-03-14 22:24:56,723 - INFO - Epoch 581/1500, PSNR: 25.473995, SSIM: 0.829615, LR: 9.602e-06
2025-03-14 22:25:44,351 - INFO - Epoch 582/1500, PSNR: 25.558923, SSIM: 0.829903, LR: 8.775e-06
2025-03-14 22:26:32,687 - INFO - Epoch 583/1500, PSNR: 25.583030, SSIM: 0.829465, LR: 7.987e-06
2025-03-14 22:27:20,673 - INFO - Epoch 584/1500, PSNR: 25.520166, SSIM: 0.829617, LR: 7.240e-06
2025-03-14 22:28:08,409 - INFO - Epoch 585/1500, PSNR: 25.538283, SSIM: 0.829807, LR: 6.535e-06
2025-03-14 22:28:56,416 - INFO - Epoch 586/1500, PSNR: 25.524462, SSIM: 0.829763, LR: 5.870e-06
2025-03-14 22:29:43,969 - INFO - Epoch 587/1500, PSNR: 25.541708, SSIM: 0.829808, LR: 5.247e-06
2025-03-14 22:30:32,266 - INFO - Epoch 588/1500, PSNR: 25.568543, SSIM: 0.829827, LR: 4.665e-06
2025-03-14 22:31:19,922 - INFO - Epoch 589/1500, PSNR: 25.516706, SSIM: 0.829687, LR: 4.126e-06
2025-03-14 22:32:07,545 - INFO - Epoch 590/1500, PSNR: 25.490062, SSIM: 0.829692, LR: 3.629e-06
2025-03-14 22:32:55,221 - INFO - Epoch 591/1500, PSNR: 25.523253, SSIM: 0.829735, LR: 3.174e-06
2025-03-14 22:33:42,824 - INFO - Epoch 592/1500, PSNR: 25.499290, SSIM: 0.829629, LR: 2.762e-06
2025-03-14 22:34:30,470 - INFO - Epoch 593/1500, PSNR: 25.519829, SSIM: 0.829741, LR: 2.393e-06
2025-03-14 22:35:18,361 - INFO - Epoch 594/1500, PSNR: 25.519805, SSIM: 0.829644, LR: 2.067e-06
2025-03-14 22:36:06,117 - INFO - Epoch 595/1500, PSNR: 25.522285, SSIM: 0.829782, LR: 1.785e-06
2025-03-14 22:36:54,028 - INFO - Epoch 596/1500, PSNR: 25.519611, SSIM: 0.829767, LR: 1.545e-06
2025-03-14 22:37:41,715 - INFO - Epoch 597/1500, PSNR: 25.532861, SSIM: 0.829815, LR: 1.349e-06
2025-03-14 22:38:29,448 - INFO - Epoch 598/1500, PSNR: 25.535564, SSIM: 0.829784, LR: 1.196e-06
2025-03-14 22:39:18,028 - INFO - Epoch 599/1500, PSNR: 25.528290, SSIM: 0.829783, LR: 1.087e-06
2025-03-14 22:40:06,558 - INFO - Epoch 600/1500, PSNR: 25.525333, SSIM: 0.829757, LR: 1.022e-06
2025-03-14 22:40:54,117 - INFO - Epoch 601/1500, PSNR: 25.084803, SSIM: 0.827206, LR: 2.000e-04
2025-03-14 22:41:41,711 - INFO - Epoch 602/1500, PSNR: 25.495192, SSIM: 0.828270, LR: 2.000e-04
2025-03-14 22:42:29,702 - INFO - Epoch 603/1500, PSNR: 25.167775, SSIM: 0.829054, LR: 1.999e-04
2025-03-14 22:43:17,715 - INFO - Epoch 604/1500, PSNR: 25.180159, SSIM: 0.825295, LR: 1.998e-04
2025-03-14 22:44:05,628 - INFO - Epoch 605/1500, PSNR: 25.405922, SSIM: 0.829785, LR: 1.997e-04
2025-03-14 22:44:53,232 - INFO - Epoch 606/1500, PSNR: 25.604038, SSIM: 0.827344, LR: 1.995e-04
2025-03-14 22:45:41,529 - INFO - Epoch 607/1500, PSNR: 24.868053, SSIM: 0.825392, LR: 1.992e-04
2025-03-14 22:46:29,546 - INFO - Epoch 608/1500, PSNR: 25.496902, SSIM: 0.828834, LR: 1.989e-04
2025-03-14 22:47:17,846 - INFO - Epoch 609/1500, PSNR: 25.486867, SSIM: 0.827597, LR: 1.986e-04
2025-03-14 22:48:06,025 - INFO - Epoch 610/1500, PSNR: 25.349819, SSIM: 0.827580, LR: 1.982e-04
2025-03-14 22:48:53,800 - INFO - Epoch 611/1500, PSNR: 25.435075, SSIM: 0.827490, LR: 1.978e-04
2025-03-14 22:49:41,405 - INFO - Epoch 612/1500, PSNR: 25.552654, SSIM: 0.827218, LR: 1.974e-04
2025-03-14 22:50:29,041 - INFO - Epoch 613/1500, PSNR: 25.118231, SSIM: 0.828606, LR: 1.969e-04
2025-03-14 22:51:16,575 - INFO - Epoch 614/1500, PSNR: 25.216844, SSIM: 0.827528, LR: 1.963e-04
2025-03-14 22:52:04,791 - INFO - Epoch 615/1500, PSNR: 25.777118, SSIM: 0.828973, LR: 1.958e-04
2025-03-14 22:52:52,812 - INFO - Epoch 616/1500, PSNR: 25.130225, SSIM: 0.829103, LR: 1.951e-04
2025-03-14 22:53:40,754 - INFO - Epoch 617/1500, PSNR: 25.495682, SSIM: 0.828728, LR: 1.945e-04
2025-03-14 22:54:29,027 - INFO - Epoch 618/1500, PSNR: 25.467555, SSIM: 0.826946, LR: 1.938e-04
2025-03-14 22:55:16,964 - INFO - Epoch 619/1500, PSNR: 25.314787, SSIM: 0.827263, LR: 1.930e-04
2025-03-14 22:56:04,669 - INFO - Epoch 620/1500, PSNR: 25.352392, SSIM: 0.828629, LR: 1.922e-04
2025-03-14 22:56:52,450 - INFO - Epoch 621/1500, PSNR: 25.116717, SSIM: 0.825714, LR: 1.914e-04
2025-03-14 22:57:40,612 - INFO - Epoch 622/1500, PSNR: 25.742039, SSIM: 0.825730, LR: 1.905e-04
2025-03-14 22:58:28,631 - INFO - Epoch 623/1500, PSNR: 25.650896, SSIM: 0.828842, LR: 1.896e-04
2025-03-14 22:59:16,395 - INFO - Epoch 624/1500, PSNR: 25.498610, SSIM: 0.830017, LR: 1.887e-04
2025-03-14 23:00:04,169 - INFO - Epoch 625/1500, PSNR: 25.681912, SSIM: 0.830302, LR: 1.877e-04
2025-03-14 23:00:51,836 - INFO - Epoch 626/1500, PSNR: 25.760759, SSIM: 0.828607, LR: 1.867e-04
2025-03-14 23:01:39,490 - INFO - Epoch 627/1500, PSNR: 25.526041, SSIM: 0.826019, LR: 1.856e-04
2025-03-14 23:02:27,169 - INFO - Epoch 628/1500, PSNR: 25.274203, SSIM: 0.824952, LR: 1.845e-04
2025-03-14 23:03:14,705 - INFO - Epoch 629/1500, PSNR: 25.685563, SSIM: 0.829795, LR: 1.834e-04
2025-03-14 23:04:02,623 - INFO - Epoch 630/1500, PSNR: 25.627943, SSIM: 0.828040, LR: 1.822e-04
2025-03-14 23:04:51,004 - INFO - Epoch 631/1500, PSNR: 25.650977, SSIM: 0.827534, LR: 1.810e-04
2025-03-14 23:05:39,511 - INFO - Epoch 632/1500, PSNR: 25.564189, SSIM: 0.830017, LR: 1.798e-04
2025-03-14 23:06:27,720 - INFO - Epoch 633/1500, PSNR: 25.385943, SSIM: 0.828391, LR: 1.785e-04
2025-03-14 23:07:16,091 - INFO - Epoch 634/1500, PSNR: 25.506494, SSIM: 0.825976, LR: 1.772e-04
2025-03-14 23:08:04,274 - INFO - Epoch 635/1500, PSNR: 25.465834, SSIM: 0.826334, LR: 1.758e-04
2025-03-14 23:08:52,319 - INFO - Epoch 636/1500, PSNR: 25.306889, SSIM: 0.828458, LR: 1.744e-04
2025-03-14 23:09:39,997 - INFO - Epoch 637/1500, PSNR: 25.469085, SSIM: 0.825416, LR: 1.730e-04
2025-03-14 23:10:28,331 - INFO - Epoch 638/1500, PSNR: 25.357441, SSIM: 0.828085, LR: 1.716e-04
2025-03-14 23:11:16,274 - INFO - Epoch 639/1500, PSNR: 25.488424, SSIM: 0.828892, LR: 1.701e-04
2025-03-14 23:12:04,499 - INFO - Epoch 640/1500, PSNR: 25.724298, SSIM: 0.828424, LR: 1.686e-04
2025-03-14 23:12:52,942 - INFO - Epoch 641/1500, PSNR: 25.769626, SSIM: 0.828015, LR: 1.671e-04
2025-03-14 23:13:41,062 - INFO - Epoch 642/1500, PSNR: 25.654585, SSIM: 0.831430, LR: 1.655e-04
2025-03-14 23:14:28,899 - INFO - Epoch 643/1500, PSNR: 25.394398, SSIM: 0.828202, LR: 1.639e-04
2025-03-14 23:15:16,523 - INFO - Epoch 644/1500, PSNR: 25.201110, SSIM: 0.828247, LR: 1.623e-04
2025-03-14 23:16:04,189 - INFO - Epoch 645/1500, PSNR: 25.836269, SSIM: 0.831057, LR: 1.607e-04
2025-03-14 23:16:52,481 - INFO - Epoch 646/1500, PSNR: 25.077280, SSIM: 0.827769, LR: 1.590e-04
2025-03-14 23:17:40,536 - INFO - Epoch 647/1500, PSNR: 25.121809, SSIM: 0.829766, LR: 1.573e-04
2025-03-14 23:18:28,516 - INFO - Epoch 648/1500, PSNR: 25.478240, SSIM: 0.828491, LR: 1.556e-04
2025-03-14 23:19:16,510 - INFO - Epoch 649/1500, PSNR: 25.282485, SSIM: 0.828600, LR: 1.538e-04
2025-03-14 23:20:04,396 - INFO - Epoch 650/1500, PSNR: 25.214952, SSIM: 0.829688, LR: 1.520e-04
2025-03-14 23:20:52,320 - INFO - Epoch 651/1500, PSNR: 25.362719, SSIM: 0.830806, LR: 1.503e-04
2025-03-14 23:21:40,278 - INFO - Epoch 652/1500, PSNR: 25.582171, SSIM: 0.829930, LR: 1.484e-04
2025-03-14 23:22:28,410 - INFO - Epoch 653/1500, PSNR: 25.482354, SSIM: 0.830156, LR: 1.466e-04
2025-03-14 23:23:16,924 - INFO - Epoch 654/1500, PSNR: 25.457768, SSIM: 0.830625, LR: 1.447e-04
2025-03-14 23:24:05,031 - INFO - Epoch 655/1500, PSNR: 25.296380, SSIM: 0.828580, LR: 1.429e-04
2025-03-14 23:24:52,677 - INFO - Epoch 656/1500, PSNR: 25.213662, SSIM: 0.830113, LR: 1.410e-04
2025-03-14 23:25:40,867 - INFO - Epoch 657/1500, PSNR: 25.547901, SSIM: 0.830973, LR: 1.391e-04
2025-03-14 23:26:28,562 - INFO - Epoch 658/1500, PSNR: 25.566597, SSIM: 0.829619, LR: 1.371e-04
2025-03-14 23:27:16,308 - INFO - Epoch 659/1500, PSNR: 25.283020, SSIM: 0.828962, LR: 1.352e-04
2025-03-14 23:28:04,100 - INFO - Epoch 660/1500, PSNR: 25.617366, SSIM: 0.830106, LR: 1.332e-04
2025-03-14 23:28:51,676 - INFO - Epoch 661/1500, PSNR: 25.602346, SSIM: 0.830287, LR: 1.312e-04
2025-03-14 23:29:39,536 - INFO - Epoch 662/1500, PSNR: 25.343025, SSIM: 0.829671, LR: 1.293e-04
2025-03-14 23:30:28,098 - INFO - Epoch 663/1500, PSNR: 25.558095, SSIM: 0.831771, LR: 1.273e-04
2025-03-14 23:31:16,171 - INFO - Epoch 664/1500, PSNR: 25.378168, SSIM: 0.830782, LR: 1.252e-04
2025-03-14 23:32:03,970 - INFO - Epoch 665/1500, PSNR: 25.418825, SSIM: 0.830657, LR: 1.232e-04
2025-03-14 23:32:51,893 - INFO - Epoch 666/1500, PSNR: 24.818903, SSIM: 0.831074, LR: 1.212e-04
2025-03-14 23:33:40,130 - INFO - Epoch 667/1500, PSNR: 25.550841, SSIM: 0.830163, LR: 1.191e-04
2025-03-14 23:34:28,361 - INFO - Epoch 668/1500, PSNR: 25.543181, SSIM: 0.828835, LR: 1.171e-04
2025-03-14 23:35:16,405 - INFO - Epoch 669/1500, PSNR: 25.440889, SSIM: 0.831218, LR: 1.150e-04
2025-03-14 23:36:04,323 - INFO - Epoch 670/1500, PSNR: 25.329428, SSIM: 0.828863, LR: 1.130e-04
2025-03-14 23:36:52,889 - INFO - Epoch 671/1500, PSNR: 25.560817, SSIM: 0.831598, LR: 1.109e-04
2025-03-14 23:37:40,828 - INFO - Epoch 672/1500, PSNR: 25.719691, SSIM: 0.831128, LR: 1.088e-04
2025-03-14 23:38:29,245 - INFO - Epoch 673/1500, PSNR: 25.262363, SSIM: 0.830404, LR: 1.067e-04
2025-03-14 23:39:17,648 - INFO - Epoch 674/1500, PSNR: 25.365555, SSIM: 0.831040, LR: 1.047e-04
2025-03-14 23:40:05,389 - INFO - Epoch 675/1500, PSNR: 25.356583, SSIM: 0.829359, LR: 1.026e-04
2025-03-14 23:40:53,282 - INFO - Epoch 676/1500, PSNR: 25.467599, SSIM: 0.830800, LR: 1.005e-04
2025-03-14 23:41:41,624 - INFO - Epoch 677/1500, PSNR: 25.484068, SSIM: 0.831237, LR: 9.842e-05
2025-03-14 23:42:29,719 - INFO - Epoch 678/1500, PSNR: 25.603560, SSIM: 0.830045, LR: 9.633e-05
2025-03-14 23:43:17,323 - INFO - Epoch 679/1500, PSNR: 25.577276, SSIM: 0.831365, LR: 9.425e-05
2025-03-14 23:44:05,385 - INFO - Epoch 680/1500, PSNR: 25.407377, SSIM: 0.830944, LR: 9.217e-05
2025-03-14 23:44:53,706 - INFO - Epoch 681/1500, PSNR: 25.397119, SSIM: 0.830738, LR: 9.010e-05
2025-03-14 23:45:42,020 - INFO - Epoch 682/1500, PSNR: 25.664675, SSIM: 0.832493, LR: 8.803e-05
2025-03-14 23:46:30,436 - INFO - Epoch 683/1500, PSNR: 25.376875, SSIM: 0.832351, LR: 8.596e-05
2025-03-14 23:47:18,463 - INFO - Epoch 684/1500, PSNR: 25.549472, SSIM: 0.830211, LR: 8.391e-05
2025-03-14 23:48:06,230 - INFO - Epoch 685/1500, PSNR: 25.581305, SSIM: 0.831014, LR: 8.186e-05
2025-03-14 23:48:54,330 - INFO - Epoch 686/1500, PSNR: 25.374051, SSIM: 0.830863, LR: 7.981e-05
2025-03-14 23:49:42,111 - INFO - Epoch 687/1500, PSNR: 25.496686, SSIM: 0.831496, LR: 7.778e-05
2025-03-14 23:50:29,993 - INFO - Epoch 688/1500, PSNR: 25.565701, SSIM: 0.830754, LR: 7.576e-05
2025-03-14 23:51:17,552 - INFO - Epoch 689/1500, PSNR: 25.198708, SSIM: 0.830243, LR: 7.374e-05
2025-03-14 23:52:05,428 - INFO - Epoch 690/1500, PSNR: 25.524291, SSIM: 0.829856, LR: 7.174e-05
2025-03-14 23:52:53,128 - INFO - Epoch 691/1500, PSNR: 25.512390, SSIM: 0.831148, LR: 6.975e-05
2025-03-14 23:53:41,011 - INFO - Epoch 692/1500, PSNR: 25.538985, SSIM: 0.830831, LR: 6.778e-05
2025-03-14 23:54:29,212 - INFO - Epoch 693/1500, PSNR: 25.505451, SSIM: 0.831868, LR: 6.582e-05
2025-03-14 23:55:16,776 - INFO - Epoch 694/1500, PSNR: 25.286261, SSIM: 0.830598, LR: 6.387e-05
2025-03-14 23:56:05,039 - INFO - Epoch 695/1500, PSNR: 25.282372, SSIM: 0.831477, LR: 6.194e-05
2025-03-14 23:56:52,661 - INFO - Epoch 696/1500, PSNR: 25.742488, SSIM: 0.831817, LR: 6.003e-05
2025-03-14 23:57:40,780 - INFO - Epoch 697/1500, PSNR: 25.397451, SSIM: 0.831394, LR: 5.813e-05
2025-03-14 23:58:28,403 - INFO - Epoch 698/1500, PSNR: 25.444447, SSIM: 0.830702, LR: 5.626e-05
2025-03-14 23:59:16,119 - INFO - Epoch 699/1500, PSNR: 25.408161, SSIM: 0.829747, LR: 5.440e-05
2025-03-15 00:00:03,859 - INFO - Epoch 700/1500, PSNR: 25.422369, SSIM: 0.829940, LR: 5.257e-05
2025-03-15 00:00:51,754 - INFO - Epoch 701/1500, PSNR: 25.335076, SSIM: 0.830937, LR: 5.075e-05
2025-03-15 00:01:39,806 - INFO - Epoch 702/1500, PSNR: 25.449056, SSIM: 0.831188, LR: 4.896e-05
2025-03-15 00:02:27,834 - INFO - Epoch 703/1500, PSNR: 25.519868, SSIM: 0.831261, LR: 4.719e-05
2025-03-15 00:03:15,429 - INFO - Epoch 704/1500, PSNR: 25.608723, SSIM: 0.830967, LR: 4.544e-05
2025-03-15 00:04:03,318 - INFO - Epoch 705/1500, PSNR: 25.512616, SSIM: 0.831252, LR: 4.371e-05
2025-03-15 00:04:51,172 - INFO - Epoch 706/1500, PSNR: 25.513489, SSIM: 0.831547, LR: 4.202e-05
2025-03-15 00:05:38,955 - INFO - Epoch 707/1500, PSNR: 25.351010, SSIM: 0.830706, LR: 4.034e-05
2025-03-15 00:06:26,558 - INFO - Epoch 708/1500, PSNR: 25.399403, SSIM: 0.831550, LR: 3.870e-05
2025-03-15 00:07:14,366 - INFO - Epoch 709/1500, PSNR: 25.445324, SSIM: 0.830623, LR: 3.708e-05
2025-03-15 00:08:02,034 - INFO - Epoch 710/1500, PSNR: 25.422556, SSIM: 0.831099, LR: 3.548e-05
2025-03-15 00:08:49,728 - INFO - Epoch 711/1500, PSNR: 25.440250, SSIM: 0.831151, LR: 3.392e-05
2025-03-15 00:09:37,711 - INFO - Epoch 712/1500, PSNR: 25.381559, SSIM: 0.830798, LR: 3.239e-05
2025-03-15 00:10:25,966 - INFO - Epoch 713/1500, PSNR: 25.435647, SSIM: 0.831366, LR: 3.088e-05
2025-03-15 00:11:13,996 - INFO - Epoch 714/1500, PSNR: 25.508724, SSIM: 0.831318, LR: 2.941e-05
2025-03-15 00:12:02,787 - INFO - Epoch 715/1500, PSNR: 25.467860, SSIM: 0.831556, LR: 2.797e-05
2025-03-15 00:12:51,273 - INFO - Epoch 716/1500, PSNR: 25.472488, SSIM: 0.831864, LR: 2.656e-05
2025-03-15 00:13:39,695 - INFO - Epoch 717/1500, PSNR: 25.337774, SSIM: 0.831758, LR: 2.518e-05
2025-03-15 00:14:27,343 - INFO - Epoch 718/1500, PSNR: 25.497894, SSIM: 0.831608, LR: 2.383e-05
2025-03-15 00:15:15,464 - INFO - Epoch 719/1500, PSNR: 25.437928, SSIM: 0.831362, LR: 2.252e-05
2025-03-15 00:16:03,933 - INFO - Epoch 720/1500, PSNR: 25.431091, SSIM: 0.831553, LR: 2.125e-05
2025-03-15 00:16:52,550 - INFO - Epoch 721/1500, PSNR: 25.473593, SSIM: 0.831139, LR: 2.000e-05
2025-03-15 00:17:40,527 - INFO - Epoch 722/1500, PSNR: 25.498180, SSIM: 0.831145, LR: 1.880e-05
2025-03-15 00:18:28,406 - INFO - Epoch 723/1500, PSNR: 25.518102, SSIM: 0.831529, LR: 1.762e-05
2025-03-15 00:19:16,037 - INFO - Epoch 724/1500, PSNR: 25.468795, SSIM: 0.831712, LR: 1.649e-05
2025-03-15 00:20:04,229 - INFO - Epoch 725/1500, PSNR: 25.432114, SSIM: 0.831668, LR: 1.539e-05
2025-03-15 00:20:52,304 - INFO - Epoch 726/1500, PSNR: 25.439475, SSIM: 0.831697, LR: 1.433e-05
2025-03-15 00:21:40,416 - INFO - Epoch 727/1500, PSNR: 25.500399, SSIM: 0.831871, LR: 1.331e-05
2025-03-15 00:22:28,611 - INFO - Epoch 728/1500, PSNR: 25.502376, SSIM: 0.831737, LR: 1.232e-05
2025-03-15 00:23:17,211 - INFO - Epoch 729/1500, PSNR: 25.429778, SSIM: 0.831211, LR: 1.138e-05
2025-03-15 00:24:05,208 - INFO - Epoch 730/1500, PSNR: 25.398920, SSIM: 0.831496, LR: 1.047e-05
2025-03-15 00:24:52,821 - INFO - Epoch 731/1500, PSNR: 25.452550, SSIM: 0.831278, LR: 9.602e-06
2025-03-15 00:25:40,739 - INFO - Epoch 732/1500, PSNR: 25.497675, SSIM: 0.831715, LR: 8.775e-06
2025-03-15 00:26:28,757 - INFO - Epoch 733/1500, PSNR: 25.424810, SSIM: 0.831282, LR: 7.987e-06
2025-03-15 00:27:17,311 - INFO - Epoch 734/1500, PSNR: 25.419604, SSIM: 0.831306, LR: 7.240e-06
2025-03-15 00:28:05,202 - INFO - Epoch 735/1500, PSNR: 25.459105, SSIM: 0.831439, LR: 6.535e-06
2025-03-15 00:28:52,906 - INFO - Epoch 736/1500, PSNR: 25.428625, SSIM: 0.831445, LR: 5.870e-06
2025-03-15 00:29:40,818 - INFO - Epoch 737/1500, PSNR: 25.449336, SSIM: 0.831621, LR: 5.247e-06
2025-03-15 00:30:28,595 - INFO - Epoch 738/1500, PSNR: 25.439304, SSIM: 0.831379, LR: 4.665e-06
2025-03-15 00:31:16,291 - INFO - Epoch 739/1500, PSNR: 25.448143, SSIM: 0.831361, LR: 4.126e-06
2025-03-15 00:32:04,069 - INFO - Epoch 740/1500, PSNR: 25.474998, SSIM: 0.831391, LR: 3.629e-06
2025-03-15 00:32:52,416 - INFO - Epoch 741/1500, PSNR: 25.491914, SSIM: 0.831649, LR: 3.174e-06
2025-03-15 00:33:40,735 - INFO - Epoch 742/1500, PSNR: 25.474539, SSIM: 0.831495, LR: 2.762e-06
2025-03-15 00:34:28,793 - INFO - Epoch 743/1500, PSNR: 25.461958, SSIM: 0.831567, LR: 2.393e-06
2025-03-15 00:35:16,723 - INFO - Epoch 744/1500, PSNR: 25.451828, SSIM: 0.831465, LR: 2.067e-06
2025-03-15 00:36:04,625 - INFO - Epoch 745/1500, PSNR: 25.445340, SSIM: 0.831462, LR: 1.785e-06
2025-03-15 00:36:52,392 - INFO - Epoch 746/1500, PSNR: 25.462860, SSIM: 0.831523, LR: 1.545e-06
2025-03-15 00:37:40,850 - INFO - Epoch 747/1500, PSNR: 25.470060, SSIM: 0.831669, LR: 1.349e-06
2025-03-15 00:38:28,639 - INFO - Epoch 748/1500, PSNR: 25.461184, SSIM: 0.831578, LR: 1.196e-06
2025-03-15 00:39:17,025 - INFO - Epoch 749/1500, PSNR: 25.455806, SSIM: 0.831484, LR: 1.087e-06
2025-03-15 00:40:04,743 - INFO - Epoch 750/1500, PSNR: 25.461058, SSIM: 0.831510, LR: 1.022e-06
2025-03-15 00:40:52,815 - INFO - Epoch 751/1500, PSNR: 25.132674, SSIM: 0.829013, LR: 2.000e-04
2025-03-15 00:41:40,533 - INFO - Epoch 752/1500, PSNR: 25.622834, SSIM: 0.831907, LR: 2.000e-04
2025-03-15 00:42:28,535 - INFO - Epoch 753/1500, PSNR: 25.633619, SSIM: 0.831623, LR: 1.999e-04
2025-03-15 00:43:17,076 - INFO - Epoch 754/1500, PSNR: 25.645752, SSIM: 0.832161, LR: 1.998e-04
2025-03-15 00:44:05,655 - INFO - Epoch 755/1500, PSNR: 25.234166, SSIM: 0.829863, LR: 1.997e-04
2025-03-15 00:44:53,999 - INFO - Epoch 756/1500, PSNR: 25.408062, SSIM: 0.828668, LR: 1.995e-04
2025-03-15 00:45:41,818 - INFO - Epoch 757/1500, PSNR: 25.322891, SSIM: 0.830649, LR: 1.992e-04
2025-03-15 00:46:29,459 - INFO - Epoch 758/1500, PSNR: 25.523204, SSIM: 0.830960, LR: 1.989e-04
2025-03-15 00:47:17,244 - INFO - Epoch 759/1500, PSNR: 25.425366, SSIM: 0.829087, LR: 1.986e-04
2025-03-15 00:48:05,227 - INFO - Epoch 760/1500, PSNR: 25.167737, SSIM: 0.830313, LR: 1.982e-04
2025-03-15 00:48:52,985 - INFO - Epoch 761/1500, PSNR: 25.748352, SSIM: 0.829689, LR: 1.978e-04
2025-03-15 00:49:40,678 - INFO - Epoch 762/1500, PSNR: 25.091512, SSIM: 0.830702, LR: 1.974e-04
2025-03-15 00:50:28,269 - INFO - Epoch 763/1500, PSNR: 25.665768, SSIM: 0.829365, LR: 1.969e-04
2025-03-15 00:51:16,087 - INFO - Epoch 764/1500, PSNR: 25.285943, SSIM: 0.828979, LR: 1.963e-04
2025-03-15 00:52:03,720 - INFO - Epoch 765/1500, PSNR: 25.411251, SSIM: 0.829809, LR: 1.958e-04
2025-03-15 00:52:51,454 - INFO - Epoch 766/1500, PSNR: 25.362875, SSIM: 0.831553, LR: 1.951e-04
2025-03-15 00:53:39,068 - INFO - Epoch 767/1500, PSNR: 25.536307, SSIM: 0.830362, LR: 1.945e-04
2025-03-15 00:54:26,663 - INFO - Epoch 768/1500, PSNR: 25.301440, SSIM: 0.828634, LR: 1.938e-04
2025-03-15 00:55:14,363 - INFO - Epoch 769/1500, PSNR: 25.385160, SSIM: 0.829304, LR: 1.930e-04
2025-03-15 00:56:02,358 - INFO - Epoch 770/1500, PSNR: 25.547923, SSIM: 0.830556, LR: 1.922e-04
2025-03-15 00:56:49,954 - INFO - Epoch 771/1500, PSNR: 25.603755, SSIM: 0.832462, LR: 1.914e-04
2025-03-15 00:57:38,164 - INFO - Epoch 772/1500, PSNR: 25.032902, SSIM: 0.829988, LR: 1.905e-04
2025-03-15 00:58:26,223 - INFO - Epoch 773/1500, PSNR: 25.245971, SSIM: 0.828075, LR: 1.896e-04
2025-03-15 00:59:14,255 - INFO - Epoch 774/1500, PSNR: 25.411462, SSIM: 0.830725, LR: 1.887e-04
2025-03-15 01:00:02,213 - INFO - Epoch 775/1500, PSNR: 25.632059, SSIM: 0.828979, LR: 1.877e-04
2025-03-15 01:00:50,149 - INFO - Epoch 776/1500, PSNR: 25.549750, SSIM: 0.832387, LR: 1.867e-04
2025-03-15 01:01:38,141 - INFO - Epoch 777/1500, PSNR: 25.417075, SSIM: 0.832836, LR: 1.856e-04
2025-03-15 01:02:26,160 - INFO - Epoch 778/1500, PSNR: 25.573096, SSIM: 0.832076, LR: 1.845e-04
2025-03-15 01:03:14,418 - INFO - Epoch 779/1500, PSNR: 25.628204, SSIM: 0.830667, LR: 1.834e-04
2025-03-15 01:04:02,099 - INFO - Epoch 780/1500, PSNR: 25.347065, SSIM: 0.831505, LR: 1.822e-04
2025-03-15 01:04:49,717 - INFO - Epoch 781/1500, PSNR: 24.965445, SSIM: 0.831652, LR: 1.810e-04
2025-03-15 01:05:37,808 - INFO - Epoch 782/1500, PSNR: 25.495354, SSIM: 0.829280, LR: 1.798e-04
2025-03-15 01:06:25,850 - INFO - Epoch 783/1500, PSNR: 25.517178, SSIM: 0.829624, LR: 1.785e-04
2025-03-15 01:07:13,778 - INFO - Epoch 784/1500, PSNR: 25.289223, SSIM: 0.829714, LR: 1.772e-04
2025-03-15 01:08:01,686 - INFO - Epoch 785/1500, PSNR: 25.192583, SSIM: 0.831446, LR: 1.758e-04
2025-03-15 01:08:49,896 - INFO - Epoch 786/1500, PSNR: 25.337746, SSIM: 0.831896, LR: 1.744e-04
2025-03-15 01:09:37,742 - INFO - Epoch 787/1500, PSNR: 25.466480, SSIM: 0.832065, LR: 1.730e-04
2025-03-15 01:10:26,284 - INFO - Epoch 788/1500, PSNR: 25.066319, SSIM: 0.829623, LR: 1.716e-04
2025-03-15 01:11:14,783 - INFO - Epoch 789/1500, PSNR: 25.241595, SSIM: 0.828050, LR: 1.701e-04
2025-03-15 01:12:02,723 - INFO - Epoch 790/1500, PSNR: 25.361439, SSIM: 0.827737, LR: 1.686e-04
2025-03-15 01:12:50,625 - INFO - Epoch 791/1500, PSNR: 25.644180, SSIM: 0.833232, LR: 1.671e-04
2025-03-15 01:13:38,202 - INFO - Epoch 792/1500, PSNR: 25.555185, SSIM: 0.832131, LR: 1.655e-04
2025-03-15 01:14:25,874 - INFO - Epoch 793/1500, PSNR: 25.167115, SSIM: 0.831240, LR: 1.639e-04
2025-03-15 01:15:13,524 - INFO - Epoch 794/1500, PSNR: 25.131311, SSIM: 0.828387, LR: 1.623e-04
2025-03-15 01:16:01,266 - INFO - Epoch 795/1500, PSNR: 25.293770, SSIM: 0.829011, LR: 1.607e-04
2025-03-15 01:16:49,125 - INFO - Epoch 796/1500, PSNR: 25.564476, SSIM: 0.830165, LR: 1.590e-04
2025-03-15 01:17:36,788 - INFO - Epoch 797/1500, PSNR: 25.601462, SSIM: 0.831481, LR: 1.573e-04
2025-03-15 01:18:25,130 - INFO - Epoch 798/1500, PSNR: 25.208351, SSIM: 0.830268, LR: 1.556e-04
2025-03-15 01:19:12,886 - INFO - Epoch 799/1500, PSNR: 25.310540, SSIM: 0.830942, LR: 1.538e-04
2025-03-15 01:20:00,623 - INFO - Epoch 800/1500, PSNR: 25.574962, SSIM: 0.832274, LR: 1.520e-04
2025-03-15 01:20:48,704 - INFO - Epoch 801/1500, PSNR: 25.656424, SSIM: 0.831281, LR: 1.503e-04
2025-03-15 01:21:36,633 - INFO - Epoch 802/1500, PSNR: 25.289477, SSIM: 0.830044, LR: 1.484e-04
2025-03-15 01:22:24,262 - INFO - Epoch 803/1500, PSNR: 25.310085, SSIM: 0.828429, LR: 1.466e-04
2025-03-15 01:23:11,928 - INFO - Epoch 804/1500, PSNR: 25.408717, SSIM: 0.831693, LR: 1.447e-04
2025-03-15 01:23:59,718 - INFO - Epoch 805/1500, PSNR: 25.308366, SSIM: 0.831966, LR: 1.429e-04
2025-03-15 01:24:47,475 - INFO - Epoch 806/1500, PSNR: 24.889168, SSIM: 0.829367, LR: 1.410e-04
2025-03-15 01:25:35,245 - INFO - Epoch 807/1500, PSNR: 25.317701, SSIM: 0.829283, LR: 1.391e-04
2025-03-15 01:26:23,332 - INFO - Epoch 808/1500, PSNR: 25.472263, SSIM: 0.832134, LR: 1.371e-04
2025-03-15 01:27:11,465 - INFO - Epoch 809/1500, PSNR: 25.376222, SSIM: 0.831337, LR: 1.352e-04
2025-03-15 01:27:59,118 - INFO - Epoch 810/1500, PSNR: 25.717153, SSIM: 0.833175, LR: 1.332e-04
2025-03-15 01:28:46,721 - INFO - Epoch 811/1500, PSNR: 25.656494, SSIM: 0.829233, LR: 1.312e-04
2025-03-15 01:29:34,414 - INFO - Epoch 812/1500, PSNR: 25.500741, SSIM: 0.831315, LR: 1.293e-04
2025-03-15 01:30:22,430 - INFO - Epoch 813/1500, PSNR: 25.454483, SSIM: 0.831843, LR: 1.273e-04
2025-03-15 01:31:10,850 - INFO - Epoch 814/1500, PSNR: 25.285066, SSIM: 0.832050, LR: 1.252e-04
2025-03-15 01:31:58,814 - INFO - Epoch 815/1500, PSNR: 25.630775, SSIM: 0.831858, LR: 1.232e-04
2025-03-15 01:32:46,743 - INFO - Epoch 816/1500, PSNR: 25.493726, SSIM: 0.831557, LR: 1.212e-04
2025-03-15 01:33:34,305 - INFO - Epoch 817/1500, PSNR: 25.666150, SSIM: 0.833310, LR: 1.191e-04
2025-03-15 01:34:22,176 - INFO - Epoch 818/1500, PSNR: 25.253596, SSIM: 0.833829, LR: 1.171e-04
2025-03-15 01:35:10,557 - INFO - Epoch 819/1500, PSNR: 25.618632, SSIM: 0.833427, LR: 1.150e-04
2025-03-15 01:35:59,161 - INFO - Epoch 820/1500, PSNR: 25.615883, SSIM: 0.833491, LR: 1.130e-04
2025-03-15 01:36:47,147 - INFO - Epoch 821/1500, PSNR: 25.238582, SSIM: 0.832547, LR: 1.109e-04
2025-03-15 01:37:35,125 - INFO - Epoch 822/1500, PSNR: 25.446270, SSIM: 0.834834, LR: 1.088e-04
2025-03-15 01:38:23,252 - INFO - Epoch 823/1500, PSNR: 25.709497, SSIM: 0.832774, LR: 1.067e-04
2025-03-15 01:39:11,482 - INFO - Epoch 824/1500, PSNR: 25.466566, SSIM: 0.832869, LR: 1.047e-04
2025-03-15 01:40:00,048 - INFO - Epoch 825/1500, PSNR: 25.209238, SSIM: 0.832205, LR: 1.026e-04
2025-03-15 01:40:48,770 - INFO - Epoch 826/1500, PSNR: 25.325550, SSIM: 0.832419, LR: 1.005e-04
2025-03-15 01:41:36,377 - INFO - Epoch 827/1500, PSNR: 25.526074, SSIM: 0.832935, LR: 9.842e-05
2025-03-15 01:42:24,175 - INFO - Epoch 828/1500, PSNR: 25.356233, SSIM: 0.830283, LR: 9.633e-05
2025-03-15 01:43:12,170 - INFO - Epoch 829/1500, PSNR: 25.568017, SSIM: 0.832305, LR: 9.425e-05
2025-03-15 01:43:59,841 - INFO - Epoch 830/1500, PSNR: 25.393661, SSIM: 0.832882, LR: 9.217e-05
2025-03-15 01:44:47,668 - INFO - Epoch 831/1500, PSNR: 25.574118, SSIM: 0.831868, LR: 9.010e-05
2025-03-15 01:45:35,572 - INFO - Epoch 832/1500, PSNR: 25.214454, SSIM: 0.831360, LR: 8.803e-05
2025-03-15 01:46:23,218 - INFO - Epoch 833/1500, PSNR: 25.297495, SSIM: 0.831742, LR: 8.596e-05
2025-03-15 01:47:10,844 - INFO - Epoch 834/1500, PSNR: 25.283423, SSIM: 0.832429, LR: 8.391e-05
2025-03-15 01:47:59,127 - INFO - Epoch 835/1500, PSNR: 25.412067, SSIM: 0.832834, LR: 8.186e-05
2025-03-15 01:48:47,568 - INFO - Epoch 836/1500, PSNR: 25.592089, SSIM: 0.832232, LR: 7.981e-05
2025-03-15 01:49:35,197 - INFO - Epoch 837/1500, PSNR: 25.325329, SSIM: 0.832289, LR: 7.778e-05
2025-03-15 01:50:22,921 - INFO - Epoch 838/1500, PSNR: 25.481901, SSIM: 0.832513, LR: 7.576e-05
2025-03-15 01:51:10,648 - INFO - Epoch 839/1500, PSNR: 25.300720, SSIM: 0.832407, LR: 7.374e-05
2025-03-15 01:51:58,568 - INFO - Epoch 840/1500, PSNR: 25.375017, SSIM: 0.832181, LR: 7.174e-05
2025-03-15 01:52:47,066 - INFO - Epoch 841/1500, PSNR: 25.544670, SSIM: 0.832139, LR: 6.975e-05
2025-03-15 01:53:34,801 - INFO - Epoch 842/1500, PSNR: 25.281031, SSIM: 0.832643, LR: 6.778e-05
2025-03-15 01:54:23,302 - INFO - Epoch 843/1500, PSNR: 25.288817, SSIM: 0.831817, LR: 6.582e-05
2025-03-15 01:55:11,120 - INFO - Epoch 844/1500, PSNR: 25.355935, SSIM: 0.832604, LR: 6.387e-05
2025-03-15 01:55:59,006 - INFO - Epoch 845/1500, PSNR: 25.602275, SSIM: 0.833096, LR: 6.194e-05
2025-03-15 01:56:46,722 - INFO - Epoch 846/1500, PSNR: 25.246896, SSIM: 0.833421, LR: 6.003e-05
2025-03-15 01:57:34,489 - INFO - Epoch 847/1500, PSNR: 25.495093, SSIM: 0.833228, LR: 5.813e-05
2025-03-15 01:58:22,102 - INFO - Epoch 848/1500, PSNR: 25.675277, SSIM: 0.834061, LR: 5.626e-05
2025-03-15 01:59:09,959 - INFO - Epoch 849/1500, PSNR: 25.487608, SSIM: 0.832094, LR: 5.440e-05
2025-03-15 01:59:58,264 - INFO - Epoch 850/1500, PSNR: 25.372935, SSIM: 0.832505, LR: 5.257e-05
2025-03-15 02:00:45,839 - INFO - Epoch 851/1500, PSNR: 25.497384, SSIM: 0.833675, LR: 5.075e-05
2025-03-15 02:01:33,710 - INFO - Epoch 852/1500, PSNR: 25.610892, SSIM: 0.833547, LR: 4.896e-05
2025-03-15 02:02:22,429 - INFO - Epoch 853/1500, PSNR: 25.351429, SSIM: 0.833555, LR: 4.719e-05
2025-03-15 02:03:10,876 - INFO - Epoch 854/1500, PSNR: 25.446853, SSIM: 0.833949, LR: 4.544e-05
2025-03-15 02:03:59,094 - INFO - Epoch 855/1500, PSNR: 25.383392, SSIM: 0.833009, LR: 4.371e-05
2025-03-15 02:04:46,878 - INFO - Epoch 856/1500, PSNR: 25.430044, SSIM: 0.833218, LR: 4.202e-05
2025-03-15 02:05:34,889 - INFO - Epoch 857/1500, PSNR: 25.218114, SSIM: 0.833181, LR: 4.034e-05
2025-03-15 02:06:23,117 - INFO - Epoch 858/1500, PSNR: 25.346865, SSIM: 0.832509, LR: 3.870e-05
2025-03-15 02:07:10,916 - INFO - Epoch 859/1500, PSNR: 25.497855, SSIM: 0.832757, LR: 3.708e-05
2025-03-15 02:07:58,703 - INFO - Epoch 860/1500, PSNR: 25.487205, SSIM: 0.832919, LR: 3.548e-05
2025-03-15 02:08:46,576 - INFO - Epoch 861/1500, PSNR: 25.309536, SSIM: 0.832278, LR: 3.392e-05
2025-03-15 02:09:34,548 - INFO - Epoch 862/1500, PSNR: 25.479799, SSIM: 0.833075, LR: 3.239e-05
2025-03-15 02:10:22,290 - INFO - Epoch 863/1500, PSNR: 25.392165, SSIM: 0.833256, LR: 3.088e-05
2025-03-15 02:11:10,233 - INFO - Epoch 864/1500, PSNR: 25.379084, SSIM: 0.833396, LR: 2.941e-05
2025-03-15 02:11:57,830 - INFO - Epoch 865/1500, PSNR: 25.426720, SSIM: 0.833525, LR: 2.797e-05
2025-03-15 02:12:45,942 - INFO - Epoch 866/1500, PSNR: 25.527083, SSIM: 0.833299, LR: 2.656e-05
2025-03-15 02:13:33,846 - INFO - Epoch 867/1500, PSNR: 25.351927, SSIM: 0.833618, LR: 2.518e-05
2025-03-15 02:14:21,688 - INFO - Epoch 868/1500, PSNR: 25.345514, SSIM: 0.832531, LR: 2.383e-05
2025-03-15 02:15:10,342 - INFO - Epoch 869/1500, PSNR: 25.398217, SSIM: 0.833355, LR: 2.252e-05
2025-03-15 02:15:58,362 - INFO - Epoch 870/1500, PSNR: 25.495087, SSIM: 0.833240, LR: 2.125e-05
2025-03-15 02:16:46,202 - INFO - Epoch 871/1500, PSNR: 25.473822, SSIM: 0.833369, LR: 2.000e-05
2025-03-15 02:17:33,901 - INFO - Epoch 872/1500, PSNR: 25.401533, SSIM: 0.832830, LR: 1.880e-05
2025-03-15 02:18:21,515 - INFO - Epoch 873/1500, PSNR: 25.480161, SSIM: 0.833473, LR: 1.762e-05
2025-03-15 02:19:10,187 - INFO - Epoch 874/1500, PSNR: 25.441613, SSIM: 0.832587, LR: 1.649e-05
2025-03-15 02:19:58,304 - INFO - Epoch 875/1500, PSNR: 25.409903, SSIM: 0.833279, LR: 1.539e-05
2025-03-15 02:20:46,808 - INFO - Epoch 876/1500, PSNR: 25.516534, SSIM: 0.833406, LR: 1.433e-05
2025-03-15 02:21:34,541 - INFO - Epoch 877/1500, PSNR: 25.477241, SSIM: 0.833206, LR: 1.331e-05
2025-03-15 02:22:22,419 - INFO - Epoch 878/1500, PSNR: 25.444435, SSIM: 0.833081, LR: 1.232e-05
2025-03-15 02:23:10,945 - INFO - Epoch 879/1500, PSNR: 25.450353, SSIM: 0.833078, LR: 1.138e-05
2025-03-15 02:23:58,576 - INFO - Epoch 880/1500, PSNR: 25.428869, SSIM: 0.833555, LR: 1.047e-05
2025-03-15 02:24:46,426 - INFO - Epoch 881/1500, PSNR: 25.417206, SSIM: 0.832992, LR: 9.602e-06
2025-03-15 02:25:34,583 - INFO - Epoch 882/1500, PSNR: 25.453122, SSIM: 0.833000, LR: 8.775e-06
2025-03-15 02:26:22,386 - INFO - Epoch 883/1500, PSNR: 25.453034, SSIM: 0.833014, LR: 7.987e-06
2025-03-15 02:27:09,984 - INFO - Epoch 884/1500, PSNR: 25.487697, SSIM: 0.833427, LR: 7.240e-06
2025-03-15 02:27:57,613 - INFO - Epoch 885/1500, PSNR: 25.494385, SSIM: 0.833265, LR: 6.535e-06
2025-03-15 02:28:45,784 - INFO - Epoch 886/1500, PSNR: 25.449993, SSIM: 0.833287, LR: 5.870e-06
2025-03-15 02:29:33,491 - INFO - Epoch 887/1500, PSNR: 25.477791, SSIM: 0.833238, LR: 5.247e-06
2025-03-15 02:30:21,800 - INFO - Epoch 888/1500, PSNR: 25.473022, SSIM: 0.833513, LR: 4.665e-06
2025-03-15 02:31:09,744 - INFO - Epoch 889/1500, PSNR: 25.490421, SSIM: 0.833257, LR: 4.126e-06
2025-03-15 02:31:57,887 - INFO - Epoch 890/1500, PSNR: 25.498079, SSIM: 0.833354, LR: 3.629e-06
2025-03-15 02:32:45,877 - INFO - Epoch 891/1500, PSNR: 25.484168, SSIM: 0.833344, LR: 3.174e-06
2025-03-15 02:33:33,669 - INFO - Epoch 892/1500, PSNR: 25.485300, SSIM: 0.833419, LR: 2.762e-06
2025-03-15 02:34:21,773 - INFO - Epoch 893/1500, PSNR: 25.487405, SSIM: 0.833429, LR: 2.393e-06
2025-03-15 02:35:09,639 - INFO - Epoch 894/1500, PSNR: 25.475380, SSIM: 0.833434, LR: 2.067e-06
2025-03-15 02:35:57,251 - INFO - Epoch 895/1500, PSNR: 25.457620, SSIM: 0.833396, LR: 1.785e-06
2025-03-15 02:36:45,248 - INFO - Epoch 896/1500, PSNR: 25.466236, SSIM: 0.833404, LR: 1.545e-06
2025-03-15 02:37:33,164 - INFO - Epoch 897/1500, PSNR: 25.469801, SSIM: 0.833328, LR: 1.349e-06
2025-03-15 02:38:21,259 - INFO - Epoch 898/1500, PSNR: 25.466956, SSIM: 0.833384, LR: 1.196e-06
2025-03-15 02:39:09,108 - INFO - Epoch 899/1500, PSNR: 25.473121, SSIM: 0.833348, LR: 1.087e-06
2025-03-15 02:39:56,953 - INFO - Epoch 900/1500, PSNR: 25.476659, SSIM: 0.833438, LR: 1.022e-06
2025-03-15 02:40:44,761 - INFO - Epoch 901/1500, PSNR: 25.542640, SSIM: 0.830469, LR: 2.000e-04
2025-03-15 02:41:33,209 - INFO - Epoch 902/1500, PSNR: 25.508424, SSIM: 0.833306, LR: 2.000e-04
2025-03-15 02:42:21,191 - INFO - Epoch 903/1500, PSNR: 25.546794, SSIM: 0.832281, LR: 1.999e-04
2025-03-15 02:43:09,140 - INFO - Epoch 904/1500, PSNR: 25.109810, SSIM: 0.829885, LR: 1.998e-04
2025-03-15 02:43:56,831 - INFO - Epoch 905/1500, PSNR: 25.450845, SSIM: 0.833460, LR: 1.997e-04
2025-03-15 02:44:44,774 - INFO - Epoch 906/1500, PSNR: 25.162294, SSIM: 0.830229, LR: 1.995e-04
2025-03-15 02:45:32,580 - INFO - Epoch 907/1500, PSNR: 25.288755, SSIM: 0.831009, LR: 1.992e-04
2025-03-15 02:46:20,240 - INFO - Epoch 908/1500, PSNR: 25.810966, SSIM: 0.835114, LR: 1.989e-04
2025-03-15 02:47:07,964 - INFO - Epoch 909/1500, PSNR: 25.440274, SSIM: 0.832843, LR: 1.986e-04
2025-03-15 02:47:55,820 - INFO - Epoch 910/1500, PSNR: 25.010783, SSIM: 0.828813, LR: 1.982e-04
2025-03-15 02:48:43,819 - INFO - Epoch 911/1500, PSNR: 25.543664, SSIM: 0.832603, LR: 1.978e-04
2025-03-15 02:49:31,790 - INFO - Epoch 912/1500, PSNR: 24.756619, SSIM: 0.830405, LR: 1.974e-04
2025-03-15 02:50:19,718 - INFO - Epoch 913/1500, PSNR: 25.611462, SSIM: 0.834201, LR: 1.969e-04
2025-03-15 02:51:07,444 - INFO - Epoch 914/1500, PSNR: 25.299084, SSIM: 0.833389, LR: 1.963e-04
2025-03-15 02:51:55,041 - INFO - Epoch 915/1500, PSNR: 25.381393, SSIM: 0.832649, LR: 1.958e-04
2025-03-15 02:52:42,777 - INFO - Epoch 916/1500, PSNR: 25.229247, SSIM: 0.830142, LR: 1.951e-04
2025-03-15 02:53:30,994 - INFO - Epoch 917/1500, PSNR: 25.364569, SSIM: 0.833562, LR: 1.945e-04
2025-03-15 02:54:18,604 - INFO - Epoch 918/1500, PSNR: 25.643355, SSIM: 0.834170, LR: 1.938e-04
2025-03-15 02:55:06,463 - INFO - Epoch 919/1500, PSNR: 25.175392, SSIM: 0.829889, LR: 1.930e-04
2025-03-15 02:55:54,259 - INFO - Epoch 920/1500, PSNR: 25.261915, SSIM: 0.830650, LR: 1.922e-04
2025-03-15 02:56:41,936 - INFO - Epoch 921/1500, PSNR: 25.111853, SSIM: 0.830527, LR: 1.914e-04
2025-03-15 02:57:29,607 - INFO - Epoch 922/1500, PSNR: 25.154555, SSIM: 0.832354, LR: 1.905e-04
2025-03-15 02:58:17,228 - INFO - Epoch 923/1500, PSNR: 25.258195, SSIM: 0.829989, LR: 1.896e-04
2025-03-15 02:59:05,794 - INFO - Epoch 924/1500, PSNR: 25.234082, SSIM: 0.832888, LR: 1.887e-04
2025-03-15 02:59:53,617 - INFO - Epoch 925/1500, PSNR: 25.129675, SSIM: 0.830258, LR: 1.877e-04
2025-03-15 03:00:41,995 - INFO - Epoch 926/1500, PSNR: 25.381851, SSIM: 0.830620, LR: 1.867e-04
2025-03-15 03:01:29,956 - INFO - Epoch 927/1500, PSNR: 25.265814, SSIM: 0.833121, LR: 1.856e-04
2025-03-15 03:02:17,833 - INFO - Epoch 928/1500, PSNR: 25.202041, SSIM: 0.829738, LR: 1.845e-04
2025-03-15 03:03:05,457 - INFO - Epoch 929/1500, PSNR: 25.500996, SSIM: 0.833535, LR: 1.834e-04
2025-03-15 03:03:53,236 - INFO - Epoch 930/1500, PSNR: 25.243666, SSIM: 0.829893, LR: 1.822e-04
2025-03-15 03:04:41,686 - INFO - Epoch 931/1500, PSNR: 25.088481, SSIM: 0.831103, LR: 1.810e-04
2025-03-15 03:05:29,691 - INFO - Epoch 932/1500, PSNR: 25.334242, SSIM: 0.831297, LR: 1.798e-04
2025-03-15 03:06:17,373 - INFO - Epoch 933/1500, PSNR: 25.283591, SSIM: 0.832055, LR: 1.785e-04
2025-03-15 03:07:05,003 - INFO - Epoch 934/1500, PSNR: 24.963775, SSIM: 0.831737, LR: 1.772e-04
2025-03-15 03:07:52,762 - INFO - Epoch 935/1500, PSNR: 25.561831, SSIM: 0.832898, LR: 1.758e-04
2025-03-15 03:08:40,603 - INFO - Epoch 936/1500, PSNR: 25.382498, SSIM: 0.830723, LR: 1.744e-04
2025-03-15 03:09:28,697 - INFO - Epoch 937/1500, PSNR: 25.484041, SSIM: 0.831292, LR: 1.730e-04
2025-03-15 03:10:16,371 - INFO - Epoch 938/1500, PSNR: 25.280965, SSIM: 0.833548, LR: 1.716e-04
2025-03-15 03:11:04,031 - INFO - Epoch 939/1500, PSNR: 25.168395, SSIM: 0.832283, LR: 1.701e-04
2025-03-15 03:11:51,639 - INFO - Epoch 940/1500, PSNR: 25.409134, SSIM: 0.831138, LR: 1.686e-04
2025-03-15 03:12:40,062 - INFO - Epoch 941/1500, PSNR: 25.345482, SSIM: 0.831215, LR: 1.671e-04
2025-03-15 03:13:28,063 - INFO - Epoch 942/1500, PSNR: 25.229512, SSIM: 0.832114, LR: 1.655e-04
2025-03-15 03:14:15,839 - INFO - Epoch 943/1500, PSNR: 25.263560, SSIM: 0.831515, LR: 1.639e-04
2025-03-15 03:15:04,216 - INFO - Epoch 944/1500, PSNR: 25.137643, SSIM: 0.831794, LR: 1.623e-04
2025-03-15 03:15:52,371 - INFO - Epoch 945/1500, PSNR: 25.358819, SSIM: 0.833442, LR: 1.607e-04
2025-03-15 03:16:40,420 - INFO - Epoch 946/1500, PSNR: 25.404520, SSIM: 0.832784, LR: 1.590e-04
2025-03-15 03:17:28,265 - INFO - Epoch 947/1500, PSNR: 25.337489, SSIM: 0.831634, LR: 1.573e-04
2025-03-15 03:18:16,030 - INFO - Epoch 948/1500, PSNR: 25.399345, SSIM: 0.832867, LR: 1.556e-04
2025-03-15 03:19:03,815 - INFO - Epoch 949/1500, PSNR: 25.432353, SSIM: 0.830103, LR: 1.538e-04
2025-03-15 03:19:51,890 - INFO - Epoch 950/1500, PSNR: 25.294840, SSIM: 0.834110, LR: 1.520e-04
2025-03-15 03:20:40,066 - INFO - Epoch 951/1500, PSNR: 25.395417, SSIM: 0.834012, LR: 1.503e-04
2025-03-15 03:21:27,847 - INFO - Epoch 952/1500, PSNR: 25.222755, SSIM: 0.832659, LR: 1.484e-04
2025-03-15 03:22:15,803 - INFO - Epoch 953/1500, PSNR: 25.503497, SSIM: 0.831834, LR: 1.466e-04
2025-03-15 03:23:03,778 - INFO - Epoch 954/1500, PSNR: 25.639610, SSIM: 0.832799, LR: 1.447e-04
2025-03-15 03:23:51,824 - INFO - Epoch 955/1500, PSNR: 25.324449, SSIM: 0.834279, LR: 1.429e-04
2025-03-15 03:24:40,386 - INFO - Epoch 956/1500, PSNR: 25.560542, SSIM: 0.833326, LR: 1.410e-04
2025-03-15 03:25:28,202 - INFO - Epoch 957/1500, PSNR: 25.221067, SSIM: 0.830561, LR: 1.391e-04
2025-03-15 03:26:16,427 - INFO - Epoch 958/1500, PSNR: 25.182154, SSIM: 0.832026, LR: 1.371e-04
2025-03-15 03:27:04,214 - INFO - Epoch 959/1500, PSNR: 25.532453, SSIM: 0.834478, LR: 1.352e-04
2025-03-15 03:27:51,846 - INFO - Epoch 960/1500, PSNR: 25.417823, SSIM: 0.833105, LR: 1.332e-04
2025-03-15 03:28:39,707 - INFO - Epoch 961/1500, PSNR: 25.654460, SSIM: 0.834475, LR: 1.312e-04
2025-03-15 03:29:27,751 - INFO - Epoch 962/1500, PSNR: 25.291226, SSIM: 0.833133, LR: 1.293e-04
2025-03-15 03:30:15,728 - INFO - Epoch 963/1500, PSNR: 25.469592, SSIM: 0.833876, LR: 1.273e-04
2025-03-15 03:31:03,359 - INFO - Epoch 964/1500, PSNR: 25.542837, SSIM: 0.832779, LR: 1.252e-04
2025-03-15 03:31:51,211 - INFO - Epoch 965/1500, PSNR: 25.397713, SSIM: 0.832077, LR: 1.232e-04
2025-03-15 03:32:38,956 - INFO - Epoch 966/1500, PSNR: 25.566852, SSIM: 0.832905, LR: 1.212e-04
2025-03-15 03:33:26,733 - INFO - Epoch 967/1500, PSNR: 25.599880, SSIM: 0.833386, LR: 1.191e-04
2025-03-15 03:34:14,372 - INFO - Epoch 968/1500, PSNR: 25.435536, SSIM: 0.832549, LR: 1.171e-04
2025-03-15 03:35:02,100 - INFO - Epoch 969/1500, PSNR: 25.193554, SSIM: 0.830523, LR: 1.150e-04
2025-03-15 03:35:49,969 - INFO - Epoch 970/1500, PSNR: 25.310772, SSIM: 0.831883, LR: 1.130e-04
2025-03-15 03:36:37,661 - INFO - Epoch 971/1500, PSNR: 25.446587, SSIM: 0.833623, LR: 1.109e-04
2025-03-15 03:37:25,253 - INFO - Epoch 972/1500, PSNR: 25.709690, SSIM: 0.835004, LR: 1.088e-04
2025-03-15 03:38:13,331 - INFO - Epoch 973/1500, PSNR: 25.305361, SSIM: 0.833350, LR: 1.067e-04
2025-03-15 03:39:01,160 - INFO - Epoch 974/1500, PSNR: 25.114485, SSIM: 0.831407, LR: 1.047e-04
2025-03-15 03:39:49,131 - INFO - Epoch 975/1500, PSNR: 25.505315, SSIM: 0.833711, LR: 1.026e-04
2025-03-15 03:40:37,598 - INFO - Epoch 976/1500, PSNR: 25.680123, SSIM: 0.832906, LR: 1.005e-04
2025-03-15 03:41:26,097 - INFO - Epoch 977/1500, PSNR: 25.596463, SSIM: 0.832576, LR: 9.842e-05
2025-03-15 03:42:13,893 - INFO - Epoch 978/1500, PSNR: 25.445417, SSIM: 0.832332, LR: 9.633e-05
2025-03-15 03:43:01,707 - INFO - Epoch 979/1500, PSNR: 25.544919, SSIM: 0.833429, LR: 9.425e-05
2025-03-15 03:43:49,337 - INFO - Epoch 980/1500, PSNR: 25.458445, SSIM: 0.834588, LR: 9.217e-05
2025-03-15 03:44:36,955 - INFO - Epoch 981/1500, PSNR: 25.470087, SSIM: 0.834138, LR: 9.010e-05
2025-03-15 03:45:24,751 - INFO - Epoch 982/1500, PSNR: 24.988099, SSIM: 0.833038, LR: 8.803e-05
2025-03-15 03:46:12,372 - INFO - Epoch 983/1500, PSNR: 25.533248, SSIM: 0.833167, LR: 8.596e-05
2025-03-15 03:47:00,006 - INFO - Epoch 984/1500, PSNR: 25.538876, SSIM: 0.833663, LR: 8.391e-05
2025-03-15 03:47:47,703 - INFO - Epoch 985/1500, PSNR: 25.664616, SSIM: 0.835349, LR: 8.186e-05
2025-03-15 03:48:35,295 - INFO - Epoch 986/1500, PSNR: 25.534851, SSIM: 0.834046, LR: 7.981e-05
2025-03-15 03:49:22,797 - INFO - Epoch 987/1500, PSNR: 25.299916, SSIM: 0.833184, LR: 7.778e-05
2025-03-15 03:50:10,383 - INFO - Epoch 988/1500, PSNR: 25.513059, SSIM: 0.833284, LR: 7.576e-05
2025-03-15 03:50:58,955 - INFO - Epoch 989/1500, PSNR: 25.554877, SSIM: 0.833349, LR: 7.374e-05
2025-03-15 03:51:46,635 - INFO - Epoch 990/1500, PSNR: 25.469067, SSIM: 0.832262, LR: 7.174e-05
2025-03-15 03:52:34,449 - INFO - Epoch 991/1500, PSNR: 25.408465, SSIM: 0.833209, LR: 6.975e-05
2025-03-15 03:53:22,221 - INFO - Epoch 992/1500, PSNR: 25.589263, SSIM: 0.833225, LR: 6.778e-05
2025-03-15 03:54:10,105 - INFO - Epoch 993/1500, PSNR: 25.351068, SSIM: 0.834039, LR: 6.582e-05
2025-03-15 03:54:57,832 - INFO - Epoch 994/1500, PSNR: 25.356693, SSIM: 0.832442, LR: 6.387e-05
2025-03-15 03:55:45,682 - INFO - Epoch 995/1500, PSNR: 25.401304, SSIM: 0.832532, LR: 6.194e-05
2025-03-15 03:56:34,000 - INFO - Epoch 996/1500, PSNR: 25.430469, SSIM: 0.834614, LR: 6.003e-05
2025-03-15 03:57:21,838 - INFO - Epoch 997/1500, PSNR: 25.570225, SSIM: 0.834085, LR: 5.813e-05
2025-03-15 03:58:09,955 - INFO - Epoch 998/1500, PSNR: 25.365816, SSIM: 0.833692, LR: 5.626e-05
2025-03-15 03:58:57,726 - INFO - Epoch 999/1500, PSNR: 25.445185, SSIM: 0.832858, LR: 5.440e-05
2025-03-15 03:59:45,947 - INFO - Epoch 1000/1500, PSNR: 25.322496, SSIM: 0.834037, LR: 5.257e-05
2025-03-15 04:00:33,742 - INFO - Epoch 1001/1500, PSNR: 25.321660, SSIM: 0.833097, LR: 5.075e-05
2025-03-15 04:01:22,000 - INFO - Epoch 1002/1500, PSNR: 25.366979, SSIM: 0.833873, LR: 4.896e-05
2025-03-15 04:02:09,824 - INFO - Epoch 1003/1500, PSNR: 25.415024, SSIM: 0.833175, LR: 4.719e-05
2025-03-15 04:02:57,513 - INFO - Epoch 1004/1500, PSNR: 25.449660, SSIM: 0.832803, LR: 4.544e-05
2025-03-15 04:03:45,315 - INFO - Epoch 1005/1500, PSNR: 25.647014, SSIM: 0.834531, LR: 4.371e-05
2025-03-15 04:04:33,079 - INFO - Epoch 1006/1500, PSNR: 25.571316, SSIM: 0.833836, LR: 4.202e-05
2025-03-15 04:05:20,777 - INFO - Epoch 1007/1500, PSNR: 25.573810, SSIM: 0.833940, LR: 4.034e-05
2025-03-15 04:06:08,736 - INFO - Epoch 1008/1500, PSNR: 25.446718, SSIM: 0.833776, LR: 3.870e-05
2025-03-15 04:06:56,542 - INFO - Epoch 1009/1500, PSNR: 25.484702, SSIM: 0.834140, LR: 3.708e-05
2025-03-15 04:07:44,855 - INFO - Epoch 1010/1500, PSNR: 25.502012, SSIM: 0.833270, LR: 3.548e-05
2025-03-15 04:08:33,046 - INFO - Epoch 1011/1500, PSNR: 25.429722, SSIM: 0.833768, LR: 3.392e-05
2025-03-15 04:09:20,967 - INFO - Epoch 1012/1500, PSNR: 25.377268, SSIM: 0.833715, LR: 3.239e-05
2025-03-15 04:10:09,027 - INFO - Epoch 1013/1500, PSNR: 25.611929, SSIM: 0.834679, LR: 3.088e-05
2025-03-15 04:10:57,539 - INFO - Epoch 1014/1500, PSNR: 25.513030, SSIM: 0.834607, LR: 2.941e-05
2025-03-15 04:11:46,037 - INFO - Epoch 1015/1500, PSNR: 25.487069, SSIM: 0.834869, LR: 2.797e-05
2025-03-15 04:12:34,029 - INFO - Epoch 1016/1500, PSNR: 25.443252, SSIM: 0.834721, LR: 2.656e-05
2025-03-15 04:13:21,534 - INFO - Epoch 1017/1500, PSNR: 25.393504, SSIM: 0.833505, LR: 2.518e-05
2025-03-15 04:14:09,510 - INFO - Epoch 1018/1500, PSNR: 25.467250, SSIM: 0.834268, LR: 2.383e-05
2025-03-15 04:14:57,213 - INFO - Epoch 1019/1500, PSNR: 25.459255, SSIM: 0.834171, LR: 2.252e-05
2025-03-15 04:15:45,005 - INFO - Epoch 1020/1500, PSNR: 25.463027, SSIM: 0.834197, LR: 2.125e-05
2025-03-15 04:16:32,926 - INFO - Epoch 1021/1500, PSNR: 25.468548, SSIM: 0.834589, LR: 2.000e-05
2025-03-15 04:17:20,580 - INFO - Epoch 1022/1500, PSNR: 25.494416, SSIM: 0.834788, LR: 1.880e-05
2025-03-15 04:18:08,380 - INFO - Epoch 1023/1500, PSNR: 25.491683, SSIM: 0.834175, LR: 1.762e-05
2025-03-15 04:18:56,023 - INFO - Epoch 1024/1500, PSNR: 25.502139, SSIM: 0.834447, LR: 1.649e-05
2025-03-15 04:19:43,985 - INFO - Epoch 1025/1500, PSNR: 25.492786, SSIM: 0.834154, LR: 1.539e-05
2025-03-15 04:20:32,279 - INFO - Epoch 1026/1500, PSNR: 25.444046, SSIM: 0.834429, LR: 1.433e-05
2025-03-15 04:21:20,804 - INFO - Epoch 1027/1500, PSNR: 25.521201, SSIM: 0.834560, LR: 1.331e-05
2025-03-15 04:22:09,008 - INFO - Epoch 1028/1500, PSNR: 25.467864, SSIM: 0.834213, LR: 1.232e-05
2025-03-15 04:22:57,748 - INFO - Epoch 1029/1500, PSNR: 25.452021, SSIM: 0.834022, LR: 1.138e-05
2025-03-15 04:23:45,338 - INFO - Epoch 1030/1500, PSNR: 25.483200, SSIM: 0.834543, LR: 1.047e-05
2025-03-15 04:24:33,470 - INFO - Epoch 1031/1500, PSNR: 25.451273, SSIM: 0.834617, LR: 9.602e-06
2025-03-15 04:25:21,554 - INFO - Epoch 1032/1500, PSNR: 25.449444, SSIM: 0.834265, LR: 8.775e-06
2025-03-15 04:26:09,856 - INFO - Epoch 1033/1500, PSNR: 25.468129, SSIM: 0.834173, LR: 7.987e-06
2025-03-15 04:26:57,564 - INFO - Epoch 1034/1500, PSNR: 25.489295, SSIM: 0.834523, LR: 7.240e-06
2025-03-15 04:27:45,540 - INFO - Epoch 1035/1500, PSNR: 25.474586, SSIM: 0.834370, LR: 6.535e-06
2025-03-15 04:28:33,991 - INFO - Epoch 1036/1500, PSNR: 25.451349, SSIM: 0.834118, LR: 5.870e-06
2025-03-15 04:29:21,955 - INFO - Epoch 1037/1500, PSNR: 25.474799, SSIM: 0.834197, LR: 5.247e-06
2025-03-15 04:30:09,958 - INFO - Epoch 1038/1500, PSNR: 25.473599, SSIM: 0.834367, LR: 4.665e-06
2025-03-15 04:30:57,957 - INFO - Epoch 1039/1500, PSNR: 25.456502, SSIM: 0.834166, LR: 4.126e-06
2025-03-15 04:31:46,338 - INFO - Epoch 1040/1500, PSNR: 25.460983, SSIM: 0.834162, LR: 3.629e-06
2025-03-15 04:32:34,301 - INFO - Epoch 1041/1500, PSNR: 25.458325, SSIM: 0.834209, LR: 3.174e-06
2025-03-15 04:33:22,222 - INFO - Epoch 1042/1500, PSNR: 25.466235, SSIM: 0.834303, LR: 2.762e-06
2025-03-15 04:34:10,006 - INFO - Epoch 1043/1500, PSNR: 25.467036, SSIM: 0.834153, LR: 2.393e-06
2025-03-15 04:34:58,011 - INFO - Epoch 1044/1500, PSNR: 25.470222, SSIM: 0.834237, LR: 2.067e-06
2025-03-15 04:35:46,102 - INFO - Epoch 1045/1500, PSNR: 25.471310, SSIM: 0.834289, LR: 1.785e-06
2025-03-15 04:36:34,082 - INFO - Epoch 1046/1500, PSNR: 25.477885, SSIM: 0.834339, LR: 1.545e-06
2025-03-15 04:37:22,062 - INFO - Epoch 1047/1500, PSNR: 25.470230, SSIM: 0.834321, LR: 1.349e-06
2025-03-15 04:38:10,046 - INFO - Epoch 1048/1500, PSNR: 25.475861, SSIM: 0.834295, LR: 1.196e-06
2025-03-15 04:38:57,845 - INFO - Epoch 1049/1500, PSNR: 25.481928, SSIM: 0.834395, LR: 1.087e-06
2025-03-15 04:39:45,989 - INFO - Epoch 1050/1500, PSNR: 25.475839, SSIM: 0.834321, LR: 1.022e-06
2025-03-15 04:40:33,999 - INFO - Epoch 1051/1500, PSNR: 25.098647, SSIM: 0.832262, LR: 2.000e-04
2025-03-15 04:41:22,104 - INFO - Epoch 1052/1500, PSNR: 25.398365, SSIM: 0.830029, LR: 2.000e-04
2025-03-15 04:42:10,718 - INFO - Epoch 1053/1500, PSNR: 25.364506, SSIM: 0.832417, LR: 1.999e-04
2025-03-15 04:42:58,660 - INFO - Epoch 1054/1500, PSNR: 25.445927, SSIM: 0.833085, LR: 1.998e-04
2025-03-15 04:43:46,505 - INFO - Epoch 1055/1500, PSNR: 25.356895, SSIM: 0.830777, LR: 1.997e-04
2025-03-15 04:44:34,317 - INFO - Epoch 1056/1500, PSNR: 25.518338, SSIM: 0.834448, LR: 1.995e-04
2025-03-15 04:45:21,965 - INFO - Epoch 1057/1500, PSNR: 25.538205, SSIM: 0.831551, LR: 1.992e-04
2025-03-15 04:46:09,750 - INFO - Epoch 1058/1500, PSNR: 25.092764, SSIM: 0.833566, LR: 1.989e-04
2025-03-15 04:46:57,460 - INFO - Epoch 1059/1500, PSNR: 25.827703, SSIM: 0.833114, LR: 1.986e-04
2025-03-15 04:47:45,513 - INFO - Epoch 1060/1500, PSNR: 25.391726, SSIM: 0.830719, LR: 1.982e-04
2025-03-15 04:48:33,680 - INFO - Epoch 1061/1500, PSNR: 25.215328, SSIM: 0.830497, LR: 1.978e-04
2025-03-15 04:49:21,618 - INFO - Epoch 1062/1500, PSNR: 25.024857, SSIM: 0.831288, LR: 1.974e-04
2025-03-15 04:50:09,522 - INFO - Epoch 1063/1500, PSNR: 25.613752, SSIM: 0.834053, LR: 1.969e-04
2025-03-15 04:50:57,495 - INFO - Epoch 1064/1500, PSNR: 25.269564, SSIM: 0.830603, LR: 1.963e-04
2025-03-15 04:51:45,132 - INFO - Epoch 1065/1500, PSNR: 24.991852, SSIM: 0.830618, LR: 1.958e-04
2025-03-15 04:52:32,814 - INFO - Epoch 1066/1500, PSNR: 25.414634, SSIM: 0.833585, LR: 1.951e-04
2025-03-15 04:53:20,453 - INFO - Epoch 1067/1500, PSNR: 25.436719, SSIM: 0.831448, LR: 1.945e-04
2025-03-15 04:54:08,007 - INFO - Epoch 1068/1500, PSNR: 25.409395, SSIM: 0.832734, LR: 1.938e-04
2025-03-15 04:54:55,913 - INFO - Epoch 1069/1500, PSNR: 25.991013, SSIM: 0.833699, LR: 1.930e-04
2025-03-15 04:55:43,645 - INFO - Epoch 1070/1500, PSNR: 25.093638, SSIM: 0.832588, LR: 1.922e-04
2025-03-15 04:56:31,569 - INFO - Epoch 1071/1500, PSNR: 25.455808, SSIM: 0.834461, LR: 1.914e-04
2025-03-15 04:57:19,538 - INFO - Epoch 1072/1500, PSNR: 25.497058, SSIM: 0.832231, LR: 1.905e-04
2025-03-15 04:58:08,244 - INFO - Epoch 1073/1500, PSNR: 25.739390, SSIM: 0.834169, LR: 1.896e-04
2025-03-15 04:58:56,195 - INFO - Epoch 1074/1500, PSNR: 25.422986, SSIM: 0.834341, LR: 1.887e-04
2025-03-15 04:59:44,070 - INFO - Epoch 1075/1500, PSNR: 25.532377, SSIM: 0.831456, LR: 1.877e-04
2025-03-15 05:00:32,548 - INFO - Epoch 1076/1500, PSNR: 25.531012, SSIM: 0.834710, LR: 1.867e-04
2025-03-15 05:01:20,881 - INFO - Epoch 1077/1500, PSNR: 25.472116, SSIM: 0.832821, LR: 1.856e-04
2025-03-15 05:02:08,689 - INFO - Epoch 1078/1500, PSNR: 25.208981, SSIM: 0.833393, LR: 1.845e-04
2025-03-15 05:02:56,386 - INFO - Epoch 1079/1500, PSNR: 25.384924, SSIM: 0.832527, LR: 1.834e-04
2025-03-15 05:03:44,637 - INFO - Epoch 1080/1500, PSNR: 25.597462, SSIM: 0.834291, LR: 1.822e-04
2025-03-15 05:04:32,691 - INFO - Epoch 1081/1500, PSNR: 25.391773, SSIM: 0.833429, LR: 1.810e-04
2025-03-15 05:05:20,307 - INFO - Epoch 1082/1500, PSNR: 25.651082, SSIM: 0.833039, LR: 1.798e-04
2025-03-15 05:06:07,907 - INFO - Epoch 1083/1500, PSNR: 25.510208, SSIM: 0.835416, LR: 1.785e-04
2025-03-15 05:06:55,553 - INFO - Epoch 1084/1500, PSNR: 25.574103, SSIM: 0.832814, LR: 1.772e-04
2025-03-15 05:07:43,370 - INFO - Epoch 1085/1500, PSNR: 25.296706, SSIM: 0.833480, LR: 1.758e-04
2025-03-15 05:08:31,264 - INFO - Epoch 1086/1500, PSNR: 25.494392, SSIM: 0.834740, LR: 1.744e-04
2025-03-15 05:09:18,939 - INFO - Epoch 1087/1500, PSNR: 25.234452, SSIM: 0.831861, LR: 1.730e-04
2025-03-15 05:10:06,971 - INFO - Epoch 1088/1500, PSNR: 25.308830, SSIM: 0.834742, LR: 1.716e-04
2025-03-15 05:10:55,009 - INFO - Epoch 1089/1500, PSNR: 25.218412, SSIM: 0.833048, LR: 1.701e-04
2025-03-15 05:11:43,359 - INFO - Epoch 1090/1500, PSNR: 25.198029, SSIM: 0.832070, LR: 1.686e-04
2025-03-15 05:12:30,920 - INFO - Epoch 1091/1500, PSNR: 25.371747, SSIM: 0.833970, LR: 1.671e-04
2025-03-15 05:13:18,441 - INFO - Epoch 1092/1500, PSNR: 25.545480, SSIM: 0.832851, LR: 1.655e-04
2025-03-15 05:14:06,383 - INFO - Epoch 1093/1500, PSNR: 25.436699, SSIM: 0.832755, LR: 1.639e-04
2025-03-15 05:14:55,026 - INFO - Epoch 1094/1500, PSNR: 25.368229, SSIM: 0.832877, LR: 1.623e-04
2025-03-15 05:15:43,324 - INFO - Epoch 1095/1500, PSNR: 25.309178, SSIM: 0.832801, LR: 1.607e-04
2025-03-15 05:16:31,669 - INFO - Epoch 1096/1500, PSNR: 25.354884, SSIM: 0.833315, LR: 1.590e-04
2025-03-15 05:17:19,521 - INFO - Epoch 1097/1500, PSNR: 25.217553, SSIM: 0.831473, LR: 1.573e-04
2025-03-15 05:18:07,242 - INFO - Epoch 1098/1500, PSNR: 25.370980, SSIM: 0.832669, LR: 1.556e-04
2025-03-15 05:18:55,249 - INFO - Epoch 1099/1500, PSNR: 25.384442, SSIM: 0.832009, LR: 1.538e-04
2025-03-15 05:19:43,002 - INFO - Epoch 1100/1500, PSNR: 25.283089, SSIM: 0.833780, LR: 1.520e-04
2025-03-15 05:20:30,827 - INFO - Epoch 1101/1500, PSNR: 25.468792, SSIM: 0.835139, LR: 1.503e-04
2025-03-15 05:21:18,802 - INFO - Epoch 1102/1500, PSNR: 25.189532, SSIM: 0.833256, LR: 1.484e-04
2025-03-15 05:22:06,582 - INFO - Epoch 1103/1500, PSNR: 25.433661, SSIM: 0.835150, LR: 1.466e-04
2025-03-15 05:22:54,737 - INFO - Epoch 1104/1500, PSNR: 25.900132, SSIM: 0.832827, LR: 1.447e-04
2025-03-15 05:23:42,444 - INFO - Epoch 1105/1500, PSNR: 25.366812, SSIM: 0.833297, LR: 1.429e-04
2025-03-15 05:24:30,582 - INFO - Epoch 1106/1500, PSNR: 25.471018, SSIM: 0.834196, LR: 1.410e-04
2025-03-15 05:25:19,210 - INFO - Epoch 1107/1500, PSNR: 25.333735, SSIM: 0.831637, LR: 1.391e-04
2025-03-15 05:26:07,262 - INFO - Epoch 1108/1500, PSNR: 25.242561, SSIM: 0.832319, LR: 1.371e-04
2025-03-15 05:26:54,881 - INFO - Epoch 1109/1500, PSNR: 25.165915, SSIM: 0.832161, LR: 1.352e-04
2025-03-15 05:27:42,626 - INFO - Epoch 1110/1500, PSNR: 25.521417, SSIM: 0.834729, LR: 1.332e-04
2025-03-15 05:28:30,554 - INFO - Epoch 1111/1500, PSNR: 25.493945, SSIM: 0.834541, LR: 1.312e-04
2025-03-15 05:29:18,506 - INFO - Epoch 1112/1500, PSNR: 25.326145, SSIM: 0.834520, LR: 1.293e-04
2025-03-15 05:30:06,332 - INFO - Epoch 1113/1500, PSNR: 25.593943, SSIM: 0.834366, LR: 1.273e-04
2025-03-15 05:30:54,728 - INFO - Epoch 1114/1500, PSNR: 25.139858, SSIM: 0.832675, LR: 1.252e-04
2025-03-15 05:31:42,310 - INFO - Epoch 1115/1500, PSNR: 25.654383, SSIM: 0.834574, LR: 1.232e-04
2025-03-15 05:32:30,243 - INFO - Epoch 1116/1500, PSNR: 25.304614, SSIM: 0.833218, LR: 1.212e-04
2025-03-15 05:33:18,384 - INFO - Epoch 1117/1500, PSNR: 25.476986, SSIM: 0.833999, LR: 1.191e-04
2025-03-15 05:34:06,125 - INFO - Epoch 1118/1500, PSNR: 25.542066, SSIM: 0.835172, LR: 1.171e-04
2025-03-15 05:34:53,830 - INFO - Epoch 1119/1500, PSNR: 25.623001, SSIM: 0.833186, LR: 1.150e-04
2025-03-15 05:35:42,042 - INFO - Epoch 1120/1500, PSNR: 24.990202, SSIM: 0.831994, LR: 1.130e-04
2025-03-15 05:36:30,063 - INFO - Epoch 1121/1500, PSNR: 25.351552, SSIM: 0.835007, LR: 1.109e-04
2025-03-15 05:37:17,658 - INFO - Epoch 1122/1500, PSNR: 25.621106, SSIM: 0.833693, LR: 1.088e-04
2025-03-15 05:38:05,882 - INFO - Epoch 1123/1500, PSNR: 25.337918, SSIM: 0.833293, LR: 1.067e-04
2025-03-15 05:38:53,731 - INFO - Epoch 1124/1500, PSNR: 25.531216, SSIM: 0.834093, LR: 1.047e-04
2025-03-15 05:39:42,344 - INFO - Epoch 1125/1500, PSNR: 25.395237, SSIM: 0.833390, LR: 1.026e-04
2025-03-15 05:40:30,714 - INFO - Epoch 1126/1500, PSNR: 25.460372, SSIM: 0.831062, LR: 1.005e-04
2025-03-15 05:41:19,008 - INFO - Epoch 1127/1500, PSNR: 25.476450, SSIM: 0.831720, LR: 9.842e-05
2025-03-15 05:42:06,690 - INFO - Epoch 1128/1500, PSNR: 25.395310, SSIM: 0.834058, LR: 9.633e-05
2025-03-15 05:42:54,997 - INFO - Epoch 1129/1500, PSNR: 25.443113, SSIM: 0.834475, LR: 9.425e-05
2025-03-15 05:43:42,670 - INFO - Epoch 1130/1500, PSNR: 25.664925, SSIM: 0.835434, LR: 9.217e-05
2025-03-15 05:44:30,952 - INFO - Epoch 1131/1500, PSNR: 25.657708, SSIM: 0.833806, LR: 9.010e-05
2025-03-15 05:45:19,225 - INFO - Epoch 1132/1500, PSNR: 25.362280, SSIM: 0.834661, LR: 8.803e-05
2025-03-15 05:46:07,534 - INFO - Epoch 1133/1500, PSNR: 25.350303, SSIM: 0.834276, LR: 8.596e-05
2025-03-15 05:46:55,376 - INFO - Epoch 1134/1500, PSNR: 25.230436, SSIM: 0.834186, LR: 8.391e-05
2025-03-15 05:47:43,331 - INFO - Epoch 1135/1500, PSNR: 25.442313, SSIM: 0.833716, LR: 8.186e-05
2025-03-15 05:48:32,115 - INFO - Epoch 1136/1500, PSNR: 25.627951, SSIM: 0.834365, LR: 7.981e-05
2025-03-15 05:49:20,373 - INFO - Epoch 1137/1500, PSNR: 25.714881, SSIM: 0.835060, LR: 7.778e-05
2025-03-15 05:50:08,743 - INFO - Epoch 1138/1500, PSNR: 25.434132, SSIM: 0.834050, LR: 7.576e-05
2025-03-15 05:50:56,568 - INFO - Epoch 1139/1500, PSNR: 25.395971, SSIM: 0.833921, LR: 7.374e-05
2025-03-15 05:51:44,392 - INFO - Epoch 1140/1500, PSNR: 25.828244, SSIM: 0.835445, LR: 7.174e-05
2025-03-15 05:52:32,911 - INFO - Epoch 1141/1500, PSNR: 25.494506, SSIM: 0.834578, LR: 6.975e-05
2025-03-15 05:53:20,942 - INFO - Epoch 1142/1500, PSNR: 25.282522, SSIM: 0.833793, LR: 6.778e-05
2025-03-15 05:54:08,934 - INFO - Epoch 1143/1500, PSNR: 25.420423, SSIM: 0.835439, LR: 6.582e-05
2025-03-15 05:54:56,827 - INFO - Epoch 1144/1500, PSNR: 25.464893, SSIM: 0.834518, LR: 6.387e-05
2025-03-15 05:55:45,212 - INFO - Epoch 1145/1500, PSNR: 25.483179, SSIM: 0.834917, LR: 6.194e-05
2025-03-15 05:56:33,016 - INFO - Epoch 1146/1500, PSNR: 25.501681, SSIM: 0.834010, LR: 6.003e-05
2025-03-15 05:57:20,882 - INFO - Epoch 1147/1500, PSNR: 25.550030, SSIM: 0.834040, LR: 5.813e-05
2025-03-15 05:58:08,464 - INFO - Epoch 1148/1500, PSNR: 25.584291, SSIM: 0.835171, LR: 5.626e-05
2025-03-15 05:58:56,467 - INFO - Epoch 1149/1500, PSNR: 25.456587, SSIM: 0.834900, LR: 5.440e-05
2025-03-15 05:59:44,554 - INFO - Epoch 1150/1500, PSNR: 25.490257, SSIM: 0.834961, LR: 5.257e-05
2025-03-15 06:00:32,821 - INFO - Epoch 1151/1500, PSNR: 25.468549, SSIM: 0.834915, LR: 5.075e-05
2025-03-15 06:01:20,919 - INFO - Epoch 1152/1500, PSNR: 25.398402, SSIM: 0.832978, LR: 4.896e-05
2025-03-15 06:02:09,406 - INFO - Epoch 1153/1500, PSNR: 25.434344, SSIM: 0.833708, LR: 4.719e-05
2025-03-15 06:02:57,699 - INFO - Epoch 1154/1500, PSNR: 25.504222, SSIM: 0.835438, LR: 4.544e-05
2025-03-15 06:03:45,548 - INFO - Epoch 1155/1500, PSNR: 25.601729, SSIM: 0.834496, LR: 4.371e-05
2025-03-15 06:04:33,642 - INFO - Epoch 1156/1500, PSNR: 25.511055, SSIM: 0.834873, LR: 4.202e-05
2025-03-15 06:05:21,534 - INFO - Epoch 1157/1500, PSNR: 25.649127, SSIM: 0.835627, LR: 4.034e-05
2025-03-15 06:06:09,423 - INFO - Epoch 1158/1500, PSNR: 25.577876, SSIM: 0.835142, LR: 3.870e-05
2025-03-15 06:06:57,366 - INFO - Epoch 1159/1500, PSNR: 25.490498, SSIM: 0.835188, LR: 3.708e-05
2025-03-15 06:07:45,295 - INFO - Epoch 1160/1500, PSNR: 25.573611, SSIM: 0.835498, LR: 3.548e-05
2025-03-15 06:08:33,348 - INFO - Epoch 1161/1500, PSNR: 25.466454, SSIM: 0.834232, LR: 3.392e-05
2025-03-15 06:09:21,325 - INFO - Epoch 1162/1500, PSNR: 25.503536, SSIM: 0.835077, LR: 3.239e-05
2025-03-15 06:10:09,660 - INFO - Epoch 1163/1500, PSNR: 25.567729, SSIM: 0.835285, LR: 3.088e-05
2025-03-15 06:10:58,237 - INFO - Epoch 1164/1500, PSNR: 25.561246, SSIM: 0.835885, LR: 2.941e-05
2025-03-15 06:11:46,114 - INFO - Epoch 1165/1500, PSNR: 25.502729, SSIM: 0.834783, LR: 2.797e-05
2025-03-15 06:12:33,814 - INFO - Epoch 1166/1500, PSNR: 25.519554, SSIM: 0.834756, LR: 2.656e-05
2025-03-15 06:13:21,730 - INFO - Epoch 1167/1500, PSNR: 25.536862, SSIM: 0.835684, LR: 2.518e-05
2025-03-15 06:14:09,762 - INFO - Epoch 1168/1500, PSNR: 25.481554, SSIM: 0.835108, LR: 2.383e-05
2025-03-15 06:14:57,421 - INFO - Epoch 1169/1500, PSNR: 25.582984, SSIM: 0.835487, LR: 2.252e-05
2025-03-15 06:15:45,494 - INFO - Epoch 1170/1500, PSNR: 25.415068, SSIM: 0.834768, LR: 2.125e-05
2025-03-15 06:16:33,111 - INFO - Epoch 1171/1500, PSNR: 25.533797, SSIM: 0.834768, LR: 2.000e-05
2025-03-15 06:17:21,092 - INFO - Epoch 1172/1500, PSNR: 25.558822, SSIM: 0.835637, LR: 1.880e-05
2025-03-15 06:18:09,108 - INFO - Epoch 1173/1500, PSNR: 25.513325, SSIM: 0.835169, LR: 1.762e-05
2025-03-15 06:18:56,791 - INFO - Epoch 1174/1500, PSNR: 25.616327, SSIM: 0.835625, LR: 1.649e-05
2025-03-15 06:19:44,539 - INFO - Epoch 1175/1500, PSNR: 25.581347, SSIM: 0.835336, LR: 1.539e-05
2025-03-15 06:20:33,139 - INFO - Epoch 1176/1500, PSNR: 25.562164, SSIM: 0.835402, LR: 1.433e-05
2025-03-15 06:21:21,254 - INFO - Epoch 1177/1500, PSNR: 25.543120, SSIM: 0.835241, LR: 1.331e-05
2025-03-15 06:22:09,060 - INFO - Epoch 1178/1500, PSNR: 25.530341, SSIM: 0.835280, LR: 1.232e-05
2025-03-15 06:22:57,067 - INFO - Epoch 1179/1500, PSNR: 25.538474, SSIM: 0.835521, LR: 1.138e-05
2025-03-15 06:23:45,342 - INFO - Epoch 1180/1500, PSNR: 25.518529, SSIM: 0.835002, LR: 1.047e-05
2025-03-15 06:24:33,077 - INFO - Epoch 1181/1500, PSNR: 25.518142, SSIM: 0.835112, LR: 9.602e-06
2025-03-15 06:25:20,680 - INFO - Epoch 1182/1500, PSNR: 25.477267, SSIM: 0.835019, LR: 8.775e-06
2025-03-15 06:26:09,004 - INFO - Epoch 1183/1500, PSNR: 25.520882, SSIM: 0.835177, LR: 7.987e-06
2025-03-15 06:26:57,399 - INFO - Epoch 1184/1500, PSNR: 25.503692, SSIM: 0.834809, LR: 7.240e-06
2025-03-15 06:27:45,547 - INFO - Epoch 1185/1500, PSNR: 25.504722, SSIM: 0.834883, LR: 6.535e-06
2025-03-15 06:28:33,374 - INFO - Epoch 1186/1500, PSNR: 25.490185, SSIM: 0.834934, LR: 5.870e-06
2025-03-15 06:29:21,331 - INFO - Epoch 1187/1500, PSNR: 25.511287, SSIM: 0.835074, LR: 5.247e-06
2025-03-15 06:30:09,180 - INFO - Epoch 1188/1500, PSNR: 25.502341, SSIM: 0.834882, LR: 4.665e-06
2025-03-15 06:30:56,913 - INFO - Epoch 1189/1500, PSNR: 25.515985, SSIM: 0.835111, LR: 4.126e-06
2025-03-15 06:31:45,294 - INFO - Epoch 1190/1500, PSNR: 25.532051, SSIM: 0.835348, LR: 3.629e-06
2025-03-15 06:32:33,250 - INFO - Epoch 1191/1500, PSNR: 25.526178, SSIM: 0.835258, LR: 3.174e-06
2025-03-15 06:33:21,460 - INFO - Epoch 1192/1500, PSNR: 25.526123, SSIM: 0.835219, LR: 2.762e-06
2025-03-15 06:34:09,396 - INFO - Epoch 1193/1500, PSNR: 25.542163, SSIM: 0.835219, LR: 2.393e-06
2025-03-15 06:34:57,104 - INFO - Epoch 1194/1500, PSNR: 25.541210, SSIM: 0.835403, LR: 2.067e-06
2025-03-15 06:35:44,694 - INFO - Epoch 1195/1500, PSNR: 25.530599, SSIM: 0.835377, LR: 1.785e-06
2025-03-15 06:36:32,444 - INFO - Epoch 1196/1500, PSNR: 25.528911, SSIM: 0.835353, LR: 1.545e-06
2025-03-15 06:37:20,466 - INFO - Epoch 1197/1500, PSNR: 25.533243, SSIM: 0.835327, LR: 1.349e-06
2025-03-15 06:38:08,540 - INFO - Epoch 1198/1500, PSNR: 25.529089, SSIM: 0.835327, LR: 1.196e-06
2025-03-15 06:38:56,510 - INFO - Epoch 1199/1500, PSNR: 25.527788, SSIM: 0.835303, LR: 1.087e-06
2025-03-15 06:39:44,477 - INFO - Epoch 1200/1500, PSNR: 25.531069, SSIM: 0.835343, LR: 1.022e-06
2025-03-15 06:40:32,160 - INFO - Epoch 1201/1500, PSNR: 25.667594, SSIM: 0.835696, LR: 2.000e-04
2025-03-15 06:41:20,596 - INFO - Epoch 1202/1500, PSNR: 25.543156, SSIM: 0.833198, LR: 2.000e-04
2025-03-15 06:42:09,115 - INFO - Epoch 1203/1500, PSNR: 25.713373, SSIM: 0.833100, LR: 1.999e-04
2025-03-15 06:42:57,056 - INFO - Epoch 1204/1500, PSNR: 25.218591, SSIM: 0.832975, LR: 1.998e-04
2025-03-15 06:43:45,029 - INFO - Epoch 1205/1500, PSNR: 25.512893, SSIM: 0.834182, LR: 1.997e-04
2025-03-15 06:44:33,122 - INFO - Epoch 1206/1500, PSNR: 25.289519, SSIM: 0.832834, LR: 1.995e-04
2025-03-15 06:45:20,801 - INFO - Epoch 1207/1500, PSNR: 24.953735, SSIM: 0.832203, LR: 1.992e-04
2025-03-15 06:46:08,579 - INFO - Epoch 1208/1500, PSNR: 25.104434, SSIM: 0.832992, LR: 1.989e-04
2025-03-15 06:46:56,685 - INFO - Epoch 1209/1500, PSNR: 25.502749, SSIM: 0.834640, LR: 1.986e-04
2025-03-15 06:47:44,741 - INFO - Epoch 1210/1500, PSNR: 25.586405, SSIM: 0.834461, LR: 1.982e-04
2025-03-15 06:48:32,462 - INFO - Epoch 1211/1500, PSNR: 25.332176, SSIM: 0.832012, LR: 1.978e-04
2025-03-15 06:49:20,839 - INFO - Epoch 1212/1500, PSNR: 25.713490, SSIM: 0.835231, LR: 1.974e-04
2025-03-15 06:50:08,821 - INFO - Epoch 1213/1500, PSNR: 25.481220, SSIM: 0.832674, LR: 1.969e-04
2025-03-15 06:50:56,570 - INFO - Epoch 1214/1500, PSNR: 25.785179, SSIM: 0.832561, LR: 1.963e-04
2025-03-15 06:51:44,763 - INFO - Epoch 1215/1500, PSNR: 25.524225, SSIM: 0.832835, LR: 1.958e-04
2025-03-15 06:52:32,427 - INFO - Epoch 1216/1500, PSNR: 25.385803, SSIM: 0.834872, LR: 1.951e-04
2025-03-15 06:53:20,161 - INFO - Epoch 1217/1500, PSNR: 25.247399, SSIM: 0.831709, LR: 1.945e-04
2025-03-15 06:54:08,194 - INFO - Epoch 1218/1500, PSNR: 25.339213, SSIM: 0.831626, LR: 1.938e-04
2025-03-15 06:54:55,951 - INFO - Epoch 1219/1500, PSNR: 25.186882, SSIM: 0.834477, LR: 1.930e-04
2025-03-15 06:55:44,051 - INFO - Epoch 1220/1500, PSNR: 25.497380, SSIM: 0.832820, LR: 1.922e-04
2025-03-15 06:56:31,953 - INFO - Epoch 1221/1500, PSNR: 25.393491, SSIM: 0.833523, LR: 1.914e-04
2025-03-15 06:57:19,740 - INFO - Epoch 1222/1500, PSNR: 25.142039, SSIM: 0.830790, LR: 1.905e-04
2025-03-15 06:58:07,409 - INFO - Epoch 1223/1500, PSNR: 25.752957, SSIM: 0.836263, LR: 1.896e-04
2025-03-15 06:58:55,137 - INFO - Epoch 1224/1500, PSNR: 25.658319, SSIM: 0.833803, LR: 1.887e-04
2025-03-15 06:59:42,980 - INFO - Epoch 1225/1500, PSNR: 25.322802, SSIM: 0.831723, LR: 1.877e-04
2025-03-15 07:00:31,039 - INFO - Epoch 1226/1500, PSNR: 25.338176, SSIM: 0.833625, LR: 1.867e-04
2025-03-15 07:01:19,362 - INFO - Epoch 1227/1500, PSNR: 25.192152, SSIM: 0.828134, LR: 1.856e-04
2025-03-15 07:02:07,885 - INFO - Epoch 1228/1500, PSNR: 25.496371, SSIM: 0.833710, LR: 1.845e-04
2025-03-15 07:02:55,754 - INFO - Epoch 1229/1500, PSNR: 25.729725, SSIM: 0.835251, LR: 1.834e-04
2025-03-15 07:03:43,705 - INFO - Epoch 1230/1500, PSNR: 25.423566, SSIM: 0.833372, LR: 1.822e-04
2025-03-15 07:04:31,414 - INFO - Epoch 1231/1500, PSNR: 25.331200, SSIM: 0.833642, LR: 1.810e-04
2025-03-15 07:05:19,243 - INFO - Epoch 1232/1500, PSNR: 25.052899, SSIM: 0.831447, LR: 1.798e-04
2025-03-15 07:06:07,313 - INFO - Epoch 1233/1500, PSNR: 25.319825, SSIM: 0.836250, LR: 1.785e-04
2025-03-15 07:06:55,312 - INFO - Epoch 1234/1500, PSNR: 25.432390, SSIM: 0.834839, LR: 1.772e-04
2025-03-15 07:07:43,159 - INFO - Epoch 1235/1500, PSNR: 25.479245, SSIM: 0.834595, LR: 1.758e-04
2025-03-15 07:08:31,052 - INFO - Epoch 1236/1500, PSNR: 25.380461, SSIM: 0.832801, LR: 1.744e-04
2025-03-15 07:09:18,920 - INFO - Epoch 1237/1500, PSNR: 25.062321, SSIM: 0.834259, LR: 1.730e-04
2025-03-15 07:10:06,776 - INFO - Epoch 1238/1500, PSNR: 24.946906, SSIM: 0.832425, LR: 1.716e-04
2025-03-15 07:10:54,437 - INFO - Epoch 1239/1500, PSNR: 25.503398, SSIM: 0.833208, LR: 1.701e-04
2025-03-15 07:11:42,973 - INFO - Epoch 1240/1500, PSNR: 25.588654, SSIM: 0.834417, LR: 1.686e-04
2025-03-15 07:12:30,815 - INFO - Epoch 1241/1500, PSNR: 25.119043, SSIM: 0.834302, LR: 1.671e-04
2025-03-15 07:13:18,946 - INFO - Epoch 1242/1500, PSNR: 25.647361, SSIM: 0.835953, LR: 1.655e-04
2025-03-15 07:14:07,359 - INFO - Epoch 1243/1500, PSNR: 25.523946, SSIM: 0.835137, LR: 1.639e-04
2025-03-15 07:14:55,794 - INFO - Epoch 1244/1500, PSNR: 25.819948, SSIM: 0.834032, LR: 1.623e-04
2025-03-15 07:15:43,996 - INFO - Epoch 1245/1500, PSNR: 25.652056, SSIM: 0.833860, LR: 1.607e-04
2025-03-15 07:16:31,728 - INFO - Epoch 1246/1500, PSNR: 25.519834, SSIM: 0.834010, LR: 1.590e-04
2025-03-15 07:17:20,041 - INFO - Epoch 1247/1500, PSNR: 25.568736, SSIM: 0.834982, LR: 1.573e-04
2025-03-15 07:18:08,690 - INFO - Epoch 1248/1500, PSNR: 25.287895, SSIM: 0.833346, LR: 1.556e-04
2025-03-15 07:18:56,831 - INFO - Epoch 1249/1500, PSNR: 25.370737, SSIM: 0.834199, LR: 1.538e-04
2025-03-15 07:19:45,117 - INFO - Epoch 1250/1500, PSNR: 25.558252, SSIM: 0.834669, LR: 1.520e-04
2025-03-15 07:20:33,101 - INFO - Epoch 1251/1500, PSNR: 25.654307, SSIM: 0.834547, LR: 1.503e-04
2025-03-15 07:21:21,070 - INFO - Epoch 1252/1500, PSNR: 25.432678, SSIM: 0.834179, LR: 1.484e-04
2025-03-15 07:22:08,859 - INFO - Epoch 1253/1500, PSNR: 25.606633, SSIM: 0.833750, LR: 1.466e-04
2025-03-15 07:22:56,984 - INFO - Epoch 1254/1500, PSNR: 25.267445, SSIM: 0.835679, LR: 1.447e-04
2025-03-15 07:23:45,257 - INFO - Epoch 1255/1500, PSNR: 25.301549, SSIM: 0.832246, LR: 1.429e-04
2025-03-15 07:24:33,030 - INFO - Epoch 1256/1500, PSNR: 25.702071, SSIM: 0.835048, LR: 1.410e-04
2025-03-15 07:25:20,656 - INFO - Epoch 1257/1500, PSNR: 25.228315, SSIM: 0.834022, LR: 1.391e-04
2025-03-15 07:26:08,907 - INFO - Epoch 1258/1500, PSNR: 25.606251, SSIM: 0.836696, LR: 1.371e-04
2025-03-15 07:26:56,619 - INFO - Epoch 1259/1500, PSNR: 25.495249, SSIM: 0.835320, LR: 1.352e-04
2025-03-15 07:27:45,153 - INFO - Epoch 1260/1500, PSNR: 25.643807, SSIM: 0.834792, LR: 1.332e-04
2025-03-15 07:28:33,043 - INFO - Epoch 1261/1500, PSNR: 25.517692, SSIM: 0.834374, LR: 1.312e-04
2025-03-15 07:29:21,038 - INFO - Epoch 1262/1500, PSNR: 25.727092, SSIM: 0.834997, LR: 1.293e-04
2025-03-15 07:30:09,203 - INFO - Epoch 1263/1500, PSNR: 25.375216, SSIM: 0.833801, LR: 1.273e-04
2025-03-15 07:30:57,399 - INFO - Epoch 1264/1500, PSNR: 25.627481, SSIM: 0.835994, LR: 1.252e-04
2025-03-15 07:31:45,737 - INFO - Epoch 1265/1500, PSNR: 25.504502, SSIM: 0.834977, LR: 1.232e-04
2025-03-15 07:32:33,835 - INFO - Epoch 1266/1500, PSNR: 25.379963, SSIM: 0.833912, LR: 1.212e-04
2025-03-15 07:33:22,114 - INFO - Epoch 1267/1500, PSNR: 25.563482, SSIM: 0.832482, LR: 1.191e-04
2025-03-15 07:34:10,172 - INFO - Epoch 1268/1500, PSNR: 25.391443, SSIM: 0.834715, LR: 1.171e-04
2025-03-15 07:34:58,200 - INFO - Epoch 1269/1500, PSNR: 25.293420, SSIM: 0.832415, LR: 1.150e-04
2025-03-15 07:35:46,037 - INFO - Epoch 1270/1500, PSNR: 25.491835, SSIM: 0.833616, LR: 1.130e-04
2025-03-15 07:36:33,943 - INFO - Epoch 1271/1500, PSNR: 25.536291, SSIM: 0.835338, LR: 1.109e-04
2025-03-15 07:37:22,034 - INFO - Epoch 1272/1500, PSNR: 25.481841, SSIM: 0.834060, LR: 1.088e-04
2025-03-15 07:38:10,211 - INFO - Epoch 1273/1500, PSNR: 25.389442, SSIM: 0.834384, LR: 1.067e-04
2025-03-15 07:38:58,580 - INFO - Epoch 1274/1500, PSNR: 25.418017, SSIM: 0.834973, LR: 1.047e-04
2025-03-15 07:39:46,573 - INFO - Epoch 1275/1500, PSNR: 25.581046, SSIM: 0.836639, LR: 1.026e-04
2025-03-15 07:40:34,670 - INFO - Epoch 1276/1500, PSNR: 25.691581, SSIM: 0.835772, LR: 1.005e-04
2025-03-15 07:41:22,706 - INFO - Epoch 1277/1500, PSNR: 25.700939, SSIM: 0.834868, LR: 9.842e-05
2025-03-15 07:42:11,042 - INFO - Epoch 1278/1500, PSNR: 25.419321, SSIM: 0.832959, LR: 9.633e-05
2025-03-15 07:42:59,197 - INFO - Epoch 1279/1500, PSNR: 25.469862, SSIM: 0.835271, LR: 9.425e-05
2025-03-15 07:43:47,494 - INFO - Epoch 1280/1500, PSNR: 25.314463, SSIM: 0.833749, LR: 9.217e-05
2025-03-15 07:44:35,374 - INFO - Epoch 1281/1500, PSNR: 25.522450, SSIM: 0.834807, LR: 9.010e-05
2025-03-15 07:45:23,668 - INFO - Epoch 1282/1500, PSNR: 25.647905, SSIM: 0.835867, LR: 8.803e-05
2025-03-15 07:46:12,026 - INFO - Epoch 1283/1500, PSNR: 25.652818, SSIM: 0.835219, LR: 8.596e-05
2025-03-15 07:46:59,988 - INFO - Epoch 1284/1500, PSNR: 25.535595, SSIM: 0.835711, LR: 8.391e-05
2025-03-15 07:47:48,268 - INFO - Epoch 1285/1500, PSNR: 25.493980, SSIM: 0.834978, LR: 8.186e-05
2025-03-15 07:48:35,788 - INFO - Epoch 1286/1500, PSNR: 25.587364, SSIM: 0.836351, LR: 7.981e-05
2025-03-15 07:49:23,365 - INFO - Epoch 1287/1500, PSNR: 25.496409, SSIM: 0.836062, LR: 7.778e-05
2025-03-15 07:50:11,746 - INFO - Epoch 1288/1500, PSNR: 25.467933, SSIM: 0.835060, LR: 7.576e-05
2025-03-15 07:50:59,607 - INFO - Epoch 1289/1500, PSNR: 25.410073, SSIM: 0.834149, LR: 7.374e-05
2025-03-15 07:51:48,026 - INFO - Epoch 1290/1500, PSNR: 25.453412, SSIM: 0.835189, LR: 7.174e-05
2025-03-15 07:52:36,247 - INFO - Epoch 1291/1500, PSNR: 25.582494, SSIM: 0.835604, LR: 6.975e-05
2025-03-15 07:53:24,408 - INFO - Epoch 1292/1500, PSNR: 25.341934, SSIM: 0.834865, LR: 6.778e-05
2025-03-15 07:54:12,541 - INFO - Epoch 1293/1500, PSNR: 25.480174, SSIM: 0.835311, LR: 6.582e-05
2025-03-15 07:55:00,188 - INFO - Epoch 1294/1500, PSNR: 25.514575, SSIM: 0.834754, LR: 6.387e-05
2025-03-15 07:55:48,604 - INFO - Epoch 1295/1500, PSNR: 25.581150, SSIM: 0.836363, LR: 6.194e-05
2025-03-15 07:56:37,060 - INFO - Epoch 1296/1500, PSNR: 25.544800, SSIM: 0.835429, LR: 6.003e-05
2025-03-15 07:57:25,233 - INFO - Epoch 1297/1500, PSNR: 25.623213, SSIM: 0.835932, LR: 5.813e-05
2025-03-15 07:58:13,283 - INFO - Epoch 1298/1500, PSNR: 25.574558, SSIM: 0.835475, LR: 5.626e-05
2025-03-15 07:59:01,147 - INFO - Epoch 1299/1500, PSNR: 25.698081, SSIM: 0.835838, LR: 5.440e-05
2025-03-15 07:59:49,163 - INFO - Epoch 1300/1500, PSNR: 25.350598, SSIM: 0.834674, LR: 5.257e-05
2025-03-15 08:00:37,431 - INFO - Epoch 1301/1500, PSNR: 25.555234, SSIM: 0.834692, LR: 5.075e-05
2025-03-15 08:01:25,248 - INFO - Epoch 1302/1500, PSNR: 25.537304, SSIM: 0.835773, LR: 4.896e-05
2025-03-15 08:02:12,936 - INFO - Epoch 1303/1500, PSNR: 25.584761, SSIM: 0.835643, LR: 4.719e-05
2025-03-15 08:03:01,508 - INFO - Epoch 1304/1500, PSNR: 25.537525, SSIM: 0.835594, LR: 4.544e-05
2025-03-15 08:03:49,447 - INFO - Epoch 1305/1500, PSNR: 25.454399, SSIM: 0.835193, LR: 4.371e-05
2025-03-15 08:04:37,379 - INFO - Epoch 1306/1500, PSNR: 25.486285, SSIM: 0.834661, LR: 4.202e-05
2025-03-15 08:05:25,103 - INFO - Epoch 1307/1500, PSNR: 25.507678, SSIM: 0.835426, LR: 4.034e-05
2025-03-15 08:06:12,887 - INFO - Epoch 1308/1500, PSNR: 25.626763, SSIM: 0.835670, LR: 3.870e-05
2025-03-15 08:07:01,281 - INFO - Epoch 1309/1500, PSNR: 25.538709, SSIM: 0.835865, LR: 3.708e-05
2025-03-15 08:07:49,557 - INFO - Epoch 1310/1500, PSNR: 25.548276, SSIM: 0.835760, LR: 3.548e-05
2025-03-15 08:08:37,807 - INFO - Epoch 1311/1500, PSNR: 25.590305, SSIM: 0.835239, LR: 3.392e-05
2025-03-15 08:09:26,180 - INFO - Epoch 1312/1500, PSNR: 25.634697, SSIM: 0.835669, LR: 3.239e-05
2025-03-15 08:10:14,404 - INFO - Epoch 1313/1500, PSNR: 25.546119, SSIM: 0.835128, LR: 3.088e-05
2025-03-15 08:11:02,089 - INFO - Epoch 1314/1500, PSNR: 25.547031, SSIM: 0.834859, LR: 2.941e-05
2025-03-15 08:11:49,931 - INFO - Epoch 1315/1500, PSNR: 25.512312, SSIM: 0.835578, LR: 2.797e-05
2025-03-15 08:12:37,899 - INFO - Epoch 1316/1500, PSNR: 25.430818, SSIM: 0.834632, LR: 2.656e-05
2025-03-15 08:13:26,035 - INFO - Epoch 1317/1500, PSNR: 25.453289, SSIM: 0.835209, LR: 2.518e-05
2025-03-15 08:14:14,336 - INFO - Epoch 1318/1500, PSNR: 25.602761, SSIM: 0.835806, LR: 2.383e-05
2025-03-15 08:15:02,405 - INFO - Epoch 1319/1500, PSNR: 25.496307, SSIM: 0.835310, LR: 2.252e-05
2025-03-15 08:15:50,651 - INFO - Epoch 1320/1500, PSNR: 25.574355, SSIM: 0.835192, LR: 2.125e-05
2025-03-15 08:16:39,100 - INFO - Epoch 1321/1500, PSNR: 25.536163, SSIM: 0.835274, LR: 2.000e-05
2025-03-15 08:17:27,400 - INFO - Epoch 1322/1500, PSNR: 25.622099, SSIM: 0.835473, LR: 1.880e-05
2025-03-15 08:18:15,413 - INFO - Epoch 1323/1500, PSNR: 25.578962, SSIM: 0.835487, LR: 1.762e-05
2025-03-15 08:19:03,220 - INFO - Epoch 1324/1500, PSNR: 25.537924, SSIM: 0.835921, LR: 1.649e-05
2025-03-15 08:19:51,078 - INFO - Epoch 1325/1500, PSNR: 25.564930, SSIM: 0.835896, LR: 1.539e-05
2025-03-15 08:20:39,383 - INFO - Epoch 1326/1500, PSNR: 25.558269, SSIM: 0.835591, LR: 1.433e-05
2025-03-15 08:21:27,903 - INFO - Epoch 1327/1500, PSNR: 25.548725, SSIM: 0.835646, LR: 1.331e-05
2025-03-15 08:22:16,236 - INFO - Epoch 1328/1500, PSNR: 25.600804, SSIM: 0.835547, LR: 1.232e-05
2025-03-15 08:23:04,280 - INFO - Epoch 1329/1500, PSNR: 25.556521, SSIM: 0.835435, LR: 1.138e-05
2025-03-15 08:23:52,680 - INFO - Epoch 1330/1500, PSNR: 25.568005, SSIM: 0.835417, LR: 1.047e-05
2025-03-15 08:24:40,904 - INFO - Epoch 1331/1500, PSNR: 25.582769, SSIM: 0.835389, LR: 9.602e-06
2025-03-15 08:25:28,905 - INFO - Epoch 1332/1500, PSNR: 25.615636, SSIM: 0.835819, LR: 8.775e-06
2025-03-15 08:26:17,045 - INFO - Epoch 1333/1500, PSNR: 25.597780, SSIM: 0.835707, LR: 7.987e-06
2025-03-15 08:27:04,755 - INFO - Epoch 1334/1500, PSNR: 25.565002, SSIM: 0.835588, LR: 7.240e-06
2025-03-15 08:27:53,008 - INFO - Epoch 1335/1500, PSNR: 25.555827, SSIM: 0.835366, LR: 6.535e-06
2025-03-15 08:28:40,932 - INFO - Epoch 1336/1500, PSNR: 25.567971, SSIM: 0.835525, LR: 5.870e-06
2025-03-15 08:29:29,320 - INFO - Epoch 1337/1500, PSNR: 25.552248, SSIM: 0.835383, LR: 5.247e-06
2025-03-15 08:30:17,171 - INFO - Epoch 1338/1500, PSNR: 25.565427, SSIM: 0.835414, LR: 4.665e-06
2025-03-15 08:31:05,501 - INFO - Epoch 1339/1500, PSNR: 25.573439, SSIM: 0.835445, LR: 4.126e-06
2025-03-15 08:31:53,534 - INFO - Epoch 1340/1500, PSNR: 25.558014, SSIM: 0.835463, LR: 3.629e-06
2025-03-15 08:32:41,936 - INFO - Epoch 1341/1500, PSNR: 25.540457, SSIM: 0.835569, LR: 3.174e-06
2025-03-15 08:33:29,563 - INFO - Epoch 1342/1500, PSNR: 25.528288, SSIM: 0.835425, LR: 2.762e-06
2025-03-15 08:34:17,578 - INFO - Epoch 1343/1500, PSNR: 25.519569, SSIM: 0.835412, LR: 2.393e-06
2025-03-15 08:35:05,925 - INFO - Epoch 1344/1500, PSNR: 25.531199, SSIM: 0.835508, LR: 2.067e-06
2025-03-15 08:35:54,230 - INFO - Epoch 1345/1500, PSNR: 25.519482, SSIM: 0.835370, LR: 1.785e-06
2025-03-15 08:36:42,396 - INFO - Epoch 1346/1500, PSNR: 25.520712, SSIM: 0.835331, LR: 1.545e-06
2025-03-15 08:37:30,352 - INFO - Epoch 1347/1500, PSNR: 25.523646, SSIM: 0.835327, LR: 1.349e-06
2025-03-15 08:38:18,476 - INFO - Epoch 1348/1500, PSNR: 25.526011, SSIM: 0.835365, LR: 1.196e-06
2025-03-15 08:39:06,495 - INFO - Epoch 1349/1500, PSNR: 25.533263, SSIM: 0.835429, LR: 1.087e-06
2025-03-15 08:39:54,253 - INFO - Epoch 1350/1500, PSNR: 25.536560, SSIM: 0.835429, LR: 1.022e-06
2025-03-15 08:40:42,035 - INFO - Epoch 1351/1500, PSNR: 25.489735, SSIM: 0.835354, LR: 2.000e-04
2025-03-15 08:41:30,367 - INFO - Epoch 1352/1500, PSNR: 25.650093, SSIM: 0.835766, LR: 2.000e-04
2025-03-15 08:42:17,994 - INFO - Epoch 1353/1500, PSNR: 25.257449, SSIM: 0.833381, LR: 1.999e-04
2025-03-15 08:43:05,676 - INFO - Epoch 1354/1500, PSNR: 25.174151, SSIM: 0.833442, LR: 1.998e-04
2025-03-15 08:43:53,455 - INFO - Epoch 1355/1500, PSNR: 25.703523, SSIM: 0.832235, LR: 1.997e-04
2025-03-15 08:44:41,004 - INFO - Epoch 1356/1500, PSNR: 25.176684, SSIM: 0.833123, LR: 1.995e-04
2025-03-15 08:45:28,904 - INFO - Epoch 1357/1500, PSNR: 24.787934, SSIM: 0.834895, LR: 1.992e-04
2025-03-15 08:46:17,381 - INFO - Epoch 1358/1500, PSNR: 25.495360, SSIM: 0.833917, LR: 1.989e-04
2025-03-15 08:47:05,010 - INFO - Epoch 1359/1500, PSNR: 25.523511, SSIM: 0.833206, LR: 1.986e-04
2025-03-15 08:47:52,602 - INFO - Epoch 1360/1500, PSNR: 25.429033, SSIM: 0.835957, LR: 1.982e-04
2025-03-15 08:48:40,374 - INFO - Epoch 1361/1500, PSNR: 25.409524, SSIM: 0.834476, LR: 1.978e-04
2025-03-15 08:49:28,368 - INFO - Epoch 1362/1500, PSNR: 25.386327, SSIM: 0.835466, LR: 1.974e-04
2025-03-15 08:50:16,375 - INFO - Epoch 1363/1500, PSNR: 25.523368, SSIM: 0.834514, LR: 1.969e-04
2025-03-15 08:51:04,730 - INFO - Epoch 1364/1500, PSNR: 25.282701, SSIM: 0.833549, LR: 1.963e-04
2025-03-15 08:51:53,216 - INFO - Epoch 1365/1500, PSNR: 25.524543, SSIM: 0.833364, LR: 1.958e-04
2025-03-15 08:52:41,294 - INFO - Epoch 1366/1500, PSNR: 25.407651, SSIM: 0.830875, LR: 1.951e-04
2025-03-15 08:53:29,419 - INFO - Epoch 1367/1500, PSNR: 25.738249, SSIM: 0.836160, LR: 1.945e-04
2025-03-15 08:54:17,835 - INFO - Epoch 1368/1500, PSNR: 25.579417, SSIM: 0.834965, LR: 1.938e-04
2025-03-15 08:55:05,639 - INFO - Epoch 1369/1500, PSNR: 25.461586, SSIM: 0.833580, LR: 1.930e-04
2025-03-15 08:55:53,489 - INFO - Epoch 1370/1500, PSNR: 25.101891, SSIM: 0.833884, LR: 1.922e-04
2025-03-15 08:56:41,856 - INFO - Epoch 1371/1500, PSNR: 25.470610, SSIM: 0.836022, LR: 1.914e-04
2025-03-15 08:57:29,777 - INFO - Epoch 1372/1500, PSNR: 25.566337, SSIM: 0.833913, LR: 1.905e-04
2025-03-15 08:58:17,406 - INFO - Epoch 1373/1500, PSNR: 25.404571, SSIM: 0.833883, LR: 1.896e-04
2025-03-15 08:59:05,009 - INFO - Epoch 1374/1500, PSNR: 25.451816, SSIM: 0.833891, LR: 1.887e-04
2025-03-15 08:59:53,298 - INFO - Epoch 1375/1500, PSNR: 25.355757, SSIM: 0.832823, LR: 1.877e-04
2025-03-15 09:00:41,299 - INFO - Epoch 1376/1500, PSNR: 25.473204, SSIM: 0.835255, LR: 1.867e-04
2025-03-15 09:01:29,044 - INFO - Epoch 1377/1500, PSNR: 25.201641, SSIM: 0.833714, LR: 1.856e-04
2025-03-15 09:02:17,234 - INFO - Epoch 1378/1500, PSNR: 25.404890, SSIM: 0.834161, LR: 1.845e-04
2025-03-15 09:03:05,349 - INFO - Epoch 1379/1500, PSNR: 25.623114, SSIM: 0.833811, LR: 1.834e-04
2025-03-15 09:03:53,606 - INFO - Epoch 1380/1500, PSNR: 25.281592, SSIM: 0.833502, LR: 1.822e-04
2025-03-15 09:04:41,834 - INFO - Epoch 1381/1500, PSNR: 25.352030, SSIM: 0.833962, LR: 1.810e-04
2025-03-15 09:05:29,919 - INFO - Epoch 1382/1500, PSNR: 25.483550, SSIM: 0.834284, LR: 1.798e-04
2025-03-15 09:06:18,113 - INFO - Epoch 1383/1500, PSNR: 25.718905, SSIM: 0.835356, LR: 1.785e-04
2025-03-15 09:07:05,990 - INFO - Epoch 1384/1500, PSNR: 25.430891, SSIM: 0.834386, LR: 1.772e-04
2025-03-15 09:07:54,233 - INFO - Epoch 1385/1500, PSNR: 25.447947, SSIM: 0.834903, LR: 1.758e-04
2025-03-15 09:08:42,252 - INFO - Epoch 1386/1500, PSNR: 25.630169, SSIM: 0.833649, LR: 1.744e-04
2025-03-15 09:09:30,641 - INFO - Epoch 1387/1500, PSNR: 25.404453, SSIM: 0.834664, LR: 1.730e-04
2025-03-15 09:10:18,833 - INFO - Epoch 1388/1500, PSNR: 25.509132, SSIM: 0.835023, LR: 1.716e-04
2025-03-15 09:11:07,098 - INFO - Epoch 1389/1500, PSNR: 25.861700, SSIM: 0.835323, LR: 1.701e-04
2025-03-15 09:11:55,076 - INFO - Epoch 1390/1500, PSNR: 25.324061, SSIM: 0.834389, LR: 1.686e-04
2025-03-15 09:12:42,836 - INFO - Epoch 1391/1500, PSNR: 25.581716, SSIM: 0.834064, LR: 1.671e-04
2025-03-15 09:13:30,728 - INFO - Epoch 1392/1500, PSNR: 25.661503, SSIM: 0.835162, LR: 1.655e-04
2025-03-15 09:14:18,961 - INFO - Epoch 1393/1500, PSNR: 25.192414, SSIM: 0.833119, LR: 1.639e-04
2025-03-15 09:15:07,348 - INFO - Epoch 1394/1500, PSNR: 25.668667, SSIM: 0.835322, LR: 1.623e-04
2025-03-15 09:15:55,456 - INFO - Epoch 1395/1500, PSNR: 25.193762, SSIM: 0.832595, LR: 1.607e-04
2025-03-15 09:16:43,626 - INFO - Epoch 1396/1500, PSNR: 25.116930, SSIM: 0.834513, LR: 1.590e-04
2025-03-15 09:17:31,730 - INFO - Epoch 1397/1500, PSNR: 25.544846, SSIM: 0.834716, LR: 1.573e-04
2025-03-15 09:18:19,816 - INFO - Epoch 1398/1500, PSNR: 25.409905, SSIM: 0.834886, LR: 1.556e-04
2025-03-15 09:19:08,005 - INFO - Epoch 1399/1500, PSNR: 25.532856, SSIM: 0.836905, LR: 1.538e-04
2025-03-15 09:19:55,898 - INFO - Epoch 1400/1500, PSNR: 25.244743, SSIM: 0.835684, LR: 1.520e-04
2025-03-15 09:20:43,726 - INFO - Epoch 1401/1500, PSNR: 25.539225, SSIM: 0.835707, LR: 1.503e-04
2025-03-15 09:21:31,572 - INFO - Epoch 1402/1500, PSNR: 25.435618, SSIM: 0.833480, LR: 1.484e-04
2025-03-15 09:22:19,289 - INFO - Epoch 1403/1500, PSNR: 25.381154, SSIM: 0.832946, LR: 1.466e-04
2025-03-15 09:23:07,707 - INFO - Epoch 1404/1500, PSNR: 25.487741, SSIM: 0.835483, LR: 1.447e-04
2025-03-15 09:23:55,949 - INFO - Epoch 1405/1500, PSNR: 25.697457, SSIM: 0.835360, LR: 1.429e-04
2025-03-15 09:24:44,144 - INFO - Epoch 1406/1500, PSNR: 25.616982, SSIM: 0.834201, LR: 1.410e-04
2025-03-15 09:25:32,438 - INFO - Epoch 1407/1500, PSNR: 25.498000, SSIM: 0.836074, LR: 1.391e-04
2025-03-15 09:26:20,768 - INFO - Epoch 1408/1500, PSNR: 25.358511, SSIM: 0.832255, LR: 1.371e-04
2025-03-15 09:27:08,349 - INFO - Epoch 1409/1500, PSNR: 25.269896, SSIM: 0.833988, LR: 1.352e-04
2025-03-15 09:27:56,597 - INFO - Epoch 1410/1500, PSNR: 25.256677, SSIM: 0.834980, LR: 1.332e-04
2025-03-15 09:28:44,389 - INFO - Epoch 1411/1500, PSNR: 25.466049, SSIM: 0.835230, LR: 1.312e-04
2025-03-15 09:29:31,958 - INFO - Epoch 1412/1500, PSNR: 25.483687, SSIM: 0.833647, LR: 1.293e-04
2025-03-15 09:30:19,606 - INFO - Epoch 1413/1500, PSNR: 25.313617, SSIM: 0.835175, LR: 1.273e-04
2025-03-15 09:31:07,416 - INFO - Epoch 1414/1500, PSNR: 25.720328, SSIM: 0.834718, LR: 1.252e-04
2025-03-15 09:31:55,242 - INFO - Epoch 1415/1500, PSNR: 25.501176, SSIM: 0.835475, LR: 1.232e-04
2025-03-15 09:32:43,513 - INFO - Epoch 1416/1500, PSNR: 25.499150, SSIM: 0.835716, LR: 1.212e-04
2025-03-15 09:33:31,027 - INFO - Epoch 1417/1500, PSNR: 25.616004, SSIM: 0.836200, LR: 1.191e-04
2025-03-15 09:34:18,617 - INFO - Epoch 1418/1500, PSNR: 25.315935, SSIM: 0.834926, LR: 1.171e-04
2025-03-15 09:35:06,457 - INFO - Epoch 1419/1500, PSNR: 25.424223, SSIM: 0.833968, LR: 1.150e-04
2025-03-15 09:35:54,216 - INFO - Epoch 1420/1500, PSNR: 25.303020, SSIM: 0.833149, LR: 1.130e-04
2025-03-15 09:36:42,421 - INFO - Epoch 1421/1500, PSNR: 25.647040, SSIM: 0.834651, LR: 1.109e-04
2025-03-15 09:37:30,391 - INFO - Epoch 1422/1500, PSNR: 25.487594, SSIM: 0.836326, LR: 1.088e-04
2025-03-15 09:38:18,697 - INFO - Epoch 1423/1500, PSNR: 25.431555, SSIM: 0.835789, LR: 1.067e-04
2025-03-15 09:39:06,808 - INFO - Epoch 1424/1500, PSNR: 25.585585, SSIM: 0.835620, LR: 1.047e-04
2025-03-15 09:39:54,907 - INFO - Epoch 1425/1500, PSNR: 25.541341, SSIM: 0.835002, LR: 1.026e-04
2025-03-15 09:40:42,805 - INFO - Epoch 1426/1500, PSNR: 25.345908, SSIM: 0.835964, LR: 1.005e-04
2025-03-15 09:41:31,188 - INFO - Epoch 1427/1500, PSNR: 25.613631, SSIM: 0.835425, LR: 9.842e-05
2025-03-15 09:42:19,098 - INFO - Epoch 1428/1500, PSNR: 25.606238, SSIM: 0.835934, LR: 9.633e-05
2025-03-15 09:43:06,768 - INFO - Epoch 1429/1500, PSNR: 25.497510, SSIM: 0.834658, LR: 9.425e-05
2025-03-15 09:43:54,388 - INFO - Epoch 1430/1500, PSNR: 25.401115, SSIM: 0.833487, LR: 9.217e-05
2025-03-15 09:44:42,398 - INFO - Epoch 1431/1500, PSNR: 25.587099, SSIM: 0.836250, LR: 9.010e-05
2025-03-15 09:45:30,009 - INFO - Epoch 1432/1500, PSNR: 25.658452, SSIM: 0.836664, LR: 8.803e-05
2025-03-15 09:46:18,195 - INFO - Epoch 1433/1500, PSNR: 25.705501, SSIM: 0.837062, LR: 8.596e-05
2025-03-15 09:47:06,302 - INFO - Epoch 1434/1500, PSNR: 25.426856, SSIM: 0.835640, LR: 8.391e-05
2025-03-15 09:47:54,244 - INFO - Epoch 1435/1500, PSNR: 25.477191, SSIM: 0.834980, LR: 8.186e-05
2025-03-15 09:48:41,962 - INFO - Epoch 1436/1500, PSNR: 25.543143, SSIM: 0.836413, LR: 7.981e-05
2025-03-15 09:49:30,205 - INFO - Epoch 1437/1500, PSNR: 25.484579, SSIM: 0.835068, LR: 7.778e-05
2025-03-15 09:50:18,555 - INFO - Epoch 1438/1500, PSNR: 25.592130, SSIM: 0.836392, LR: 7.576e-05
2025-03-15 09:51:06,604 - INFO - Epoch 1439/1500, PSNR: 25.623086, SSIM: 0.836396, LR: 7.374e-05
2025-03-15 09:51:54,444 - INFO - Epoch 1440/1500, PSNR: 25.605222, SSIM: 0.837051, LR: 7.174e-05
2025-03-15 09:52:42,696 - INFO - Epoch 1441/1500, PSNR: 25.507878, SSIM: 0.835847, LR: 6.975e-05
2025-03-15 09:53:30,924 - INFO - Epoch 1442/1500, PSNR: 25.610170, SSIM: 0.835250, LR: 6.778e-05
2025-03-15 09:54:19,122 - INFO - Epoch 1443/1500, PSNR: 25.610889, SSIM: 0.836380, LR: 6.582e-05
2025-03-15 09:55:06,771 - INFO - Epoch 1444/1500, PSNR: 25.440777, SSIM: 0.835418, LR: 6.387e-05
2025-03-15 09:55:54,362 - INFO - Epoch 1445/1500, PSNR: 25.637582, SSIM: 0.835922, LR: 6.194e-05
2025-03-15 09:56:42,433 - INFO - Epoch 1446/1500, PSNR: 25.698001, SSIM: 0.836551, LR: 6.003e-05
2025-03-15 09:57:30,588 - INFO - Epoch 1447/1500, PSNR: 25.596149, SSIM: 0.836924, LR: 5.813e-05
2025-03-15 09:58:18,801 - INFO - Epoch 1448/1500, PSNR: 25.606468, SSIM: 0.836589, LR: 5.626e-05
2025-03-15 09:59:07,089 - INFO - Epoch 1449/1500, PSNR: 25.640594, SSIM: 0.835745, LR: 5.440e-05
2025-03-15 09:59:55,194 - INFO - Epoch 1450/1500, PSNR: 25.745378, SSIM: 0.837944, LR: 5.257e-05
2025-03-15 10:00:43,501 - INFO - Epoch 1451/1500, PSNR: 25.639988, SSIM: 0.837153, LR: 5.075e-05
2025-03-15 10:01:31,477 - INFO - Epoch 1452/1500, PSNR: 25.483213, SSIM: 0.836218, LR: 4.896e-05
2025-03-15 10:02:19,763 - INFO - Epoch 1453/1500, PSNR: 25.630609, SSIM: 0.836299, LR: 4.719e-05
2025-03-15 10:03:08,148 - INFO - Epoch 1454/1500, PSNR: 25.550621, SSIM: 0.836025, LR: 4.544e-05
2025-03-15 10:03:56,582 - INFO - Epoch 1455/1500, PSNR: 25.577384, SSIM: 0.836201, LR: 4.371e-05
2025-03-15 10:04:44,943 - INFO - Epoch 1456/1500, PSNR: 25.586062, SSIM: 0.835226, LR: 4.202e-05
2025-03-15 10:05:32,694 - INFO - Epoch 1457/1500, PSNR: 25.618707, SSIM: 0.835835, LR: 4.034e-05
2025-03-15 10:06:20,338 - INFO - Epoch 1458/1500, PSNR: 25.645825, SSIM: 0.836225, LR: 3.870e-05
2025-03-15 10:07:08,418 - INFO - Epoch 1459/1500, PSNR: 25.615639, SSIM: 0.836318, LR: 3.708e-05
2025-03-15 10:07:56,301 - INFO - Epoch 1460/1500, PSNR: 25.692040, SSIM: 0.836825, LR: 3.548e-05
2025-03-15 10:08:44,410 - INFO - Epoch 1461/1500, PSNR: 25.547833, SSIM: 0.836198, LR: 3.392e-05
2025-03-15 10:09:32,974 - INFO - Epoch 1462/1500, PSNR: 25.512906, SSIM: 0.835757, LR: 3.239e-05
2025-03-15 10:10:21,156 - INFO - Epoch 1463/1500, PSNR: 25.508782, SSIM: 0.835611, LR: 3.088e-05
2025-03-15 10:11:09,245 - INFO - Epoch 1464/1500, PSNR: 25.573729, SSIM: 0.835977, LR: 2.941e-05
2025-03-15 10:11:57,022 - INFO - Epoch 1465/1500, PSNR: 25.621909, SSIM: 0.836474, LR: 2.797e-05
2025-03-15 10:12:45,044 - INFO - Epoch 1466/1500, PSNR: 25.488886, SSIM: 0.836187, LR: 2.656e-05
2025-03-15 10:13:32,936 - INFO - Epoch 1467/1500, PSNR: 25.494520, SSIM: 0.836186, LR: 2.518e-05
2025-03-15 10:14:20,609 - INFO - Epoch 1468/1500, PSNR: 25.590931, SSIM: 0.835915, LR: 2.383e-05
2025-03-15 10:15:08,619 - INFO - Epoch 1469/1500, PSNR: 25.618243, SSIM: 0.836433, LR: 2.252e-05
2025-03-15 10:15:56,994 - INFO - Epoch 1470/1500, PSNR: 25.554557, SSIM: 0.835612, LR: 2.125e-05
2025-03-15 10:16:45,242 - INFO - Epoch 1471/1500, PSNR: 25.517371, SSIM: 0.836100, LR: 2.000e-05
2025-03-15 10:17:33,502 - INFO - Epoch 1472/1500, PSNR: 25.577143, SSIM: 0.836592, LR: 1.880e-05
2025-03-15 10:18:22,081 - INFO - Epoch 1473/1500, PSNR: 25.535884, SSIM: 0.836553, LR: 1.762e-05
2025-03-15 10:19:10,088 - INFO - Epoch 1474/1500, PSNR: 25.624611, SSIM: 0.836451, LR: 1.649e-05
2025-03-15 10:19:58,160 - INFO - Epoch 1475/1500, PSNR: 25.650434, SSIM: 0.836348, LR: 1.539e-05
2025-03-15 10:20:46,089 - INFO - Epoch 1476/1500, PSNR: 25.601143, SSIM: 0.836523, LR: 1.433e-05
2025-03-15 10:21:34,176 - INFO - Epoch 1477/1500, PSNR: 25.660202, SSIM: 0.836608, LR: 1.331e-05
2025-03-15 10:22:21,772 - INFO - Epoch 1478/1500, PSNR: 25.648159, SSIM: 0.836619, LR: 1.232e-05
2025-03-15 10:23:09,641 - INFO - Epoch 1479/1500, PSNR: 25.707015, SSIM: 0.837028, LR: 1.138e-05
2025-03-15 10:23:57,411 - INFO - Epoch 1480/1500, PSNR: 25.658793, SSIM: 0.836770, LR: 1.047e-05
2025-03-15 10:24:45,889 - INFO - Epoch 1481/1500, PSNR: 25.642684, SSIM: 0.836412, LR: 9.602e-06
2025-03-15 10:25:34,165 - INFO - Epoch 1482/1500, PSNR: 25.702198, SSIM: 0.836752, LR: 8.775e-06
2025-03-15 10:26:21,931 - INFO - Epoch 1483/1500, PSNR: 25.656892, SSIM: 0.836598, LR: 7.987e-06
2025-03-15 10:27:10,013 - INFO - Epoch 1484/1500, PSNR: 25.659530, SSIM: 0.836512, LR: 7.240e-06
2025-03-15 10:27:58,169 - INFO - Epoch 1485/1500, PSNR: 25.624568, SSIM: 0.836344, LR: 6.535e-06
2025-03-15 10:28:46,189 - INFO - Epoch 1486/1500, PSNR: 25.623967, SSIM: 0.836287, LR: 5.870e-06
2025-03-15 10:29:33,889 - INFO - Epoch 1487/1500, PSNR: 25.640561, SSIM: 0.836498, LR: 5.247e-06
2025-03-15 10:30:22,139 - INFO - Epoch 1488/1500, PSNR: 25.615005, SSIM: 0.836347, LR: 4.665e-06
2025-03-15 10:31:10,091 - INFO - Epoch 1489/1500, PSNR: 25.634119, SSIM: 0.836491, LR: 4.126e-06
2025-03-15 10:31:58,199 - INFO - Epoch 1490/1500, PSNR: 25.620160, SSIM: 0.836460, LR: 3.629e-06
2025-03-15 10:32:45,973 - INFO - Epoch 1491/1500, PSNR: 25.600594, SSIM: 0.836469, LR: 3.174e-06
2025-03-15 10:33:33,464 - INFO - Epoch 1492/1500, PSNR: 25.602760, SSIM: 0.836498, LR: 2.762e-06
2025-03-15 10:34:21,164 - INFO - Epoch 1493/1500, PSNR: 25.606549, SSIM: 0.836505, LR: 2.393e-06
2025-03-15 10:35:09,508 - INFO - Epoch 1494/1500, PSNR: 25.599292, SSIM: 0.836427, LR: 2.067e-06
2025-03-15 10:35:57,869 - INFO - Epoch 1495/1500, PSNR: 25.605287, SSIM: 0.836409, LR: 1.785e-06
2025-03-15 10:36:45,925 - INFO - Epoch 1496/1500, PSNR: 25.604190, SSIM: 0.836379, LR: 1.545e-06
2025-03-15 10:37:33,669 - INFO - Epoch 1497/1500, PSNR: 25.601269, SSIM: 0.836359, LR: 1.349e-06
2025-03-15 10:38:21,713 - INFO - Epoch 1498/1500, PSNR: 25.614167, SSIM: 0.836370, LR: 1.196e-06
2025-03-15 10:39:09,737 - INFO - Epoch 1499/1500, PSNR: 25.617314, SSIM: 0.836389, LR: 1.087e-06
2025-03-15 10:39:57,435 - INFO - Epoch 1500/1500, PSNR: 25.624716, SSIM: 0.836401, LR: 1.022e-06
